Cells,WTDivMeans.Cells.,LateCalls,EarlyCalls,MissedCalls,EctopicCalls,TotalDefects,CC_Dif_pValues,WTCCMeans.Cells.,MutantCCMeans.Cells.
AB,34.9142857142857,0,0,0,0,0,NA,NA,NA
ABa,41.9363636363636,0,0,0,0,0,NA,12.05,14.7
ABal,55.0954545454545,0,0,0,0,0,0.142797702734851,12.2095238095238,7.225
ABala,74.2454545454545,0,0,0,0,0,0.249497459196475,17.4590909090909,16.225
ABalaa,101.718181818182,0,0,0,0,0,0.205047875848633,25.7272727272727,24.575
ABalaaa,135.586363636364,0,0,0,0,0,0.606665075816081,32.1590909090909,31.6
ABalaaaa,179.959090909091,0,0,0,0,0,0.0298879188263725,42.7227272727273,41.025
ABalaaaal,230.536363636364,0,0,0,0,0,0.725127567377059,48.9409090909091,48.375
ABalaaaala,329.247058823529,0,0,0,0,0,0.835799159854135,97.3294117647059,95.65
ABalaaaalal,NA,0,0,0,0,0,NA,NA,NA
ABalaaaalar,NA,0,0,0,0,0,NA,NA,NA
ABalaaaalp,323.577272727273,0,0,0,0,0,0.297313136588872,91.4136363636364,88.95
ABalaaaalpa,NA,0,0,0,0,0,NA,NA,NA
ABalaaaalpp,NA,0,0,0,0,0,NA,NA,NA
ABalaaaar,232,0,0,0,0,0,0.843445750643958,50.3954545454545,50.7
ABalaaaarl,312.536363636364,1,0,0,0,1,0.395279742052077,78.9045454545455,89.05
ABalaaaarla,NA,0,0,0,0,0,NA,NA,NA
ABalaaaarlp,NA,0,0,0,0,0,NA,NA,NA
ABalaaaarr,313.013636363636,1,0,0,0,1,0.55741635563351,79.3954545454545,83.675
ABalaaaarra,NA,0,0,0,0,0,NA,NA,NA
ABalaaaarrp,NA,0,0,0,0,0,NA,NA,NA
ABalaaap,174.35,0,0,0,0,0,0.155002881766373,37.1,35.85
ABalaaapa,224.254545454545,0,0,0,0,0,0.430852858460753,48.2363636363636,47.05
ABalaaapal,297.836363636364,2,0,0,0,2,0.0646138101207611,71.9636363636364,76.85
ABalaaapall,NA,0,0,0,0,0,NA,NA,NA
ABalaaapalr,NA,0,0,0,0,0,NA,NA,NA
ABalaaapar,311.804761904762,0,0,0,0,0,0.814754261956452,86.0714285714286,84.775
ABalaaaparl,NA,0,0,0,0,0,NA,NA,NA
ABalaaaparr,NA,0,0,0,0,0,NA,NA,NA
ABalaaapp,224.531818181818,0,0,0,0,0,0.0474991546355952,48.5090909090909,49.85
ABalaaappl,311.059090909091,0,0,0,0,0,0.781868744914948,84.9227272727273,84.2
ABalaaappll,NA,0,0,0,0,0,NA,NA,NA
ABalaaapplr,NA,0,0,0,0,0,NA,NA,NA
ABalaaappr,298.890909090909,0,0,0,0,0,0.165588818487445,72.7636363636364,76.575
ABalaaapprl,NA,0,0,0,0,0,NA,NA,NA
ABalaaapprr,NA,0,0,0,0,0,NA,NA,NA
ABalaap,135.818181818182,0,0,0,0,0,0.612646514912275,32.3954545454545,31.975
ABalaapa,179.909090909091,0,0,0,0,0,0.528498284243504,42.4318181818182,43.15
ABalaapaa,235.045454545455,0,0,0,0,0,0.123294847783171,53.5181818181818,55.175
ABalaapaaa,333.371428571429,0,0,1,0,1,0.282226613042007,97.3214285714286,99.5
ABalaapaaal,NA,0,0,0,0,0,NA,NA,NA
ABalaapaaar,NA,0,0,0,0,0,NA,NA,NA
ABalaapaap,323.805,0,2,0,0,2,0.252467441052474,87.18,80.075
ABalaapaapa,NA,0,0,0,0,0,NA,NA,NA
ABalaapaapp,NA,0,0,0,0,0,NA,NA,NA
ABalaapap,233.668181818182,0,2,0,0,2,0.379396079164102,52.15,49.6
ABalaapapa,NA,0,0,0,3,3,NA,NA,82.5
ABalaapapaa,NA,0,0,0,0,0,NA,NA,NA
ABalaapapap,NA,0,0,0,0,0,NA,NA,NA
ABalaapapp,308.490909090909,1,0,0,0,1,0.641659047826689,73.1590909090909,75.7
ABalaapappa,NA,0,0,0,0,0,NA,NA,NA
ABalaapappp,NA,0,0,0,0,0,NA,NA,NA
ABalaapp,174,0,0,0,0,0,0.263972256792014,36.4954545454545,37.275
ABalaappa,228.772727272727,0,1,0,0,1,0.617938222911495,53.1545454545455,51.6
ABalaappaa,NA,0,0,0,1,1,NA,NA,91
ABalaappaaa,NA,0,0,0,0,0,NA,NA,NA
ABalaappaap,NA,0,0,0,0,0,NA,NA,NA
ABalaappap,306.718181818182,0,0,0,0,0,0.286259732577869,76.3,72.325
ABalaappapa,NA,0,0,0,0,0,NA,NA,NA
ABalaappapp,NA,0,0,0,0,0,NA,NA,NA
ABalaappp,221.618181818182,1,0,0,0,1,0.68040277079525,46,47.25
ABalaapppa,314.981818181818,0,1,0,0,1,0.734571783532624,91.7136363636364,87.25
ABalaapppaa,NA,0,0,0,0,0,NA,NA,NA
ABalaapppap,NA,0,0,0,0,0,NA,NA,NA
ABalaapppp,288.254545454545,1,0,0,0,1,0.321931277977208,64.9909090909091,77.5
ABalaappppa,405.233333333333,0,0,0,0,0,NA,117.4,NA
ABalaappppaa,NA,0,0,0,0,0,NA,NA,NA
ABalaappppap,NA,0,0,0,0,0,NA,NA,NA
ABalaappppp,NA,0,0,0,0,0,NA,NA,NA
ABalap,101.613636363636,0,0,0,0,0,0.043033618271057,25.6181818181818,24.175
ABalapa,133.718181818182,0,0,0,0,0,0.883204284302719,30.4,30.55
ABalapaa,173.904545454545,0,0,0,0,0,0.123812659792301,38.5727272727273,37.65
ABalapaaa,227.963636363636,0,0,0,0,0,0.562341191774794,52.3863636363636,53.55
ABalapaaaa,347.2,0,0,0,0,0,NA,118.442857142857,126.3
ABalapaaaaa,NA,0,0,0,0,0,NA,NA,NA
ABalapaaaap,NA,0,0,0,0,0,NA,NA,NA
ABalapaaap,300.331818181818,1,0,0,0,1,0.0588769739101508,70.7409090909091,77.175
ABalapaaapa,NA,0,0,0,0,0,NA,NA,NA
ABalapaaapp,NA,0,0,0,0,0,NA,NA,NA
ABalapaap,223.968181818182,0,0,0,0,0,0.868036752492836,48.4045454545455,48.575
ABalapaapa,320.066666666667,1,0,0,0,1,0.138475968210157,94.5142857142857,115.966666666667
ABalapaapaa,NA,0,0,0,0,0,NA,NA,NA
ABalapaapap,NA,0,0,0,0,0,NA,NA,NA
ABalapaapp,290.5,2,0,0,0,2,0.0299138828974199,64.8727272727273,73.35
ABalapaappa,408.366666666667,0,0,0,0,0,NA,117.9,NA
ABalapaappaa,NA,0,0,0,0,0,NA,NA,NA
ABalapaappap,NA,0,0,0,0,0,NA,NA,NA
ABalapaappp,NA,0,0,0,0,0,NA,NA,NA
ABalapap,170.245454545455,0,0,0,0,0,0.620509584983331,34.9045454545455,34.575
ABalapapa,224.504545454545,0,0,0,0,0,0.39506963037459,52.6045454545455,50.875
ABalapapaa,NA,0,0,0,2,2,NA,NA,92.25
ABalapapaaa,NA,0,0,0,0,0,NA,NA,NA
ABalapapaap,NA,0,0,0,0,0,NA,NA,NA
ABalapapap,289.563636363636,1,0,0,0,1,0.136600634513617,63.4318181818182,70.05
ABalapapapa,400.866666666667,0,0,0,0,0,NA,110.366666666667,NA
ABalapapapaa,NA,0,0,0,0,0,NA,NA,NA
ABalapapapap,NA,0,0,0,0,0,NA,NA,NA
ABalapapapp,NA,0,0,0,0,0,NA,NA,NA
ABalapapp,217.336363636364,1,0,0,0,1,0.127448281885017,45.45,48.75
ABalapappa,277.586363636364,1,0,0,0,1,0.456089143757094,58.6454545454545,61
ABalapappaa,399.066666666667,0,0,0,0,0,NA,120.633333333333,NA
ABalapappaaa,NA,0,0,0,0,0,NA,NA,NA
ABalapappaap,NA,0,0,0,0,0,NA,NA,NA
ABalapappap,NA,0,0,0,0,0,NA,NA,NA
ABalapappp,293.05,3,0,0,0,3,0.0499265151602637,74.1045454545455,85.75
ABalapapppa,NA,0,0,0,0,0,NA,NA,NA
ABalapapppp,NA,0,0,0,0,0,NA,NA,NA
ABalapp,133.759090909091,0,0,0,0,0,0.48536722793739,30.45,30.925
ABalappa,177.286363636364,0,0,0,0,0,0.70278444248793,41.8863636363636,41.55
ABalappaa,238.009090909091,0,0,0,0,0,0.333522196017415,59.1,57.925
ABalappaaa,NA,0,0,0,0,0,NA,NA,NA
ABalappaap,337.869230769231,0,2,0,0,2,0.0641836676198906,98.2307692307692,82.95
ABalappaapa,NA,0,0,0,0,0,NA,NA,NA
ABalappaapp,NA,0,0,0,0,0,NA,NA,NA
ABalappap,226.290909090909,0,0,0,0,0,0.411117710423513,47.3681818181818,47.975
ABalappapa,330.76875,0,0,0,0,0,NA,102.86875,92.7
ABalappapaa,NA,0,0,0,0,0,NA,NA,NA
ABalappapap,NA,0,0,0,0,0,NA,NA,NA
ABalappapp,293.595454545455,0,0,0,0,0,0.0552404379225987,65.6863636363636,67.65
ABalappappa,NA,0,0,0,0,0,NA,NA,NA
ABalappappp,NA,0,0,0,0,0,NA,NA,NA
ABalappp,170.627272727273,0,0,0,0,0,0.246772444533407,35.2045454545455,36.2
ABalapppa,217.754545454545,0,0,0,0,0,0.0137314497879238,45.4909090909091,48.575
ABalapppaa,294.031818181818,0,0,0,0,0,0.0820894799487169,74.6545454545455,80.25
ABalapppaaa,NA,0,0,0,0,0,NA,NA,NA
ABalapppaap,NA,0,0,0,0,0,NA,NA,NA
ABalapppap,283.104545454545,1,0,0,0,1,0.238918185317122,63.7363636363636,72.7
ABalapppapa,400.266666666667,0,0,0,0,0,NA,115.2,NA
ABalapppapaa,NA,0,0,0,0,0,NA,NA,NA
ABalapppapap,NA,0,0,0,0,0,NA,NA,NA
ABalapppapp,NA,0,0,0,0,0,NA,NA,NA
ABalapppp,217.604545454545,0,0,0,0,0,0.221887653915151,45.35,48.275
ABalappppa,277.381818181818,0,0,0,0,0,0.803270118620575,58.1409090909091,57.95
ABalappppaa,398.5,0,0,0,0,0,NA,120.033333333333,NA
ABalappppaaa,NA,0,0,0,0,0,NA,NA,NA
ABalappppaap,NA,0,0,0,0,0,NA,NA,NA
ABalappppap,NA,0,0,0,0,0,NA,NA,NA
ABalappppp,289.836363636364,0,0,0,0,0,0.915304151093747,70.6045454545455,70.85
ABalapppppa,NA,0,0,0,0,0,NA,NA,NA
ABalapppppp,NA,0,0,0,0,0,NA,NA,NA
ABalp,74.0136363636364,0,0,0,0,0,0.333786233608794,17.2363636363636,16.225
ABalpa,101.372727272727,0,0,0,0,0,0.242385782595828,25.6136363636364,24.575
ABalpaa,132.75,0,0,0,0,0,0.676159354024475,29.6727272727273,29.325
ABalpaaa,176.472727272727,0,0,0,0,0,0.31666668601452,42.0863636363636,41.15
ABalpaaaa,231.3,0,0,0,0,0,0.0253069223974348,53.1818181818182,55.4
ABalpaaaaa,306.322727272727,1,0,0,0,1,0.251806095338469,73.3818181818182,80.5
ABalpaaaaaa,NA,0,0,0,0,0,NA,NA,NA
ABalpaaaaap,NA,0,0,0,0,0,NA,NA,NA
ABalpaaaap,316.554545454545,1,0,0,0,1,0.937508171311265,83.6136363636364,84.375
ABalpaaaapa,NA,0,0,0,0,0,NA,NA,NA
ABalpaaaapp,NA,0,0,0,0,0,NA,NA,NA
ABalpaaap,229.377272727273,2,0,0,0,2,0.205909940397883,51.2636363636364,54.85
ABalpaaapa,313.97619047619,1,0,0,0,1,0.321322572162372,82.9809523809524,90.65
ABalpaaapaa,NA,0,0,0,0,0,NA,NA,NA
ABalpaaapap,NA,0,0,0,0,0,NA,NA,NA
ABalpaaapp,311.913636363636,2,0,1,0,3,0.317885328573176,80.9409090909091,90.9666666666667
ABalpaaappa,NA,0,0,0,0,0,NA,NA,NA
ABalpaaappp,NA,0,0,0,0,0,NA,NA,NA
ABalpaap,168.786363636364,0,0,0,0,0,0.436338680438729,34.3954545454545,33.55
ABalpaapa,210.736363636364,0,0,0,0,0,0.0168799299246506,40.2954545454545,42.25
ABalpaapaa,283.395454545455,0,0,0,0,0,0.808680312746692,71.0090909090909,71.425
ABalpaapaaa,NA,0,0,0,0,0,NA,NA,NA
ABalpaapaap,NA,0,0,0,0,0,NA,NA,NA
ABalpaapap,261.918181818182,1,0,0,0,1,0.287107342882817,49.5590909090909,52.3
ABalpaapapa,NA,0,0,0,0,0,NA,NA,NA
ABalpaapapp,NA,0,0,0,0,0,NA,NA,NA
ABalpaapp,221.05,0,0,0,0,0,0.333777329318283,50.6227272727273,49.425
ABalpaappa,307.972727272727,0,0,0,0,0,0.68959097914432,85.2772727272727,87.075
ABalpaappaa,NA,0,0,0,0,0,NA,NA,NA
ABalpaappap,NA,0,0,0,0,0,NA,NA,NA
ABalpaappp,296.036363636364,0,0,0,0,0,0.61073138874413,73.3318181818182,74.7
ABalpaapppa,NA,0,0,0,0,0,NA,NA,NA
ABalpaapppp,NA,0,0,0,0,0,NA,NA,NA
ABalpap,132.304545454545,0,0,0,0,0,0.182830312260539,29.2272727272727,28.65
ABalpapa,171.086363636364,0,0,0,0,0,0.68656117343706,37.1318181818182,37.575
ABalpapaa,221.786363636364,0,0,0,0,0,0.0365231219099276,49.0863636363636,50.55
ABalpapaaa,289.545454545455,1,0,0,0,1,0.289241697059596,66.1272727272727,70.625
ABalpapaaaa,NA,0,0,0,0,0,NA,NA,NA
ABalpapaaap,NA,0,0,0,0,0,NA,NA,NA
ABalpapaap,308.922727272727,0,0,0,0,0,0.0424026100738952,85.5045454545455,78.8
ABalpapaapa,NA,0,0,0,0,0,NA,NA,NA
ABalpapaapp,NA,0,0,0,0,0,NA,NA,NA
ABalpapap,220.936363636364,0,0,0,0,0,0.215976386100314,48.2227272727273,49.075
ABalpapapa,289.218181818182,1,0,0,0,1,0.0382541051101168,66.6681818181818,70.825
ABalpapapaa,NA,0,0,0,0,0,NA,NA,NA
ABalpapapap,400.766666666667,0,0,0,0,0,NA,108.633333333333,NA
ABalpapapapa,NA,0,0,0,0,0,NA,NA,NA
ABalpapapapp,NA,0,0,0,0,0,NA,NA,NA
ABalpapapp,300.840909090909,1,1,0,0,2,0.584509759934014,78.2818181818182,74.925
ABalpapappa,NA,0,0,0,0,0,NA,NA,NA
ABalpapappp,NA,0,0,0,0,0,NA,NA,NA
ABalpapp,167.322727272727,0,0,0,0,0,0.0404554063163142,33.3772727272727,34.525
ABalpappa,212.495454545455,0,0,0,0,0,0.0656871711144746,43.5409090909091,42.225
ABalpappaa,290.913636363636,0,0,0,0,0,0.7892049433365,76.7727272727273,76.225
ABalpappaaa,NA,0,0,0,0,0,NA,NA,NA
ABalpappaap,393.666666666667,0,0,0,0,0,NA,102.7,NA
ABalpappaapa,NA,0,0,0,0,0,NA,NA,NA
ABalpappaapp,NA,0,0,0,0,0,NA,NA,NA
ABalpappap,271.745454545455,0,0,0,0,0,0.702777596629964,57.6227272727273,56.8
ABalpappapa,NA,0,0,0,0,0,NA,NA,NA
ABalpappapp,NA,0,0,0,0,0,NA,NA,NA
ABalpappp,212.122727272727,0,0,0,0,0,0.186071454644853,43.1727272727273,45.1
ABalpapppa,322.8,0,0,0,0,0,0.52365441222658,109.145,113.7
ABalpapppaa,NA,0,0,0,0,0,NA,NA,NA
ABalpapppap,NA,0,0,0,0,0,NA,NA,NA
ABalpapppp,264.313636363636,1,0,0,0,1,0.469466927469099,50.5727272727273,52.375
ABalpappppa,NA,0,0,0,0,0,NA,NA,NA
ABalpappppp,NA,0,0,0,0,0,NA,NA,NA
ABalpp,102.118181818182,0,0,0,0,0,0.19393040730724,26.3590909090909,24.55
ABalppa,134.1,0,0,0,0,0,0.464019251417262,30.2636363636364,29.5
ABalppaa,178.031818181818,0,0,0,0,0,0.955795073310895,42.3045454545455,42.375
ABalppaaa,232.568181818182,1,0,0,0,1,0.13893882422181,52.9090909090909,56.1
ABalppaaaa,NA,0,0,0,0,0,NA,NA,NA
ABalppaaap,310.081818181818,0,0,0,0,0,0.886012504510614,75.8636363636364,75.6
ABalppaaapa,NA,0,0,0,0,0,NA,NA,NA
ABalppaaapp,NA,0,0,0,0,0,NA,NA,NA
ABalppaap,230.345454545455,0,0,0,0,0,0.441125592391101,50.6772727272727,51.55
ABalppaapa,NA,0,0,0,0,0,NA,NA,NA
ABalppaapp,307.213636363636,0,0,0,0,0,0.416932150348617,75.2272727272727,72.575
ABalppaappa,NA,0,0,0,0,0,NA,NA,NA
ABalppaappp,NA,0,0,0,0,0,NA,NA,NA
ABalppap,171.172727272727,0,0,0,0,0,0.895303651408341,35.4363636363636,35.35
ABalppapa,219.345454545455,0,0,0,0,0,0.668683952159386,46.5272727272727,46.95
ABalppapaa,303.659090909091,0,0,0,0,0,0.430353196458525,82.6863636363636,80.55
ABalppapaaa,NA,0,0,0,0,0,NA,NA,NA
ABalppapaap,NA,0,0,0,0,0,NA,NA,NA
ABalppapap,297.786363636364,0,0,0,0,0,0.9504775322858,76.8,77
ABalppapapa,NA,0,0,0,0,0,NA,NA,NA
ABalppapapp,NA,0,0,0,0,0,NA,NA,NA
ABalppapp,216.690909090909,0,0,0,0,0,0.610954226743706,43.8909090909091,43.55
ABalppappa,295.186363636364,0,0,0,0,0,0.00210179837911929,76.8590909090909,82.75
ABalppappaa,NA,0,0,0,0,0,NA,NA,NA
ABalppappap,NA,0,0,0,0,0,NA,NA,NA
ABalppappp,285.35,0,0,0,0,0,0.598588597979774,67.0090909090909,67.9
ABalppapppa,409.933333333333,0,0,0,0,0,NA,124.366666666667,NA
ABalppapppaa,NA,0,0,0,0,0,NA,NA,NA
ABalppapppap,NA,0,0,0,0,0,NA,NA,NA
ABalppapppp,NA,0,0,0,0,0,NA,NA,NA
ABalppp,132.763636363636,0,0,0,0,0,0.478461238307531,28.9318181818182,28.275
ABalpppa,172.086363636364,0,0,0,0,0,0.318487336896588,37.6545454545455,38.45
ABalpppaa,225.804545454545,0,0,0,0,0,0.0420811777335395,52.0727272727273,54.075
ABalpppaaa,312.359090909091,0,0,0,0,0,0.581572837108835,84.9454545454546,86.575
ABalpppaaaa,NA,0,0,0,0,0,NA,NA,NA
ABalpppaaap,NA,0,0,0,0,0,NA,NA,NA
ABalpppaap,316.868181818182,0,0,0,0,0,0.0796720631448785,89.4454545454545,84.175
ABalpppaapd,NA,0,0,0,0,0,NA,NA,NA
ABalpppaapv,NA,0,0,0,0,0,NA,NA,NA
ABalpppap,218.618181818182,1,0,0,0,1,0.183456008759921,44.8863636363636,47.075
ABalpppapa,297.1,1,0,0,0,1,0.0404602029716331,76.8409090909091,85.175
ABalpppapad,NA,0,0,0,0,0,NA,NA,NA
ABalpppapav,NA,0,0,0,0,0,NA,NA,NA
ABalpppapp,285.6,1,0,0,0,1,0.471903370749857,65.1380952380952,67.175
ABalpppappa,NA,0,0,0,0,0,NA,NA,NA
ABalpppappp,372.6,0,0,0,0,0,NA,85.05,NA
ABalpppapppa,NA,0,0,0,0,0,NA,NA,NA
ABalpppapppp,NA,0,0,0,0,0,NA,NA,NA
ABalpppp,167.968181818182,0,0,0,0,0,0.0443150126422,33.5454545454545,34.575
ABalppppa,217.1,0,0,0,0,0,0.221567850524744,47.5045454545455,46.5
ABalppppaa,296.240909090909,0,0,0,0,0,0.32251826825477,77.5090909090909,79.825
ABalppppaad,NA,0,0,0,0,0,NA,NA,NA
ABalppppaav,NA,0,0,0,0,0,NA,NA,NA
ABalppppap,288.909090909091,0,0,0,0,0,0.55873838273408,70.1681818181818,71.625
ABalppppapa,395.133333333333,0,0,0,0,0,NA,108,NA
ABalppppapaa,NA,0,0,0,0,0,NA,NA,NA
ABalppppapap,NA,0,0,0,0,0,NA,NA,NA
ABalppppapp,NA,0,0,0,0,0,NA,NA,NA
ABalppppp,210.231818181818,0,0,0,0,0,0.470782797096907,40.6409090909091,39.8
ABalpppppa,285.018181818182,0,0,0,0,0,0.279483534740322,73.1363636363636,74.875
ABalpppppaa,NA,0,0,0,0,0,NA,NA,NA
ABalpppppap,NA,0,0,0,0,0,NA,NA,NA
ABalpppppp,262.777272727273,1,0,0,0,1,0.189156391211053,50.9090909090909,53.35
ABalppppppa,347.233333333333,0,0,0,0,0,0.488930528600674,83.1,85.1
ABalppppppaa,NA,0,0,0,0,0,NA,NA,NA
ABalppppppap,NA,0,0,0,0,0,NA,NA,NA
ABalppppppp,337.209090909091,1,0,0,0,1,0.519919968981018,73.6727272727273,82
ABalpppppppa,NA,0,0,0,0,0,NA,NA,NA
ABalpppppppp,NA,0,0,0,0,0,NA,NA,NA
ABar,55.1727272727273,0,0,0,0,0,0.1379089434176,12.2952380952381,7.225
ABara,73.95,0,0,0,0,0,0.0769559021205405,17.0909090909091,15.8
ABaraa,101.086363636364,0,0,0,0,0,0.575523201972629,25.3909090909091,24.65
ABaraaa,133.931818181818,0,0,0,0,0,0.291049961267525,31.1454545454545,30.525
ABaraaaa,178.377272727273,0,0,0,0,0,0.966429805575206,42.7909090909091,42.725
ABaraaaaa,231.45,0,0,0,0,0,0.611960778193301,51.4409090909091,52.15
ABaraaaaaa,313.504545454545,0,0,0,0,0,0.626386588631634,80.4136363636364,78.575
ABaraaaaaaa,NA,0,0,0,0,0,NA,NA,NA
ABaraaaaaap,NA,0,0,0,0,0,NA,NA,NA
ABaraaaaap,313.072727272727,0,0,0,0,0,0.875514794938901,79.9772727272727,80.6
ABaraaaaapa,NA,0,0,0,0,0,NA,NA,NA
ABaraaaaapp,NA,0,0,0,0,0,NA,NA,NA
ABaraaaap,237.359090909091,0,0,0,0,0,0.906809688999633,57.3409090909091,57.55
ABaraaaapa,329.044444444444,0,0,0,0,0,0.484107645195947,90.6722222222222,95.5
ABaraaaapaa,NA,0,0,0,0,0,NA,NA,NA
ABaraaaapap,NA,0,0,0,0,0,NA,NA,NA
ABaraaaapp,NA,0,0,0,0,0,NA,NA,NA
ABaraaap,170.472727272727,0,0,0,0,0,0.31108484327738,34.8636363636364,36.325
ABaraaapa,213.413636363636,0,0,0,0,0,0.31803857985243,41.3136363636364,41.925
ABaraaapaa,289.895454545455,0,0,0,0,0,0.274910383760027,74.8772727272727,77.325
ABaraaapaaa,NA,0,0,0,0,0,NA,NA,NA
ABaraaapaap,NA,0,0,0,0,0,NA,NA,NA
ABaraaapap,272.6,0,0,0,0,0,0.0395694406102315,57.5818181818182,59.95
ABaraaapapa,NA,0,0,0,0,0,NA,NA,NA
ABaraaapapp,NA,0,0,0,0,0,NA,NA,NA
ABaraaapp,224.281818181818,0,0,0,0,0,0.207093331022164,52.1863636363636,53.7
ABaraaappa,313.331818181818,0,0,0,0,0,0.445015992028962,87.4090909090909,89
ABaraaappaa,NA,0,0,0,0,0,NA,NA,NA
ABaraaappap,NA,0,0,0,0,0,NA,NA,NA
ABaraaappp,301.45,0,0,0,0,0,0.743781543189018,75.5227272727273,76.425
ABaraaapppa,NA,0,0,0,0,0,NA,NA,NA
ABaraaapppp,NA,0,0,0,0,0,NA,NA,NA
ABaraap,132.868181818182,0,0,0,0,0,0.933734899340073,30.0772727272727,30.15
ABaraapa,172.109090909091,0,0,0,0,0,0.865968336098539,37.5772727272727,37.675
ABaraapaa,221.163636363636,0,0,0,0,0,0.950722630103048,47.4409090909091,47.475
ABaraapaaa,301.940909090909,0,0,0,0,0,0.588301131341137,79.15,81.675
ABaraapaaaa,NA,0,0,0,0,0,NA,NA,NA
ABaraapaaap,NA,0,0,0,0,0,NA,NA,NA
ABaraapaap,287.318181818182,0,0,0,0,0,0.375870493451281,64.5,66.05
ABaraapaapa,NA,0,0,0,0,0,NA,NA,NA
ABaraapaapp,NA,0,0,0,0,0,NA,NA,NA
ABaraapap,218.290909090909,0,0,0,0,0,0.539005150816048,44.5545454545455,45.225
ABaraapapa,273.372727272727,0,0,0,0,0,0.364159931927587,53.4409090909091,55.65
ABaraapapaa,416.066666666667,0,0,0,0,0,NA,141.933333333333,NA
ABaraapapaad,NA,0,0,0,0,0,NA,NA,NA
ABaraapapaav,NA,0,0,0,0,0,NA,NA,NA
ABaraapapap,NA,0,0,0,0,0,NA,NA,NA
ABaraapapp,311.536363636364,0,0,0,0,0,0.465816401188839,91.6045454545455,96.15
ABaraapappa,NA,0,0,0,0,0,NA,NA,NA
ABaraapappp,NA,0,0,0,0,0,NA,NA,NA
ABaraapp,169.927272727273,0,0,0,0,0,0.966691973378031,35.4,35.375
ABaraappa,217.690909090909,0,0,0,0,0,0.437955408117291,46.1363636363636,47.075
ABaraappaa,301.431818181818,0,0,0,0,0,0.998491853314466,82.1090909090909,82.1
ABaraappaaa,NA,0,0,0,0,0,NA,NA,NA
ABaraappaap,NA,0,0,0,0,0,NA,NA,NA
ABaraappap,282.440909090909,0,0,0,0,0,0.313688399726704,63.1136363636364,64.75
ABaraappapa,NA,0,0,0,0,0,NA,NA,NA
ABaraappapp,NA,0,0,0,0,0,NA,NA,NA
ABaraappp,217.35,0,0,0,0,0,0.651708753536417,45.8045454545455,45.325
ABaraapppa,272.590909090909,1,0,0,0,1,0.159982083474276,53.6181818181818,58.425
ABaraapppaa,NA,0,0,0,0,0,NA,NA,NA
ABaraapppaad,NA,0,0,0,0,0,NA,NA,NA
ABaraapppaav,NA,0,0,0,0,0,NA,NA,NA
ABaraapppap,NA,0,0,0,0,0,NA,NA,NA
ABaraapppp,310.15,1,0,0,0,1,0.430412110800023,91.1818181818182,96.6
ABaraappppa,NA,0,0,0,0,0,NA,NA,NA
ABaraappppp,NA,0,0,0,0,0,NA,NA,NA
ABarap,101.068181818182,0,0,0,0,0,0.722459527504817,25.3772727272727,25
ABarapa,133.113636363636,0,0,0,0,0,0.853428461817266,30.3409090909091,30.15
ABarapaa,172.677272727273,0,0,0,0,0,0.84725213382305,37.9181818181818,38.075
ABarapaaa,227.222727272727,0,0,0,0,0,0.808221010249335,52.8954545454545,53.25
ABarapaaaa,304.709090909091,1,0,0,0,1,0.357524093792252,75.8409090909091,81.025
ABarapaaaaa,NA,0,0,0,0,0,NA,NA,NA
ABarapaaaap,NA,0,0,0,0,0,NA,NA,NA
ABarapaaap,315.309523809524,0,0,0,0,0,0.371031451412065,86.4,90.875
ABarapaaapa,NA,0,0,0,0,0,NA,NA,NA
ABarapaaapp,NA,0,0,0,0,0,NA,NA,NA
ABarapaap,218.386363636364,0,0,0,0,0,0.45317540485093,44.05,44.825
ABarapaapa,313.809090909091,1,0,0,0,1,0.590162428101546,93.7863636363636,99.9666666666667
ABarapaapaa,NA,0,0,0,0,0,NA,NA,NA
ABarapaapap,NA,0,0,0,0,0,NA,NA,NA
ABarapaapp,276.55,1,0,0,0,1,0.188336219540151,56.5181818181818,64.5
ABarapaappa,NA,0,0,0,0,0,NA,NA,NA
ABarapaappp,NA,0,0,0,0,0,NA,NA,NA
ABarapap,168.581818181818,0,0,0,0,0,0.169130568828844,33.8181818181818,34.95
ABarapapa,215.922727272727,0,0,0,0,0,0.423641676733112,45.7,45.1
ABarapapaa,293.413636363636,0,0,0,0,0,0.366171011236237,75.8681818181818,78.925
ABarapapaaa,NA,0,0,0,0,0,NA,NA,NA
ABarapapaap,390,0,0,0,0,0,NA,98.875,NA
ABarapapaapa,NA,0,0,0,0,0,NA,NA,NA
ABarapapaapp,NA,0,0,0,0,0,NA,NA,NA
ABarapapap,282.672727272727,0,0,0,0,0,0.78296031156064,65.1272727272727,66
ABarapapapa,NA,0,0,0,0,0,NA,NA,NA
ABarapapapp,NA,0,0,0,0,0,NA,NA,NA
ABarapapp,211.440909090909,0,0,0,0,0,0.153497977209105,41.2318181818182,42.775
ABarapappa,326.8,1,0,0,0,1,0.326371418745013,113.410526315789,123.3
ABarapappaa,NA,0,0,0,0,0,NA,NA,NA
ABarapappap,NA,0,0,0,0,0,NA,NA,NA
ABarapappp,264.681818181818,0,0,0,0,0,0.213157420594235,51.6272727272727,53.5
ABarapapppa,NA,0,0,0,0,0,NA,NA,NA
ABarapapppp,NA,0,0,0,0,0,NA,NA,NA
ABarapp,133.259090909091,0,0,0,0,0,0.702301346771582,30.4863636363636,30.15
ABarappa,172.540909090909,0,0,0,0,0,0.0706547725464735,37.6363636363636,39.85
ABarappaa,226.777272727273,0,0,0,0,0,0.765623818372182,52.5863636363636,52.125
ABarappaaa,307.763636363636,0,0,0,0,0,0.146690478473676,79.3590909090909,85.7
ABarappaaaa,NA,0,0,0,0,0,NA,NA,NA
ABarappaaap,NA,0,0,0,0,0,NA,NA,NA
ABarappaap,314.109090909091,0,0,0,0,0,0.828528314786885,85.7045454545455,84.7
ABarappaapa,NA,0,0,0,0,0,NA,NA,NA
ABarappaapp,NA,0,0,0,0,0,NA,NA,NA
ABarappap,221.890909090909,0,0,0,0,0,0.282881563966481,47.7136363636364,49.55
ABarappapa,294.054545454545,0,0,0,0,0,0.332208902158758,70.5454545454545,71.825
ABarappapaa,NA,0,0,0,0,0,NA,NA,NA
ABarappapap,406.933333333333,0,0,0,0,0,NA,113.666666666667,NA
ABarappapapa,NA,0,0,0,0,0,NA,NA,NA
ABarappapapp,NA,0,0,0,0,0,NA,NA,NA
ABarappapp,300.095454545455,0,0,0,0,0,0.738981810023894,76.5772727272727,77.575
ABarappappa,NA,0,0,0,0,0,NA,NA,NA
ABarappappp,NA,0,0,0,0,0,NA,NA,NA
ABarappp,169.9,0,0,0,0,0,0.955116553273794,34.9909090909091,34.95
ABarapppa,220.072727272727,0,0,0,0,0,0.12842181282754,48.5636363636364,50.375
ABarapppaa,303.45,0,0,0,0,0,0.0253861766221603,81.7590909090909,84.9
ABarapppaaa,NA,0,0,0,0,0,NA,NA,NA
ABarapppaap,NA,0,0,0,0,0,NA,NA,NA
ABarapppap,298.936363636364,0,0,0,0,0,0.1308772211569,77.2409090909091,79.25
ABarapppapa,NA,0,0,0,0,0,NA,NA,NA
ABarapppapp,NA,0,0,0,0,0,NA,NA,NA
ABarapppp,217.781818181818,0,0,0,0,0,0.730358534157831,46.2636363636364,45.925
ABarappppa,295.140909090909,1,0,0,0,1,0.0596751983878257,75.7136363636364,85.15
ABarappppaa,NA,0,0,0,0,0,NA,NA,NA
ABarappppap,NA,0,0,0,0,0,NA,NA,NA
ABarappppp,285.990909090909,2,0,0,0,2,0.15612765917766,66.5545454545454,71.5
ABarapppppa,407.333333333333,0,0,0,0,0,NA,121.266666666667,NA
ABarapppppaa,NA,0,0,0,0,0,NA,NA,NA
ABarapppppap,NA,0,0,0,0,0,NA,NA,NA
ABarapppppp,NA,0,0,0,0,0,NA,NA,NA
ABarp,73.6409090909091,0,0,0,0,0,0.149086097677175,16.7909090909091,15.8
ABarpa,102.440909090909,0,0,0,0,0,0.200202352588214,27.0545454545455,25.275
ABarpaa,131.463636363636,0,0,0,0,0,0.691109371003207,27.3181818181818,27.575
ABarpaaa,178.540909090909,0,0,0,0,0,0.34431978141072,45.4227272727273,46.9
ABarpaaaa,230.65,0,0,0,0,0,0.20999371717444,50.4909090909091,51.65
ABarpaaaaa,325.611111111111,0,0,0,0,0,0.709903420779667,94.2833333333333,91.2333333333333
ABarpaaaaal,NA,0,0,0,0,0,NA,NA,NA
ABarpaaaaar,NA,0,0,0,0,0,NA,NA,NA
ABarpaaaap,322.642105263158,0,1,0,0,1,0.000417898832115376,91.3684210526316,77.925
ABarpaaaapa,NA,0,0,0,0,0,NA,NA,NA
ABarpaaaapp,NA,0,0,0,0,0,NA,NA,NA
ABarpaaap,236.031818181818,0,0,0,0,0,0.5650786938677,55.8818181818182,56.825
ABarpaaapa,323.505263157895,0,0,0,0,0,0.975511994010647,86.8263157894737,87.0333333333333
ABarpaaapaa,NA,0,0,0,0,0,NA,NA,NA
ABarpaaapap,NA,0,0,0,0,0,NA,NA,NA
ABarpaaapp,NA,0,0,0,0,0,NA,NA,NA
ABarpaap,167.754545454545,0,0,0,0,0,0.00034789524683136,34.6181818181818,37.25
ABarpaapa,214.813636363636,2,0,0,0,2,0.294259173429369,45.4227272727273,48.425
ABarpaapaa,NA,0,0,0,0,0,NA,NA,NA
ABarpaapap,NA,0,0,0,0,0,NA,NA,NA
ABarpaapp,215.227272727273,0,0,0,0,0,0.303613297175875,45.8318181818182,47.725
ABarpaappa,NA,0,0,0,0,0,NA,NA,NA
ABarpaappp,NA,0,0,0,0,0,NA,NA,NA
ABarpap,132.559090909091,0,0,0,0,0,0.729032744478119,28.4090909090909,28.775
ABarpapa,169.713636363636,1,0,0,0,1,0.103179456745711,35.4863636363636,37.7
ABarpapaa,222.05,0,0,0,0,0,0.334086257256629,50.6954545454545,51.525
ABarpapaaa,314.380952380952,0,1,0,0,1,0.198016095258952,90.8857142857143,81
ABarpapaaaa,NA,0,0,0,0,0,NA,NA,NA
ABarpapaaap,NA,0,0,0,0,0,NA,NA,NA
ABarpapaap,286,0,0,0,0,0,0.59723078900823,62.3,61.225
ABarpapaapa,NA,0,0,0,0,0,NA,NA,NA
ABarpapaapp,373.02,0,0,0,0,0,NA,87.1,NA
ABarpapaappa,NA,0,0,0,0,0,NA,NA,NA
ABarpapaappp,NA,0,0,0,0,0,NA,NA,NA
ABarpapap,221.472727272727,0,0,0,0,0,0.162871659066397,50.1363636363636,48.775
ABarpapapa,NA,0,0,0,0,0,NA,NA,NA
ABarpapapp,NA,0,0,0,0,0,NA,NA,NA
ABarpapp,170.404545454545,0,0,0,0,0,0.134900955009862,36.1818181818182,38.075
ABarpappa,226.922727272727,0,0,0,0,0,0.532652867718187,54.8954545454545,53.675
ABarpappaa,NA,0,0,0,0,0,NA,NA,NA
ABarpappap,NA,0,0,0,0,0,NA,NA,NA
ABarpappp,220.531818181818,0,0,0,0,0,0.0669096261430237,48.5,47.5
ABarpapppa,NA,0,0,0,0,0,NA,NA,NA
ABarpapppp,NA,0,0,0,0,0,NA,NA,NA
ABarpp,103.704545454545,0,0,0,0,0,0.812332302884599,28.3272727272727,27.925
ABarppa,133.640909090909,0,0,0,0,0,0.216529162810901,28.2136363636364,27.25
ABarppaa,174.995454545455,1,0,0,0,1,0.0680297276685,39.7045454545455,43.375
ABarppaaa,232.627272727273,0,0,0,0,0,0.397758467677515,56,54.65
ABarppaaaa,NA,0,0,0,0,0,NA,NA,NA
ABarppaaap,NA,0,0,0,0,0,NA,NA,NA
ABarppaap,226.286363636364,0,0,0,0,0,0.885972910897902,49.6545454545455,49.9
ABarppaapa,NA,0,0,0,0,0,NA,NA,NA
ABarppaapp,NA,0,0,0,0,0,NA,NA,NA
ABarppaappa,NA,0,0,0,0,0,NA,NA,NA
ABarppaappp,NA,0,0,0,0,0,NA,NA,NA
ABarppap,176.645454545455,1,0,0,0,1,0.0650462459768214,41.3590909090909,44.575
ABarppapa,233.936363636364,0,0,0,0,0,0.255928226838017,55.6363636363636,54.15
ABarppapaa,NA,0,0,0,0,0,NA,NA,NA
ABarppapap,NA,0,0,0,0,0,NA,NA,NA
ABarppapp,234.813636363636,0,0,0,0,0,0.323928447975192,56.5090909090909,55
ABarppappa,NA,0,0,0,0,0,NA,NA,NA
ABarppappp,NA,0,0,0,0,0,NA,NA,NA
ABarppp,134.336363636364,0,0,0,0,0,0.327917200992628,28.9090909090909,28.025
ABarpppa,173.790909090909,0,0,0,0,0,2.33520502005782e-05,37.7818181818182,40
ABarpppaa,230.122727272727,0,0,0,0,0,0.520858187361034,54.7227272727273,53.625
ABarpppaaa,NA,0,0,0,0,0,NA,NA,NA
ABarpppaap,NA,0,0,0,0,0,NA,NA,NA
ABarpppap,224.763636363636,0,0,0,0,0,0.248158344695461,49.3545454545455,47.775
ABarpppapa,NA,0,0,0,0,0,NA,NA,NA
ABarpppapp,NA,0,0,0,0,0,NA,NA,NA
ABarpppappa,NA,0,0,0,0,0,NA,NA,NA
ABarpppappp,NA,0,0,0,0,0,NA,NA,NA
ABarpppp,176.345454545455,1,0,0,0,1,0.235867787995856,40.3590909090909,42.75
ABarppppa,231.381818181818,0,0,0,0,0,0.496618908336435,53.3954545454545,54.725
ABarppppaa,NA,0,0,0,0,0,NA,NA,NA
ABarppppap,NA,0,0,0,0,0,NA,NA,NA
ABarppppp,232.6,0,0,0,0,0,0.44768136970593,54.6181818181818,55.675
ABarpppppa,NA,0,0,0,0,0,NA,NA,NA
ABarpppppp,NA,0,0,0,0,0,NA,NA,NA
ABp,41.9136363636364,0,0,0,0,0,NA,12.2666666666667,13
ABpl,55.1636363636364,0,0,0,0,0,0.210801322774372,12.2952380952381,7.625
ABpla,73.2727272727273,0,0,0,0,0,0.352827910736175,16.4363636363636,15.8
ABplaa,100.713636363636,0,1,0,0,1,0.0643154514461735,25.6954545454545,23.025
ABplaaa,131.940909090909,0,0,0,0,0,0.542059553440743,29.5318181818182,29.05
ABplaaaa,169.786363636364,2,0,0,0,2,0.142480212212227,36.1681818181818,39.925
ABplaaaaa,223.340909090909,0,0,0,0,0,0.221586415006249,51.9272727272727,50.7
ABplaaaaaa,316.338095238095,0,0,0,0,0,0.210647835644699,91.4238095238095,95.05
ABplaaaaaaa,NA,0,0,0,0,0,NA,NA,NA
ABplaaaaaap,NA,0,0,0,0,0,NA,NA,NA
ABplaaaaap,287.659090909091,0,0,0,0,0,0.292620113704098,62.6772727272727,65.075
ABplaaaaapa,NA,0,0,0,0,0,NA,NA,NA
ABplaaaaapp,379.9,0,0,0,0,0,NA,89.575,NA
ABplaaaaappa,NA,0,0,0,0,0,NA,NA,NA
ABplaaaaappp,NA,0,0,0,0,0,NA,NA,NA
ABplaaaap,221.622727272727,0,0,0,0,0,0.189749585224288,50.2090909090909,52.725
ABplaaaapa,NA,0,0,0,0,0,NA,NA,NA
ABplaaaapp,NA,0,0,0,0,0,NA,NA,NA
ABplaaap,171.354545454545,0,0,0,0,0,0.0310491089370945,37.7409090909091,41.35
ABplaaapa,227.945454545455,1,1,0,0,2,0.839851688876753,54.9818181818182,54.325
ABplaaapaa,NA,0,0,0,0,0,NA,NA,NA
ABplaaapap,NA,0,0,0,0,0,NA,NA,NA
ABplaaapp,221.704545454545,0,0,0,0,0,0.349796038918439,48.7454545454545,50.05
ABplaaappa,NA,0,0,0,0,0,NA,NA,NA
ABplaaappp,NA,0,0,0,0,0,NA,NA,NA
ABplaap,130.940909090909,0,0,0,0,0,0.697650252038101,28.55,28.05
ABplaapa,169.959090909091,0,0,0,0,0,0.234885984851121,37.3318181818182,39
ABplaapaa,221.413636363636,0,0,0,0,0,0.606222349222734,49.8136363636364,48.875
ABplaapaaa,306.077272727273,0,0,0,0,0,0.495678299233546,83.0227272727273,85.025
ABplaapaaaa,NA,0,0,0,0,0,NA,NA,NA
ABplaapaaap,NA,0,0,0,0,0,NA,NA,NA
ABplaapaap,293.6,0,0,0,0,0,0.561729048566269,70.5545454545455,71.225
ABplaapaapa,NA,0,0,0,0,0,NA,NA,NA
ABplaapaapp,NA,0,0,0,0,0,NA,NA,NA
ABplaapap,219.55,0,0,0,0,0,0.69426887641832,47.9590909090909,47.275
ABplaapapa,307.327272727273,0,0,0,0,0,0.703357370346443,86.1318181818182,85.225
ABplaapapaa,NA,0,0,0,0,0,NA,NA,NA
ABplaapapap,NA,0,0,0,0,0,NA,NA,NA
ABplaapapp,284.354545454545,1,0,0,0,1,0.738960023801119,63.1545454545455,64.175
ABplaapappa,NA,0,0,0,0,0,NA,NA,NA
ABplaapappp,388.8,0,0,0,0,0,NA,99.4,NA
ABplaapapppa,NA,0,0,0,0,0,NA,NA,NA
ABplaapapppp,NA,0,0,0,0,0,NA,NA,NA
ABplaapp,166.154545454545,1,0,0,0,1,0.0764691765129296,33.5363636363636,36.3
ABplaappa,220.4,0,0,0,0,0,0.800690613464844,52.6045454545455,51.925
ABplaappaa,NA,0,0,0,0,0,NA,NA,NA
ABplaappap,NA,0,0,0,0,0,NA,NA,NA
ABplaappp,213.240909090909,0,0,0,0,0,0.033188846977265,45.4636363636364,47.75
ABplaapppa,NA,0,0,0,0,0,NA,NA,NA
ABplaapppp,NA,0,0,0,0,0,NA,NA,NA
ABplap,100.795454545455,0,0,0,0,0,0.0610849097448082,25.7818181818182,23.825
ABplapa,131.081818181818,0,0,0,0,0,0.681970148950357,28.5954545454545,28.3
ABplapaa,171.363636363636,0,0,0,0,0,0.375843635826575,38.5954545454545,38.05
ABplapaaa,220.918181818182,0,0,0,0,0,0.940799818056492,47.8954545454545,47.975
ABplapaaaa,301.190909090909,0,0,0,0,0,0.382482023380735,78.6454545454545,80.425
ABplapaaaaa,NA,0,0,0,0,0,NA,NA,NA
ABplapaaaap,418.1,0,0,0,0,0,NA,113.05,NA
ABplapaaaapa,NA,0,0,0,0,0,NA,NA,NA
ABplapaaaapp,NA,0,0,0,0,0,NA,NA,NA
ABplapaaap,298.922727272727,0,0,0,0,0,0.0408983873612528,76.3863636363636,83.725
ABplapaaapa,NA,0,0,0,0,0,NA,NA,NA
ABplapaaapad,NA,0,0,0,0,0,NA,NA,NA
ABplapaaapav,NA,0,0,0,0,0,NA,NA,NA
ABplapaaapp,NA,0,0,0,0,0,NA,NA,NA
ABplapaap,225.65,0,0,0,0,0,0.435962171667181,52.6409090909091,53.925
ABplapaapa,NA,0,0,0,0,0,NA,NA,NA
ABplapaapp,NA,0,0,0,0,0,NA,NA,NA
ABplapap,167.4,0,0,0,0,0,0.650104990575735,34.6363636363636,35.025
ABplapapa,218.240909090909,0,0,0,0,0,0.238311810812372,49.2045454545455,50.825
ABplapapaa,NA,0,0,0,0,0,NA,NA,NA
ABplapapaaa,NA,0,0,0,0,0,NA,NA,NA
ABplapapaap,NA,0,0,0,0,0,NA,NA,NA
ABplapapap,NA,0,0,0,0,0,NA,NA,NA
ABplapapp,214.754545454545,0,0,0,0,0,0.198729412824632,45.7318181818182,46.675
ABplapappa,NA,0,0,0,0,0,NA,NA,NA
ABplapappp,304.152380952381,0,0,0,0,0,0.875003874984296,87.6571428571429,88.25
ABplapapppa,NA,0,0,0,0,0,NA,NA,NA
ABplapapppp,399.5,0,0,0,0,0,NA,91.15,NA
ABplapappppa,NA,0,0,0,0,0,NA,NA,NA
ABplapappppaa,NA,0,0,0,0,0,NA,NA,NA
ABplapappppap,NA,0,0,0,0,0,NA,NA,NA
ABplapappppp,NA,0,0,0,0,0,NA,NA,NA
ABplapp,131.709090909091,0,0,0,0,0,0.766208021862796,29.2272727272727,29.05
ABplappa,170.531818181818,0,0,0,0,0,0.201548344332266,37.15,39.5
ABplappaa,221.25,0,0,0,0,0,0.779748117270011,49.0909090909091,48.775
ABplappaaa,NA,0,0,0,0,0,NA,NA,NA
ABplappaap,NA,0,0,0,0,0,NA,NA,NA
ABplappap,221.05,0,0,0,0,0,0.205812934631967,48.8863636363636,50.85
ABplappapa,NA,0,0,0,0,0,NA,NA,NA
ABplappapp,NA,0,0,0,0,0,NA,NA,NA
ABplappp,173.395454545455,0,0,0,0,0,0.223101313280253,40.0318181818182,41.925
ABplapppa,229.331818181818,0,0,0,0,0,0.156088823146562,54.2772727272727,51
ABplapppaa,325.305,0,0,0,0,0,0.284028399058129,94.63,90.7
ABplapppaaa,NA,0,0,0,0,0,NA,NA,NA
ABplapppaap,NA,0,0,0,0,0,NA,NA,NA
ABplapppap,299.813636363636,0,0,0,0,0,0.660241555637024,68.8909090909091,67.9
ABplapppapa,NA,0,0,0,0,0,NA,NA,NA
ABplapppapp,406.366666666667,0,0,0,0,0,NA,103.333333333333,NA
ABplapppappa,NA,0,0,0,0,0,NA,NA,NA
ABplapppappp,NA,0,0,0,0,0,NA,NA,NA
ABplapppp,228.531818181818,0,1,0,0,1,0.673164986949816,53.4863636363636,52.65
ABplappppa,NA,0,0,0,0,0,NA,NA,NA
ABplappppp,NA,0,0,0,0,0,NA,NA,NA
ABplp,73.7772727272727,0,0,0,0,0,0.110414070060265,16.9363636363636,15.8
ABplpa,101.827272727273,0,0,0,0,0,0.439462973213003,26.2954545454545,25.05
ABplpaa,133.618181818182,0,0,0,0,0,0.957493597832747,30.0954545454545,30.125
ABplpaaa,171.704545454545,0,0,0,0,0,0.517211955124075,36.4136363636364,37.125
ABplpaaaa,219.086363636364,0,0,0,0,0,0.613068280230211,45.7272727272727,46.225
ABplpaaaaa,297.581818181818,1,0,0,0,1,0.13532206283712,76.8409090909091,81.65
ABplpaaaaaa,NA,0,0,0,0,0,NA,NA,NA
ABplpaaaaap,NA,0,0,0,0,0,NA,NA,NA
ABplpaaaap,288.968181818182,0,0,0,0,0,0.229173869968459,68.2272727272727,71.6
ABplpaaaapa,NA,0,0,0,0,0,NA,NA,NA
ABplpaaaapp,NA,0,0,0,0,0,NA,NA,NA
ABplpaaap,220.636363636364,0,0,0,0,0,0.481049707454912,47.2727272727273,46.75
ABplpaaapa,316.314285714286,1,0,0,0,1,0.621317884670863,94.1809523809524,96.975
ABplpaaapaa,NA,0,0,0,0,0,NA,NA,NA
ABplpaaapap,NA,0,0,0,0,0,NA,NA,NA
ABplpaaapp,288.577272727273,0,0,0,0,0,0.725408265322784,66.3181818181818,67.575
ABplpaaappa,401.833333333333,0,0,0,0,0,NA,112.533333333333,NA
ABplpaaappaa,NA,0,0,0,0,0,NA,NA,NA
ABplpaaappap,NA,0,0,0,0,0,NA,NA,NA
ABplpaaappp,NA,0,0,0,0,0,NA,NA,NA
ABplpaap,170.636363636364,0,0,0,0,0,0.889978155211012,35.35,35.25
ABplpaapa,221.395454545455,0,0,0,0,0,0.367467656088426,49.1409090909091,48.125
ABplpaapaa,298.827272727273,0,0,0,0,0,0.704666756580301,75.7909090909091,77.125
ABplpaapaaa,NA,0,0,0,0,0,NA,NA,NA
ABplpaapaap,NA,0,0,0,0,0,NA,NA,NA
ABplpaapap,298.286363636364,0,0,0,0,0,0.027265304358049,75.25,79.525
ABplpaapapa,NA,0,0,0,0,0,NA,NA,NA
ABplpaapapp,NA,0,0,0,0,0,NA,NA,NA
ABplpaapp,217.718181818182,0,0,0,0,0,0.775091292602713,45.4545454545455,45.75
ABplpaappa,292.15,0,0,0,0,0,3.72459215249062e-05,72.8363636363636,76.75
ABplpaappaa,NA,0,0,0,0,0,NA,NA,NA
ABplpaappap,NA,0,0,0,0,0,NA,NA,NA
ABplpaappp,287.731818181818,0,0,0,0,0,0.0449102962112422,68.4,70.2
ABplpaapppa,NA,0,0,0,0,0,NA,NA,NA
ABplpaapppp,399.1,0,0,0,0,0,NA,110.333333333333,NA
ABplpaappppa,NA,0,0,0,0,0,NA,NA,NA
ABplpaappppp,NA,0,0,0,0,0,NA,NA,NA
ABplpap,132.190909090909,0,0,0,0,0,0.942925106085579,28.6727272727273,28.625
ABplpapa,169.918181818182,0,0,0,0,0,0.624208081766137,36.0681818181818,36.45
ABplpapaa,222.981818181818,1,0,0,0,1,0.10733324212101,51.4318181818182,55.75
ABplpapaaa,302.722727272727,0,0,0,0,0,0.290110062320088,78.1090909090909,80.65
ABplpapaaaa,NA,0,0,0,0,0,NA,NA,NA
ABplpapaaap,NA,0,0,0,0,0,NA,NA,NA
ABplpapaap,303.586363636364,0,0,0,0,0,0.715736706281418,78.9727272727273,80.05
ABplpapaapa,NA,0,0,0,0,0,NA,NA,NA
ABplpapaapp,NA,0,0,0,0,0,NA,NA,NA
ABplpapap,219.759090909091,1,0,0,0,1,0.376517666394168,48.2181818181818,50.225
ABplpapapa,290.290909090909,1,0,0,0,1,0.250332234549934,68.8909090909091,72.15
ABplpapapaa,NA,0,0,0,0,0,NA,NA,NA
ABplpapapap,NA,0,0,0,0,0,NA,NA,NA
ABplpapapp,292.25,0,0,0,0,0,0.308962160791446,70.8590909090909,72.15
ABplpapappa,NA,0,0,0,0,0,NA,NA,NA
ABplpapappp,NA,0,0,0,0,0,NA,NA,NA
ABplpapp,167.404545454545,0,0,0,0,0,0.695372211228658,33.5454545454545,34.075
ABplpappa,212.404545454545,0,0,0,0,0,0.699431682655448,43.3727272727273,43.725
ABplpappaa,267.013636363636,0,0,0,0,0,0.437580753166671,52.9545454545455,54.825
ABplpappaaa,NA,0,0,0,0,0,NA,NA,NA
ABplpappaap,NA,0,0,0,0,0,NA,NA,NA
ABplpappap,NA,0,0,0,0,0,NA,NA,NA
ABplpappp,220.822727272727,0,0,0,0,0,0.43389599435829,51.7727272727273,53.175
ABplpapppa,298.372727272727,0,0,0,0,0,0.642774168887583,75.95,77.05
ABplpapppaa,NA,0,0,0,0,0,NA,NA,NA
ABplpapppap,NA,0,0,0,0,0,NA,NA,NA
ABplpapppp,302.945454545455,0,0,0,0,0,0.860977243463579,80.5272727272727,80.925
ABplpappppa,NA,0,0,0,0,0,NA,NA,NA
ABplpappppp,NA,0,0,0,0,0,NA,NA,NA
ABplpp,102.577272727273,0,0,0,0,0,0.127786944077002,27.0590909090909,24.65
ABplppa,135.368181818182,0,0,0,0,0,0.781433767961204,31.0954545454545,31.375
ABplppaa,178.059090909091,0,0,0,0,0,0.0699522928185032,41.0227272727273,39.975
ABplppaaa,233.627272727273,0,0,0,0,0,0.263569254027486,53.9227272727273,52.275
ABplppaaaa,295.904545454545,0,0,0,0,0,0.581282352527217,60.6409090909091,61.4
ABplppaaaaa,NA,0,0,0,0,0,NA,NA,NA
ABplppaaaap,392.125,0,0,0,0,0,NA,94.45,NA
ABplppaaaapa,NA,0,0,0,0,0,NA,NA,NA
ABplppaaaapp,NA,0,0,0,0,0,NA,NA,NA
ABplppaaap,NA,0,0,0,0,0,NA,NA,NA
ABplppaap,230.045454545455,1,0,0,0,1,0.179940085993281,50.3454545454545,52.5
ABplppaapa,315.904761904762,1,0,0,0,1,0.706197275624178,84.552380952381,87.3
ABplppaapaa,NA,0,0,0,0,0,NA,NA,NA
ABplppaapap,NA,0,0,0,0,0,NA,NA,NA
ABplppaapp,308.731818181818,0,0,0,0,0,0.748399835628228,77.05,78.025
ABplppaappa,NA,0,0,0,0,0,NA,NA,NA
ABplppaappp,NA,0,0,0,0,0,NA,NA,NA
ABplppap,174.972727272727,0,0,0,0,0,0.21979000002086,37.9227272727273,36.925
ABplppapa,225.672727272727,0,0,0,0,0,0.767562302260794,49.0727272727273,48.675
ABplppapaa,295.445454545455,1,0,0,0,1,0.228523131139658,68.1136363636364,71.175
ABplppapaaa,NA,0,0,0,0,0,NA,NA,NA
ABplppapaaaa,NA,0,0,0,0,0,NA,NA,NA
ABplppapaaap,NA,0,0,0,0,0,NA,NA,NA
ABplppapaap,NA,0,0,0,0,0,NA,NA,NA
ABplppapap,314.195238095238,0,0,0,0,0,0.498914693259749,87.0809523809524,85.85
ABplppapapa,NA,0,0,0,0,0,NA,NA,NA
ABplppapapp,NA,0,0,0,0,0,NA,NA,NA
ABplppapp,229.672727272727,0,0,0,0,0,0.626207917807856,53.0772727272727,53.775
ABplppappa,308.245454545455,0,0,0,0,0,0.791816979132059,76.9363636363636,76.2
ABplppappaa,NA,0,0,0,0,0,NA,NA,NA
ABplppappap,NA,0,0,0,0,0,NA,NA,NA
ABplppappp,319.055,0,0,0,0,0,0.339648543869185,87.935,85.35
ABplppapppa,NA,0,0,0,0,0,NA,NA,NA
ABplppapppp,NA,0,0,0,0,0,NA,NA,NA
ABplppp,133.804545454545,0,0,0,0,0,0.678767889762114,29.5181818181818,29.05
ABplpppa,171.527272727273,0,0,0,0,0,0.548535017081623,36.0636363636364,36.725
ABplpppaa,222.209090909091,0,0,0,0,0,0.930979339685406,49.0454545454545,49.15
ABplpppaaa,302.695454545455,0,0,0,0,0,0.313908343685575,78.85,81.275
ABplpppaaaa,NA,0,0,0,0,0,NA,NA,NA
ABplpppaaap,NA,0,0,0,0,0,NA,NA,NA
ABplpppaap,299.072727272727,1,0,0,0,1,0.539213409577631,75.2227272727273,77.225
ABplpppaapa,NA,0,0,0,0,0,NA,NA,NA
ABplpppaapaa,NA,0,0,0,0,0,NA,NA,NA
ABplpppaapap,NA,0,0,0,0,0,NA,NA,NA
ABplpppaapp,NA,0,0,0,0,0,NA,NA,NA
ABplpppap,222.354545454545,1,0,0,0,1,0.845074094859535,49.2,49.625
ABplpppapa,277.113636363636,1,0,0,0,1,0.699933055121725,53.1409090909091,54.2
ABplpppapaa,NA,0,0,0,0,0,NA,NA,NA
ABplpppapap,NA,0,0,0,0,0,NA,NA,NA
ABplpppapp,NA,0,0,0,0,0,NA,NA,NA
ABplpppp,170.490909090909,0,0,0,0,0,0.73064862381083,35.0318181818182,35.275
ABplppppa,218.186363636364,0,0,0,0,0,0.523948300996714,46.0727272727273,47.05
ABplppppaa,291.85,0,0,0,0,0,0.844752341680118,72,71.375
ABplppppaaa,NA,0,0,0,0,0,NA,NA,NA
ABplppppaap,NA,0,0,0,0,0,NA,NA,NA
ABplppppap,291.495454545455,0,0,0,0,0,0.376548517505384,71.6772727272727,75.35
ABplppppapa,NA,0,0,0,0,0,NA,NA,NA
ABplppppapp,NA,0,0,0,0,0,NA,NA,NA
ABplppppp,220.963636363636,1,0,0,0,1,0.0144531944579102,48.85,52.975
ABplpppppa,312.075,0,0,0,0,0,0.344572815488057,89.53,92.675
ABplpppppaa,NA,0,0,0,0,0,NA,NA,NA
ABplpppppap,NA,0,0,0,0,0,NA,NA,NA
ABplpppppp,291.868181818182,0,0,0,0,0,0.873295507593019,69.2909090909091,68.575
ABplppppppa,NA,0,0,0,0,0,NA,NA,NA
ABplppppppp,NA,0,0,0,0,0,NA,NA,NA
ABpr,55.2409090909091,0,0,0,0,0,0.204369850321374,12.3809523809524,7.625
ABpra,73.7954545454545,0,0,0,0,0,0.12633631716725,16.8727272727273,15.8
ABpraa,101.013636363636,0,0,0,0,0,0.282412582446965,25.4681818181818,24.225
ABpraaa,133.322727272727,0,0,0,0,0,0.524707677643268,30.6181818181818,29.9
ABpraaaa,175.631818181818,1,0,0,0,1,0.380752609477166,40.6545454545455,42.125
ABpraaaaa,230.931818181818,0,0,0,0,0,0.998580782356065,53.6772727272727,53.675
ABpraaaaaa,315.219047619048,0,0,0,0,0,0.990985576231859,82.8095238095238,82.85
ABpraaaaaaa,NA,0,0,0,0,0,NA,NA,NA
ABpraaaaaap,NA,0,0,0,0,0,NA,NA,NA
ABpraaaaap,325.56,0,0,0,0,0,0.18685361962127,93.39,89.725
ABpraaaaapd,NA,0,0,0,0,0,NA,NA,NA
ABpraaaaapv,NA,0,0,0,0,0,NA,NA,NA
ABpraaaap,222.781818181818,0,0,0,0,0,0.558986539901708,45.5409090909091,46.15
ABpraaaapa,301.690909090909,2,0,0,0,2,0.137554872736326,77.2409090909091,85.525
ABpraaaapad,NA,0,0,0,0,0,NA,NA,NA
ABpraaaapav,NA,0,0,0,0,0,NA,NA,NA
ABpraaaapp,291.65,0,0,0,0,0,0.537997607979096,67.1818181818182,68.275
ABpraaaappa,NA,0,0,0,0,0,NA,NA,NA
ABpraaaappp,383.233333333333,0,0,0,0,0,NA,88.9666666666667,NA
ABpraaaapppa,NA,0,0,0,0,0,NA,NA,NA
ABpraaaapppp,NA,0,0,0,0,0,NA,NA,NA
ABpraaap,171.15,0,0,0,0,0,0.800362094499101,36.1636363636364,35.95
ABpraaapa,222.713636363636,0,0,0,0,0,0.23572859102077,49.95,48.475
ABpraaapaa,307.636363636364,0,0,0,0,0,0.0381002535693814,83.3045454545454,78.7
ABpraaapaad,NA,0,0,0,0,0,NA,NA,NA
ABpraaapaav,NA,0,0,0,0,0,NA,NA,NA
ABpraaapap,297.995454545455,0,0,0,0,0,0.405782072044072,73.6772727272727,72.55
ABpraaapapa,410.65,0,0,0,0,0,NA,113.75,NA
ABpraaapapaa,NA,0,0,0,0,0,NA,NA,NA
ABpraaapapap,NA,0,0,0,0,0,NA,NA,NA
ABpraaapapp,NA,0,0,0,0,0,NA,NA,NA
ABpraaapp,213.577272727273,0,0,0,0,0,0.776628238433622,40.8045454545455,40.45
ABpraaappa,293.95,0,0,0,0,0,0.221526644854266,78.7409090909091,76.725
ABpraaappaa,NA,0,0,0,0,0,NA,NA,NA
ABpraaappap,NA,0,0,0,0,0,NA,NA,NA
ABpraaappp,267.754545454545,0,0,0,0,0,0.800302871198219,52.5454545454545,52.25
ABpraaapppa,358.1375,0,0,0,0,0,NA,87.4875,81.5
ABpraaapppaa,NA,0,0,0,0,0,NA,NA,NA
ABpraaapppap,NA,0,0,0,0,0,NA,NA,NA
ABpraaapppp,347.522222222222,0,1,1,0,2,0.376789315657202,77.5666666666667,72.2
ABpraaappppa,NA,0,0,0,0,0,NA,NA,NA
ABpraaappppp,NA,0,0,0,0,0,NA,NA,NA
ABpraap,131.686363636364,0,0,0,0,0,0.464774794432743,28.9772727272727,28.275
ABpraapa,171.572727272727,0,0,0,0,0,0.507596679470879,38.2136363636364,39.225
ABpraapaa,223.063636363636,0,0,0,0,0,0.053845748293298,49.8818181818182,48.325
ABpraapaaa,306.477272727273,0,0,0,0,0,0.273090469530663,81.7590909090909,83.775
ABpraapaaaa,NA,0,0,0,0,0,NA,NA,NA
ABpraapaaap,NA,0,0,0,0,0,NA,NA,NA
ABpraapaap,294.381818181818,0,0,0,0,0,0.713776922445857,69.6545454545455,69.975
ABpraapaapa,NA,0,0,0,0,0,NA,NA,NA
ABpraapaapp,NA,0,0,0,0,0,NA,NA,NA
ABpraapap,221.359090909091,0,0,0,0,0,0.733985699656526,48.1590909090909,48.6
ABpraapapa,308.490909090909,0,0,0,0,0,0.180408100796252,85.5181818181818,82.6
ABpraapapaa,NA,0,0,0,0,0,NA,NA,NA
ABpraapapap,NA,0,0,0,0,0,NA,NA,NA
ABpraapapp,285.968181818182,0,0,0,0,0,0.568516640146937,62.9636363636364,64.15
ABpraapappa,NA,0,0,0,0,0,NA,NA,NA
ABpraapappp,392.033333333333,0,0,0,0,0,NA,102.133333333333,NA
ABpraapapppa,NA,0,0,0,0,0,NA,NA,NA
ABpraapapppp,NA,0,0,0,0,0,NA,NA,NA
ABpraapp,168.268181818182,0,0,0,0,0,0.044584385865979,34.9136363636364,36.025
ABpraappa,223.877272727273,0,0,0,0,0,0.741431089913699,53.9818181818182,53.7
ABpraappaa,NA,0,0,0,1,1,NA,NA,109.3
ABpraappaaa,NA,0,0,0,0,0,NA,NA,NA
ABpraappaap,NA,0,0,0,0,0,NA,NA,NA
ABpraappap,NA,0,0,0,0,0,NA,NA,NA
ABpraappp,216.590909090909,0,0,0,0,0,0.0027896079118165,46.6909090909091,49.425
ABpraapppa,NA,0,0,0,0,0,NA,NA,NA
ABpraapppp,NA,0,0,0,0,0,NA,NA,NA
ABprap,100.877272727273,0,0,0,0,0,0.463182744448445,25.3318181818182,24.6
ABprapa,131.740909090909,0,0,0,0,0,0.369192731472814,29.1818181818182,28.05
ABprapaa,173.104545454545,0,0,0,0,0,0.799237358477633,39.6954545454545,39.425
ABprapaaa,224.268181818182,0,0,0,0,0,0.0379777312848973,49.55,46.85
ABprapaaaa,306.022727272727,1,0,0,0,1,0.433599196828918,80.1227272727273,82.6
ABprapaaaaa,NA,0,0,0,0,0,NA,NA,NA
ABprapaaaap,418.05,0,0,0,0,0,NA,107.3,NA
ABprapaaaapa,NA,0,0,0,0,0,NA,NA,NA
ABprapaaaapp,NA,0,0,0,0,0,NA,NA,NA
ABprapaaap,302.131818181818,0,0,0,0,0,0.951038082404557,76.2318181818182,76.025
ABprapaaapa,NA,0,0,0,0,0,NA,NA,NA
ABprapaaapad,NA,0,0,0,0,0,NA,NA,NA
ABprapaaapav,NA,0,0,0,0,0,NA,NA,NA
ABprapaaapp,NA,0,0,0,0,0,NA,NA,NA
ABprapaap,228.677272727273,0,0,0,0,0,0.454848555289659,53.9454545454545,52.725
ABprapaapa,NA,0,0,0,0,0,NA,NA,NA
ABprapaapp,NA,0,0,0,0,0,NA,NA,NA
ABprapap,169.304545454545,0,0,0,0,0,0.591196250686693,35.9045454545455,35.625
ABprapapa,221.018181818182,0,0,0,0,0,0.180820039983635,50.0818181818182,48.275
ABprapapaa,NA,0,0,0,0,0,NA,NA,NA
ABprapapaaa,NA,0,0,0,0,0,NA,NA,NA
ABprapapaap,NA,0,0,0,0,0,NA,NA,NA
ABprapapap,NA,0,0,0,0,0,NA,NA,NA
ABprapapp,217.890909090909,0,0,0,0,0,0.0376278767917124,46.9454545454545,45.075
ABprapappa,NA,0,0,0,0,0,NA,NA,NA
ABprapappp,309.286363636364,0,0,0,0,0,0.842520696818902,89.7727272727273,89.175
ABprapapppa,NA,0,0,0,0,0,NA,NA,NA
ABprapapppp,393.95,0,0,0,0,0,NA,86.35,NA
ABprapappppa,NA,0,0,0,0,0,NA,NA,NA
ABprapappppaa,NA,0,0,0,0,0,NA,NA,NA
ABprapappppap,NA,0,0,0,0,0,NA,NA,NA
ABprapappppp,NA,0,0,0,0,0,NA,NA,NA
ABprapp,132.363636363636,0,0,0,0,0,0.667628097786312,29.8090909090909,29.45
ABprappa,173.309090909091,0,0,0,0,0,0.197638080058548,39.2681818181818,41.625
ABprappaa,225.440909090909,0,0,0,0,0,0.246816219443627,50.4636363636364,49.6
ABprappaaa,NA,0,0,0,0,0,NA,NA,NA
ABprappaap,NA,0,0,0,0,0,NA,NA,NA
ABprappap,224.7,0,0,0,0,0,0.652034377767746,49.7181818181818,48.975
ABprappapa,NA,0,0,0,0,0,NA,NA,NA
ABprappapp,NA,0,0,0,0,0,NA,NA,NA
ABprappp,174.977272727273,0,0,0,0,0,0.246958147534599,40.95,42.55
ABprapppa,231.85,0,0,0,0,0,0.0719326830715462,55.2454545454545,52.875
ABprapppaa,331.836842105263,0,0,0,0,0,0.292453695789904,98.6315789473684,92.3333333333333
ABprapppaaa,NA,0,0,0,0,0,NA,NA,NA
ABprapppaap,NA,0,0,0,0,0,NA,NA,NA
ABprapppap,304.709090909091,0,0,0,0,0,0.870358507174604,71.2227272727273,70.8
ABprapppapa,NA,0,0,0,0,0,NA,NA,NA
ABprapppapp,410.566666666667,0,0,0,0,0,NA,103.2,NA
ABprapppappa,NA,0,0,0,0,0,NA,NA,NA
ABprapppappp,NA,0,0,0,0,0,NA,NA,NA
ABprapppp,231.527272727273,0,1,0,0,1,0.252718794204752,54.9136363636364,52.6
ABprappppa,NA,0,0,0,0,0,NA,NA,NA
ABprappppp,NA,0,0,0,0,0,NA,NA,NA
ABprp,74.25,0,0,0,0,0,0.299851742641555,17.3136363636364,16.225
ABprpa,102.109090909091,0,0,0,0,0,0.0403514465559977,26.1227272727273,23.825
ABprpaa,134.013636363636,0,0,0,0,0,0.958164693775513,30.2045454545455,30.25
ABprpaaa,172.140909090909,0,0,0,0,0,0.254377701915621,36.45,36.85
ABprpaaaa,219.85,0,0,0,0,0,0.484117696824657,46.0818181818182,45.575
ABprpaaaaa,300.454545454545,0,0,0,0,0,0.614466539077671,78.9954545454545,77.475
ABprpaaaaaa,NA,0,0,0,0,0,NA,NA,NA
ABprpaaaaap,NA,0,0,0,0,0,NA,NA,NA
ABprpaaaap,290.340909090909,0,0,0,0,0,0.563317172017328,68.8681818181818,70.625
ABprpaaaapa,NA,0,0,0,0,0,NA,NA,NA
ABprpaaaapp,NA,0,0,0,0,0,NA,NA,NA
ABprpaaap,220.804545454545,0,0,0,0,0,0.325552381050334,47.0363636363636,46.025
ABprpaaapa,316.072727272727,0,0,0,0,0,0.284244543620202,93.6181818181818,97.325
ABprpaaapaa,NA,0,0,0,0,0,NA,NA,NA
ABprpaaapap,NA,0,0,0,0,0,NA,NA,NA
ABprpaaapp,289.418181818182,0,0,0,0,0,0.972554392192423,66.9545454545455,66.875
ABprpaaappa,408.4,0,0,0,0,0,NA,119.566666666667,NA
ABprpaaappaa,NA,0,0,0,0,0,NA,NA,NA
ABprpaaappap,NA,0,0,0,0,0,NA,NA,NA
ABprpaaappp,NA,0,0,0,0,0,NA,NA,NA
ABprpaap,170.95,0,0,0,0,0,0.816393484701901,35.2681818181818,35.4
ABprpaapa,222.109090909091,0,0,0,0,0,0.354781592597447,49.5363636363636,48.7
ABprpaapaa,299.827272727273,1,0,0,0,1,0.396449775442233,76.1,79.725
ABprpaapaaa,NA,0,0,0,0,0,NA,NA,NA
ABprpaapaap,NA,0,0,0,0,0,NA,NA,NA
ABprpaapap,299.722727272727,2,0,0,0,2,0.182925245056358,75.9818181818182,82
ABprpaapapa,NA,0,0,0,0,0,NA,NA,NA
ABprpaapapp,NA,0,0,0,0,0,NA,NA,NA
ABprpaapp,218.513636363636,0,0,0,0,0,0.845618434795061,45.9272727272727,46.225
ABprpaappa,292.009090909091,2,0,0,0,2,0.0134752652049276,71.8590909090909,77.25
ABprpaappaa,NA,0,0,0,0,0,NA,NA,NA
ABprpaappap,NA,0,0,0,0,0,NA,NA,NA
ABprpaappp,289.65,2,0,0,0,2,0.171156375236071,69.5,74.1
ABprpaapppa,NA,0,0,0,0,0,NA,NA,NA
ABprpaapppp,393.7,0,0,0,0,0,NA,104.433333333333,NA
ABprpaappppa,NA,0,0,0,0,0,NA,NA,NA
ABprpaappppp,NA,0,0,0,0,0,NA,NA,NA
ABprpap,132.977272727273,0,0,0,0,0,0.723125262187144,29.1590909090909,29.45
ABprpapa,171.186363636364,0,0,0,0,0,0.307363809228019,36.5318181818182,36.025
ABprpapaa,224.513636363636,0,0,0,0,0,0.261568374856968,51.7,50.65
ABprpapaaa,303.522727272727,0,0,0,0,0,0.915590773498928,77.3590909090909,77.1
ABprpapaaaa,NA,0,0,0,0,0,NA,NA,NA
ABprpapaaap,NA,0,0,0,0,0,NA,NA,NA
ABprpapaap,303.663636363636,0,0,0,0,0,0.661862348571485,77.4772727272727,76.1
ABprpapaapa,NA,0,0,0,0,0,NA,NA,NA
ABprpapaapp,NA,0,0,0,0,0,NA,NA,NA
ABprpapap,221.159090909091,1,0,0,0,1,0.751107928041896,48.3363636363636,49.05
ABprpapapa,289.527272727273,0,0,0,0,0,0.676896894076173,66.7363636363636,66.05
ABprpapapaa,NA,0,0,0,0,0,NA,NA,NA
ABprpapapap,NA,0,0,0,0,0,NA,NA,NA
ABprpapapp,291.640909090909,0,0,0,0,0,0.749798697941314,68.8454545454545,69.425
ABprpapappa,NA,0,0,0,0,0,NA,NA,NA
ABprpapappp,NA,0,0,0,0,0,NA,NA,NA
ABprpapp,169.427272727273,0,0,0,0,0,0.607004309543858,34.7954545454545,34.575
ABprpappa,217.672727272727,0,0,0,0,0,0.278231524446042,46.6,47.325
ABprpappaa,286.368181818182,0,0,0,0,0,0.531354399418889,67.0409090909091,67.7
ABprpappaaa,NA,0,0,0,0,0,NA,NA,NA
ABprpappaap,NA,0,0,0,0,0,NA,NA,NA
ABprpappap,288.1,1,0,0,0,1,0.256512966719923,68.7727272727273,71.575
ABprpappapa,NA,0,0,0,0,0,NA,NA,NA
ABprpappapp,NA,0,0,0,0,0,NA,NA,NA
ABprpappp,218.809090909091,0,0,0,0,0,0.845977415371854,47.7363636363636,47.45
ABprpapppa,293.809090909091,1,0,0,0,1,0.0510532111210395,73.3272727272727,80.825
ABprpapppaa,NA,0,0,0,0,0,NA,NA,NA
ABprpapppap,NA,0,0,0,0,0,NA,NA,NA
ABprpapppp,291.381818181818,0,0,0,0,0,0.339889039061473,70.9136363636364,71.9
ABprpappppa,NA,0,0,0,0,0,NA,NA,NA
ABprpappppp,NA,0,0,0,0,0,NA,NA,NA
ABprpp,102.772727272727,0,0,0,0,0,0.161492613444738,26.7954545454545,24.65
ABprppa,135.627272727273,0,0,0,0,0,0.788986684922965,31.1454545454545,30.925
ABprppaa,178.327272727273,0,1,0,0,1,0.213638779240164,41.0227272727273,38.6
ABprppaaa,234.359090909091,0,0,0,0,0,0.380339140201306,54.4409090909091,53.225
ABprppaaaa,297.177272727273,0,0,0,0,0,0.988733029099528,61.1772727272727,61.15
ABprppaaaaa,NA,0,0,0,0,0,NA,NA,NA
ABprppaaaap,387.666666666667,0,0,0,0,0,NA,90.1333333333333,NA
ABprppaaaapa,NA,0,0,0,0,0,NA,NA,NA
ABprppaaaapp,NA,0,0,0,0,0,NA,NA,NA
ABprppaaap,NA,0,0,0,0,0,NA,NA,NA
ABprppaap,229.872727272727,0,0,0,0,0,0.498219631747888,49.95,51.25
ABprppaapa,315.818181818182,0,0,0,0,0,0.520784321356731,84.2954545454545,86.325
ABprppaapaa,NA,0,0,0,0,0,NA,NA,NA
ABprppaapap,NA,0,0,0,0,0,NA,NA,NA
ABprppaapp,307.927272727273,0,0,0,0,0,0.50516693255149,76.4045454545455,78.775
ABprppaappa,NA,0,0,0,0,0,NA,NA,NA
ABprppaappp,NA,0,0,0,0,0,NA,NA,NA
ABprppap,174.75,0,0,0,0,0,0.554839391992516,37.45,36.95
ABprppapa,225.218181818182,0,0,0,0,0,0.565209032481209,48.8318181818182,49.675
ABprppapaa,295.559090909091,0,0,0,0,0,0.716324259564101,68.7227272727273,69.375
ABprppapaaa,NA,0,0,0,0,0,NA,NA,NA
ABprppapaaaa,NA,0,0,0,0,0,NA,NA,NA
ABprppapaaap,NA,0,0,0,0,0,NA,NA,NA
ABprppapaap,NA,0,0,0,0,0,NA,NA,NA
ABprppapap,317.540909090909,0,0,0,0,0,0.83273299663255,90.7136363636364,90.025
ABprppapapa,NA,0,0,0,0,0,NA,NA,NA
ABprppapapp,NA,0,0,0,0,0,NA,NA,NA
ABprppapp,229.818181818182,0,0,0,0,0,0.104187765662897,53.4272727272727,55.525
ABprppappa,308.318181818182,0,0,0,0,0,0.175291633754581,76.85,78.525
ABprppappaa,NA,0,0,0,0,0,NA,NA,NA
ABprppappap,NA,0,0,0,0,0,NA,NA,NA
ABprppappp,322.2,1,0,0,0,1,0.272757904258262,90.7272727272727,95.25
ABprppapppa,NA,0,0,0,0,0,NA,NA,NA
ABprppapppp,NA,0,0,0,0,0,NA,NA,NA
ABprppp,134.040909090909,0,0,0,0,0,0.859564474182289,29.5681818181818,29.45
ABprpppa,172.227272727273,0,0,0,0,0,0.38263209569468,36.5090909090909,35.7
ABprpppaa,223.213636363636,0,0,0,0,0,0.622376796074638,49.3727272727273,50.05
ABprpppaaa,301.695238095238,0,0,0,0,0,0.568259997260719,76.9047619047619,76.075
ABprpppaaaa,NA,0,0,0,0,0,NA,NA,NA
ABprpppaaap,NA,0,0,0,0,0,NA,NA,NA
ABprpppaap,302.963636363636,0,0,0,0,0,0.192145979074793,78.0909090909091,79.975
ABprpppaapa,NA,0,0,0,0,0,NA,NA,NA
ABprpppaapaa,NA,0,0,0,0,0,NA,NA,NA
ABprpppaapap,NA,0,0,0,0,0,NA,NA,NA
ABprpppaapp,NA,0,0,0,0,0,NA,NA,NA
ABprpppap,223.768181818182,0,0,0,0,0,0.705721778792793,49.9227272727273,50.475
ABprpppapa,279.428571428571,1,0,0,0,1,0.444206670889827,54,56.2
ABprpppapaa,NA,0,0,0,0,0,NA,NA,NA
ABprpppapap,NA,0,0,0,0,0,NA,NA,NA
ABprpppapp,NA,0,0,0,0,0,NA,NA,NA
ABprpppp,171.190909090909,0,0,0,0,0,0.740357089487869,35.4772727272727,35.25
ABprppppa,219.2,0,0,0,0,0,0.44719459832918,46.3818181818182,47.725
ABprppppaa,292.859090909091,1,0,0,0,1,0.579996469671989,72.0409090909091,74.05
ABprppppaaa,NA,0,0,0,0,0,NA,NA,NA
ABprppppaap,NA,0,0,0,0,0,NA,NA,NA
ABprppppap,289.8,0,0,0,0,0,0.331532086624867,68.9727272727273,70.975
ABprppppapa,NA,0,0,0,0,0,NA,NA,NA
ABprppppapp,NA,0,0,0,0,0,NA,NA,NA
ABprppppp,221.9,0,0,0,0,0,0.582652346924956,49.0727272727273,50.125
ABprpppppa,308.777272727273,0,0,0,0,0,0.324627214594045,85.2454545454545,90.075
ABprpppppaa,NA,0,0,0,0,0,NA,NA,NA
ABprpppppap,NA,0,0,0,0,0,NA,NA,NA
ABprpppppp,291.713636363636,0,0,0,0,0,0.233395557848943,68.1772727272727,65.7
ABprppppppa,NA,0,0,0,0,0,NA,NA,NA
ABprppppppp,NA,0,0,0,0,0,NA,NA,NA
C,66.4227272727273,0,2,0,0,2,0.0701319741322013,17.8714285714286,13.275
Ca,92.6409090909091,0,0,0,0,0,0.861844832995379,24.5045454545455,24.225
Caa,127.263636363636,0,0,0,0,0,0.42230225892809,32.9045454545455,32.15
Caaa,167.054545454545,0,0,0,0,0,0.910022304045194,38.1227272727273,38.025
Caaaa,218.363636363636,0,0,0,0,0,0.327934297125486,49.6772727272727,51.75
Caaaaa,NA,0,0,0,0,0,NA,NA,NA
Caaaap,NA,0,0,0,0,0,NA,NA,NA
Caaap,214.868181818182,1,0,0,0,1,0.0602573124895687,46.1909090909091,51
Caaapa,NA,0,0,0,0,0,NA,NA,NA
Caaapp,NA,0,0,0,0,0,NA,NA,NA
Caap,174.85,0,0,0,0,0,0.137875245695315,45.9181818181818,48.925
Caapa,304.931818181818,0,0,0,0,0,0.482398026483677,128.45,124.966666666667
Caapaa,NA,0,0,0,0,0,NA,NA,NA
Caapap,NA,0,0,0,0,0,NA,NA,NA
Caapp,230.45,0,0,0,0,0,0.104191287451644,53.9636363636364,57
Caappd,NA,0,0,0,0,0,NA,NA,NA
Caappv,NA,0,0,0,0,0,NA,NA,NA
Cap,132.122727272727,1,0,0,0,1,0.147048269083096,37.7727272727273,41.625
Capa,187.927272727273,0,0,0,0,0,0.54592170837506,54.1454545454545,54.9
Capaa,245.809090909091,0,0,0,0,0,0.594796141826585,56.25,55.275
Capaaa,326.031578947368,0,0,0,0,0,0.028987625674253,79.3789473684211,77.35
Capaaaa,NA,0,0,0,0,0,NA,NA,NA
Capaaap,NA,0,0,0,0,0,NA,NA,NA
Capaap,335.38125,0,0,0,0,0,0.296407393828956,88.84375,85.15
Capaapa,NA,0,0,0,0,0,NA,NA,NA
Capaapp,NA,0,0,0,0,0,NA,NA,NA
Capap,246.740909090909,0,0,0,0,0,0.104694522177886,57.1863636363636,54.375
Capapa,331.505882352941,0,0,0,0,0,0.0603672131941449,84.0352941176471,81.7
Capapaa,NA,0,0,0,0,0,NA,NA,NA
Capapap,NA,0,0,0,0,0,NA,NA,NA
Capapp,342.330769230769,0,0,0,0,0,0.934033185164871,94.8230769230769,95.15
Capappa,NA,0,0,0,0,0,NA,NA,NA
Capappp,NA,0,0,0,0,0,NA,NA,NA
Capp,180.477272727273,0,0,0,0,0,0.383905457522335,46.6863636363636,47.9
Cappa,236.5,0,0,0,0,0,0.191811784625667,54.4,51.125
Cappaa,309.831818181818,0,2,0,0,2,0.22832251173715,71.7045454545455,58.35
Cappaaa,NA,0,0,0,0,0,NA,NA,NA
Cappaap,NA,0,0,0,0,0,NA,NA,NA
Cappap,319.471428571429,0,0,0,0,0,0.625013133811253,81.6333333333333,79.4
Cappapa,NA,0,0,0,0,0,NA,NA,NA
Cappapp,NA,0,0,0,0,0,NA,NA,NA
Cappp,240.836363636364,0,0,0,0,0,0.0760104485798302,58.75,55.25
Capppa,321.53,0,0,0,0,0,0.490529963195584,79.1,74.2
Capppaa,NA,0,0,0,0,0,NA,NA,NA
Capppap,NA,0,0,0,0,0,NA,NA,NA
Capppp,336.38125,0,1,0,0,1,0.439366954360473,93.88125,83.6
Cappppd,NA,0,0,0,0,0,NA,NA,NA
Cappppv,NA,0,0,0,0,0,NA,NA,NA
Cp,92.7818181818182,0,0,0,0,0,0.969379135673024,24.65,24.6
Cpa,126.086363636364,0,0,0,0,0,0.398784468396258,31.5909090909091,30.95
Cpaa,164.390909090909,0,0,0,0,0,0.157519286236406,36.65,35.35
Cpaaa,218.740909090909,1,0,0,0,1,0.136458783197568,52.7318181818182,56.4
Cpaaaa,NA,0,0,0,0,0,NA,NA,NA
Cpaaap,NA,0,0,0,0,0,NA,NA,NA
Cpaap,214.581818181818,1,0,0,0,1,0.108571413676601,48.5772727272727,54.25
Cpaapa,NA,0,0,0,0,0,NA,NA,NA
Cpaapp,NA,0,0,0,0,0,NA,NA,NA
Cpap,166.177272727273,0,0,0,0,0,0.453678620887624,38.4318181818182,37.625
Cpapa,224.409090909091,1,0,0,0,1,0.186183109353226,56.6045454545455,61.8
Cpapaa,NA,0,0,0,0,0,NA,NA,NA
Cpapap,NA,0,0,0,0,0,NA,NA,NA
Cpapp,225.527272727273,0,0,0,0,0,0.231747279255679,57.7136363636364,59.8
Cpappd,NA,0,0,0,0,0,NA,NA,NA
Cpappv,NA,0,0,0,0,0,NA,NA,NA
Cpp,130.2,0,0,0,0,0,0.426646894264106,35.7090909090909,36.75
Cppa,184.663636363636,0,0,0,0,0,0.00852836527817878,52.7818181818182,55.85
Cppaa,243.204545454545,0,0,0,0,0,0.258694361854071,56.9045454545455,54.15
Cppaaa,323.419047619048,0,0,0,0,0,0.231487005627695,78.9047619047619,75.5
Cppaaaa,NA,0,0,0,0,0,NA,NA,NA
Cppaaap,NA,0,0,0,0,0,NA,NA,NA
Cppaap,336.146666666667,0,0,0,0,0,7.58314028449378e-05,92.4733333333333,85.95
Cppaapa,NA,0,0,0,0,0,NA,NA,NA
Cppaapp,NA,0,0,0,0,0,NA,NA,NA
Cppap,244.477272727273,0,0,0,0,0,0.135562004632597,58.1909090909091,54.85
Cppapa,329.652631578947,0,0,0,0,0,0.962484202346671,83.7105263157895,83.55
Cppapaa,NA,0,0,0,0,0,NA,NA,NA
Cppapap,NA,0,0,0,0,0,NA,NA,NA
Cppapp,339.457142857143,0,0,0,0,0,0.65736219841861,93.9071428571429,91.55
Cppappa,NA,0,0,0,0,0,NA,NA,NA
Cppappp,NA,0,0,0,0,0,NA,NA,NA
Cppp,176.777272727273,0,0,0,0,0,0.308422648345197,44.8954545454545,45.825
Cpppa,231.759090909091,0,0,0,0,0,0.968888290604082,53.35,53.45
Cpppaa,302.15,0,0,0,0,0,0.161795181863556,68.7409090909091,73.1666666666667
Cpppaaa,NA,0,0,0,0,0,NA,NA,NA
Cpppaap,NA,0,0,0,0,0,NA,NA,NA
Cpppap,315.918181818182,0,0,0,0,0,0.949570136709304,82.5045454545455,82.3
Cpppapa,NA,0,0,0,0,0,NA,NA,NA
Cpppapp,NA,0,0,0,0,0,NA,NA,NA
Cpppp,236.354545454545,0,1,0,0,1,0.126053521729584,57.9409090909091,54.875
Cppppa,315.981818181818,0,0,0,0,0,0.265370040850596,78,73.8
Cppppaa,NA,0,0,0,0,0,NA,NA,NA
Cppppap,NA,0,0,0,0,0,NA,NA,NA
Cppppp,327.915789473684,0,0,0,0,0,0.240759884484642,89.7263157894737,85.6
Cpppppd,NA,0,0,0,0,0,NA,NA,NA
Cpppppv,NA,0,0,0,0,0,NA,NA,NA
D,112.559090909091,0,0,0,0,0,0.937073660983591,37.2181818181818,37.05
Da,159.836363636364,0,0,0,0,0,0.675225633013378,45.5909090909091,45.15
Daa,212.613636363636,0,0,0,0,0,0.957763436072437,51.1545454545455,51.25
Daaa,275.418181818182,0,0,0,0,0,0.1372793389246,61.15,58.175
Daaaa,NA,0,0,0,0,0,NA,NA,NA
Daaap,NA,0,0,0,0,0,NA,NA,NA
Daap,279.795454545455,0,0,0,0,0,0.773512630803147,65.5272727272727,65.2
Daapa,NA,0,0,0,0,0,NA,NA,NA
Daapp,NA,0,0,0,0,0,NA,NA,NA
Dap,206.918181818182,0,0,0,0,0,0.167939525862054,45.4636363636364,47.3
Dapa,270.404545454545,0,0,0,0,0,0.0582552058192466,61.8636363636364,57.525
Dapaa,NA,0,0,0,0,0,NA,NA,NA
Dapap,NA,0,0,0,0,0,NA,NA,NA
Dapp,266.622727272727,0,0,0,0,0,0.285898040876099,58.0772727272727,55.75
Dappa,350.814285714286,0,0,0,0,0,0.379310573226593,84.9714285714286,86.95
Dappaa,NA,0,0,0,0,0,NA,NA,NA
Dappap,NA,0,0,0,0,0,NA,NA,NA
Dappp,362.228571428571,0,0,0,0,0,NA,96.4,93.5
Dapppa,NA,0,0,0,0,0,NA,NA,NA
Dapppp,NA,0,0,0,0,0,NA,NA,NA
Dp,160.004545454545,0,0,0,0,0,0.636114376712226,45.7545454545455,44.925
Dpa,211.886363636364,0,0,0,0,0,0.875931307228617,50.2727272727273,50.475
Dpaa,277.55,0,0,0,0,0,0.127516422144645,64.0318181818182,60.5
Dpaaa,NA,0,0,0,0,0,NA,NA,NA
Dpaap,NA,0,0,0,0,0,NA,NA,NA
Dpap,279.436363636364,0,0,0,0,0,0.767208209096317,65.9045454545455,65.425
Dpapa,NA,0,0,0,0,0,NA,NA,NA
Dpapp,NA,0,0,0,0,0,NA,NA,NA
Dpp,206.331818181818,0,0,0,0,0,0.148771292554566,44.7136363636364,46.1
Dppa,272.9,0,0,0,0,0,0.0486802052700171,64.9227272727273,61.325
Dppaa,NA,0,0,0,0,0,NA,NA,NA
Dppap,NA,0,0,0,0,0,NA,NA,NA
Dppp,267.563636363636,0,1,0,0,1,0.0603736790524216,59.5863636363636,54.925
Dpppa,351.9375,0,0,0,0,0,0.39038339290015,84.9625,86.95
Dpppaa,NA,0,0,0,0,0,NA,NA,NA
Dpppap,NA,0,0,0,0,0,NA,NA,NA
Dpppp,363.733333333333,0,0,0,0,0,NA,97.8833333333333,98.4
Dppppa,NA,0,0,0,0,0,NA,NA,NA
Dppppp,NA,0,0,0,0,0,NA,NA,NA
E,62.4045454545455,0,0,0,0,0,0.109397651550565,16.6428571428571,12.475
EMS,44.9090909090909,0,0,0,0,0,NA,13.7666666666667,14.7
Ea,106.586363636364,0,0,0,0,0,0.431402298952845,42.4818181818182,43.4
Eal,154.445454545455,0,0,0,0,0,0.718159783067009,46.1454545454545,45.5
Eala,223.15,0,0,0,0,0,0.460461115307734,67.0363636363636,69.075
Ealaa,357.08,0,0,0,0,0,NA,130.88,129.9
Ealaad,NA,0,0,0,0,0,NA,NA,NA
Ealaav,NA,0,0,0,0,0,NA,NA,NA
Ealap,NA,0,0,0,0,0,NA,NA,NA
Ealapa,NA,0,0,0,0,0,NA,NA,NA
Ealapp,NA,0,0,0,0,0,NA,NA,NA
Ealp,225.590909090909,0,0,0,0,0,0.987242849242253,69.4909090909091,69.45
Ealpa,NA,0,0,0,0,0,NA,NA,NA
Ealpp,NA,0,0,0,0,0,NA,NA,NA
Ealppa,NA,0,0,0,0,0,NA,NA,NA
Ealppp,NA,0,0,0,0,0,NA,NA,NA
Ear,155.672727272727,0,0,0,0,0,0.751522635337383,47.3681818181818,46.925
Eara,228.781818181818,0,0,0,0,0,0.690883946418535,71.4545454545455,72.275
Earaa,362.88,0,0,0,0,0,NA,131.36,NA
Earaad,NA,0,0,0,0,0,NA,NA,NA
Earaav,NA,0,0,0,0,0,NA,NA,NA
Earap,NA,0,0,0,0,0,NA,NA,NA
Earapa,NA,0,0,0,0,0,NA,NA,NA
Earapp,NA,0,0,0,0,0,NA,NA,NA
Earp,230.690909090909,0,0,0,0,0,0.852454604163974,73.3909090909091,72.775
Earpa,NA,0,0,0,1,1,NA,NA,87.1
Earpaa,NA,0,0,0,0,0,NA,NA,NA
Earpap,NA,0,0,0,0,0,NA,NA,NA
Earpp,NA,0,0,0,1,1,NA,NA,83.4
Earppa,NA,0,0,0,0,0,NA,NA,NA
Earppp,NA,0,0,0,0,0,NA,NA,NA
Ep,108.586363636364,0,0,0,0,0,0.085628868979463,44.4818181818182,46.325
Epl,158.877272727273,0,0,0,0,0,0.242415573787985,48.5863636363636,50.175
Epla,231.331818181818,0,0,0,0,0,0.466947921538833,70.8090909090909,68.575
Eplaa,NA,0,0,0,0,0,NA,NA,NA
Eplaaa,NA,0,0,0,0,0,NA,NA,NA
Eplaap,NA,0,0,0,0,0,NA,NA,NA
Eplap,NA,0,0,0,0,0,NA,NA,NA
Eplapa,NA,0,0,0,0,0,NA,NA,NA
Eplapp,NA,0,0,0,0,0,NA,NA,NA
Eplp,236.631818181818,0,0,0,0,0,0.0472872842848028,76.1136363636364,72.45
Eplpa,NA,0,0,0,0,0,NA,NA,NA
Eplpaa,NA,0,0,0,0,0,NA,NA,NA
Eplpap,NA,0,0,0,0,0,NA,NA,NA
Eplpp,372.68,0,0,0,0,0,NA,134.18,NA
Eplppa,NA,0,0,0,0,0,NA,NA,NA
Eplppaa,NA,0,0,0,0,0,NA,NA,NA
Eplppap,NA,0,0,0,0,0,NA,NA,NA
Eplppp,NA,0,0,0,0,0,NA,NA,NA
Eplpppa,NA,0,0,0,0,0,NA,NA,NA
Eplpppp,NA,0,0,0,0,0,NA,NA,NA
Epr,159.618181818182,0,0,0,0,0,0.354781453215758,49.3363636363636,48.575
Epra,234.45,0,0,0,0,0,0.843363384787108,73.2090909090909,73.725
Epraa,NA,0,0,0,0,0,NA,NA,NA
Epraaa,NA,0,0,0,0,0,NA,NA,NA
Epraap,NA,0,0,0,0,0,NA,NA,NA
Eprap,NA,0,0,0,0,0,NA,NA,NA
Eprapa,NA,0,0,0,0,0,NA,NA,NA
Eprapp,NA,0,0,0,0,0,NA,NA,NA
Eprp,240.418181818182,0,0,0,0,0,0.158413124238,79.1681818181818,74.95
Eprpa,NA,0,0,0,0,0,NA,NA,NA
Eprpaa,NA,0,0,0,0,0,NA,NA,NA
Eprpap,NA,0,0,0,0,0,NA,NA,NA
Eprpp,385.04,0,0,0,0,0,NA,145.58,NA
Eprppa,NA,0,0,0,0,0,NA,NA,NA
Eprppaa,NA,0,0,0,0,0,NA,NA,NA
Eprppap,NA,0,0,0,0,0,NA,NA,NA
Eprppp,NA,0,0,0,0,0,NA,NA,NA
Eprpppa,NA,0,0,0,0,0,NA,NA,NA
Eprpppp,NA,0,0,0,0,0,NA,NA,NA
MS,61.1409090909091,0,1,0,0,1,0.184808913480826,15.3238095238095,11.475
MSa,84.1090909090909,0,0,0,0,0,0.231832513402576,21.2409090909091,20.3
MSaa,111.881818181818,0,0,0,0,0,0.536904313891392,26.0818181818182,25.225
MSaaa,143.95,0,0,0,0,0,0.974474809180468,30.3772727272727,30.35
MSaaaa,178.05,0,0,0,0,0,0.595902262027002,32.4954545454545,32.125
MSaaaaa,220.081818181818,0,0,0,0,0,0.11978110246759,40.3863636363636,39.375
MSaaaaaa,367.766666666667,0,0,0,0,0,NA,146.216666666667,140.5
MSaaaaaal,NA,0,0,0,0,0,NA,NA,NA
MSaaaaaar,NA,0,0,0,0,0,NA,NA,NA
MSaaaaap,270.468181818182,0,0,0,0,0,0.392299309928277,48.7545454545455,47.45
MSaaaaapa,345.3625,0,0,1,0,1,NA,74.125,NA
MSaaaaapaa,NA,0,0,0,0,0,NA,NA,NA
MSaaaaapap,NA,0,0,0,0,0,NA,NA,NA
MSaaaaapp,NA,0,0,0,0,0,NA,NA,NA
MSaaaap,224.345454545455,0,0,0,0,0,0.176124177950172,44.6545454545455,46.225
MSaaaapa,285.604545454545,0,0,0,0,0,0.349075063147026,59.5863636363636,62.3
MSaaaapaa,NA,0,0,0,0,0,NA,NA,NA
MSaaaapap,NA,0,0,0,0,0,NA,NA,NA
MSaaaapp,299.081818181818,0,0,0,0,0,0.666395949840161,73.0818181818182,74.3
MSaaaappa,NA,0,0,0,0,0,NA,NA,NA
MSaaaappp,NA,0,0,0,0,0,NA,NA,NA
MSaaap,181.8,0,0,0,0,0,0.988644413881696,36.2409090909091,36.25
MSaaapa,221.822727272727,0,0,0,0,0,0.0238043069181132,38.3818181818182,37.075
MSaaapaa,277.213636363636,0,0,0,0,0,0.934260638656058,53.7545454545455,53.925
MSaaapaaa,NA,0,0,0,0,0,NA,NA,NA
MSaaapaap,NA,0,0,0,0,0,NA,NA,NA
MSaaapap,283.972727272727,0,0,0,0,0,0.208942328606748,60.5181818181818,63.775
MSaaapapa,NA,0,0,0,0,0,NA,NA,NA
MSaaapapp,NA,0,0,0,0,0,NA,NA,NA
MSaaapp,257.545454545455,0,0,0,0,0,0.417897028745343,74.1090909090909,72.025
MSaaappa,NA,0,0,0,0,0,NA,NA,NA
MSaaappp,NA,0,0,0,0,0,NA,NA,NA
MSaap,144.077272727273,0,0,0,0,0,0.285670374414057,30.5045454545455,29.525
MSaapa,178.295454545455,0,0,0,0,0,0.495257875427019,32.6,32.1
MSaapaa,219.713636363636,0,0,0,0,0,0.944820870640228,39.8045454545455,39.75
MSaapaaa,280.836363636364,0,0,0,0,0,0.000360486062624605,59.4909090909091,62.1
MSaapaaaa,NA,0,0,0,0,0,NA,NA,NA
MSaapaaap,NA,0,0,0,0,0,NA,NA,NA
MSaapaap,274.886363636364,0,0,0,0,0,0.837591801928663,53.5454545454545,54.025
MSaapaapa,388.075,0,0,0,0,0,NA,113.75,NA
MSaapaapaa,NA,0,0,0,0,0,NA,NA,NA
MSaapaapap,NA,0,0,0,0,0,NA,NA,NA
MSaapaapp,NA,0,0,0,0,0,NA,NA,NA
MSaapap,229.718181818182,0,0,0,0,0,0.556827462788414,49.8045454545455,49.175
MSaapapa,349.8875,0,1,0,0,1,0.331220100504923,118.4625,93.1666666666667
MSaapapaa,NA,0,0,0,0,0,NA,NA,NA
MSaapapap,NA,0,0,0,0,0,NA,NA,NA
MSaapapp,294.436363636364,2,0,0,0,2,0.15451487555191,63.0681818181818,69.8666666666667
MSaapappa,NA,0,0,0,0,0,NA,NA,NA
MSaapappp,NA,0,0,0,0,0,NA,NA,NA
MSaapp,187.695454545455,0,0,0,0,0,0.544117728062888,42.0045454545455,42.7
MSaappa,274.668181818182,0,0,0,0,0,0.658116288908424,85.3363636363636,83.675
MSaappaa,NA,0,0,0,0,0,NA,NA,NA
MSaappap,NA,0,0,0,0,0,NA,NA,NA
MSaappp,264.918181818182,0,0,0,0,0,0.783279577254605,75.5954545454545,74.25
MSaapppa,350.1125,0,1,0,0,1,0.50515454342864,84.85,76.4
MSaapppaa,NA,0,0,0,0,0,NA,NA,NA
MSaapppap,NA,0,0,0,0,0,NA,NA,NA
MSaapppp,375.7,0,0,0,0,0,NA,109.45,103.4
MSaappppa,NA,0,0,0,0,0,NA,NA,NA
MSaappppp,NA,0,0,0,0,0,NA,NA,NA
MSap,114.568181818182,0,1,0,0,1,0.434147103127016,28.7636363636364,27.25
MSapa,148.213636363636,0,0,0,0,0,0.803533086261846,31.95,32.175
MSapaa,187.936363636364,0,0,0,0,0,0.94366581685536,38.0454545454545,38.15
MSapaaa,238.145454545455,0,0,0,0,0,0.989772948499063,48.5818181818182,48.6
MSapaaaa,375.275,0,0,0,0,0,NA,132.575,NA
MSapaaaad,NA,0,0,0,0,0,NA,NA,NA
MSapaaaav,NA,0,0,0,0,0,NA,NA,NA
MSapaaap,NA,0,0,0,0,0,NA,NA,NA
MSapaap,260.004545454545,0,0,0,0,0,0.72825845514307,70.4272727272727,69.275
MSapaapa,NA,0,0,0,0,0,NA,NA,NA
MSapaapp,NA,0,0,0,0,0,NA,NA,NA
MSapap,187.781818181818,0,0,0,0,0,0.706271478377554,37.9045454545455,38.3
MSapapa,238.122727272727,0,0,0,0,0,0.471843820552544,48.7,47.675
MSapapaa,NA,0,0,0,0,0,NA,NA,NA
MSapapaaa,NA,0,0,0,0,0,NA,NA,NA
MSapapaap,NA,0,0,0,0,0,NA,NA,NA
MSapapap,NA,0,0,0,0,0,NA,NA,NA
MSapapp,247.718181818182,1,0,0,0,1,0.6428546561938,58.2863636363636,59.7
MSapappa,NA,0,0,0,0,0,NA,NA,NA
MSapappp,NA,0,0,0,0,0,NA,NA,NA
MSapp,149.004545454545,0,0,0,0,0,0.531559088420926,32.7318181818182,32.025
MSappa,195.145454545455,0,0,0,0,0,0.736435485846943,44.5,45.25
MSappaa,261.527272727273,0,0,0,0,0,0.204175625498121,64.7409090909091,62.1
MSappaaa,NA,0,0,0,0,0,NA,NA,NA
MSappaap,NA,0,0,0,0,0,NA,NA,NA
MSappap,272.204545454545,0,0,0,0,0,0.238191720672338,75.4363636363636,72.025
MSappapa,NA,0,0,0,0,0,NA,NA,NA
MSappapp,NA,0,0,0,0,0,NA,NA,NA
MSappp,198.845454545455,0,0,0,0,0,0.0276391546377191,48.2045454545455,52.425
MSapppa,259.263636363636,0,0,0,0,0,0.6866356500626,58.7818181818182,59.725
MSapppaa,NA,0,0,0,0,0,NA,NA,NA
MSapppap,NA,0,0,0,0,0,NA,NA,NA
MSapppp,264.113636363636,0,0,0,0,0,0.503786302918551,63.6181818181818,65.625
MSappppa,NA,0,0,0,0,0,NA,NA,NA
MSappppp,NA,0,0,0,0,0,NA,NA,NA
MSp,84.4863636363636,0,0,0,0,0,0.00446913348653847,21.6227272727273,19.9
MSpa,112.268181818182,0,0,0,0,0,0.841270545539386,26.1,26
MSpaa,145.286363636364,0,0,0,0,0,0.485466684335055,31.3181818181818,30.35
MSpaaa,179.231818181818,0,0,0,0,0,0.212110381153591,32.3045454545455,31.35
MSpaaaa,220.759090909091,0,0,0,0,0,0.692501804223226,39.8909090909091,39.4
MSpaaaaa,318.87619047619,0,0,0,0,0,0.283929658856016,96.3619047619048,92.4
MSpaaaaaa,NA,0,0,0,0,0,NA,NA,NA
MSpaaaaap,NA,0,0,0,0,0,NA,NA,NA
MSpaaaap,277.009090909091,0,0,0,0,0,0.109736564422042,54.6,56.35
MSpaaaapa,NA,0,0,0,0,0,NA,NA,NA
MSpaaaapp,NA,0,0,0,0,0,NA,NA,NA
MSpaaap,223.822727272727,0,0,0,0,0,0.233893310811756,42.9590909090909,42.075
MSpaaapa,309.713636363636,1,0,0,0,1,0.537674968691231,84.2681818181818,88.7333333333333
MSpaaapaa,NA,0,0,0,0,0,NA,NA,NA
MSpaaapap,NA,0,0,0,0,0,NA,NA,NA
MSpaaapp,279.922727272727,0,0,0,0,0,0.861310731933758,54.4727272727273,54.3
MSpaaappa,NA,0,0,0,0,0,NA,NA,NA
MSpaaappp,NA,0,0,0,0,0,NA,NA,NA
MSpaap,186.172727272727,0,0,0,0,0,0.357532322392927,39.25,37.85
MSpaapa,230.5,0,0,0,0,0,0.975493767638946,42.7045454545455,42.725
MSpaapaa,318.104545454545,0,0,0,0,0,0.960955224425841,85.9727272727273,85.8
MSpaapaaa,NA,0,0,0,0,0,NA,NA,NA
MSpaapaap,NA,0,0,0,0,0,NA,NA,NA
MSpaapap,290.004545454545,0,0,0,0,0,0.607855220523603,57.8681818181818,56.6333333333333
MSpaapapa,NA,0,0,0,0,0,NA,NA,NA
MSpaapapp,NA,0,0,0,0,0,NA,NA,NA
MSpaapp,NA,0,0,0,0,0,NA,NA,NA
MSpap,144.7,0,0,0,0,0,0.474245690000683,30.7272727272727,29.925
MSpapa,179.154545454545,0,0,0,0,0,0.459601044766273,32.8090909090909,32.475
MSpapaa,221.009090909091,0,0,0,0,0,0.147608608920294,40.2454545454545,39.075
MSpapaaa,282.140909090909,0,1,0,0,1,0.436565328355492,59.4954545454545,57.325
MSpapaaaa,NA,0,0,0,0,0,NA,NA,NA
MSpapaaap,NA,0,0,0,0,0,NA,NA,NA
MSpapaap,276.063636363636,0,0,0,0,0,0.815479863731909,53.4,53.6
MSpapaapa,391.4,0,0,0,0,0,NA,115.1,NA
MSpapaapaa,NA,0,0,0,0,0,NA,NA,NA
MSpapaapap,NA,0,0,0,0,0,NA,NA,NA
MSpapaapp,NA,0,0,0,0,0,NA,NA,NA
MSpapap,229.690909090909,0,0,0,0,0,0.541588127831494,48.9090909090909,47.875
MSpapapa,341.608333333333,0,0,0,0,0,0.0497971706478773,110.325,115.8
MSpapapaa,NA,0,0,0,0,0,NA,NA,NA
MSpapapap,NA,0,0,0,0,0,NA,NA,NA
MSpapapp,293.931818181818,0,0,0,0,0,0.569169641171801,62.6045454545455,63.4
MSpapappa,NA,0,0,0,0,0,NA,NA,NA
MSpapappp,NA,0,0,0,0,0,NA,NA,NA
MSpapp,188.477272727273,0,0,0,0,0,0.992366647184352,42.1590909090909,42.175
MSpappa,278.109090909091,1,0,0,0,1,0.184667787913435,88.0090909090909,95.75
MSpappaa,NA,0,0,0,0,0,NA,NA,NA
MSpappap,NA,0,0,0,0,0,NA,NA,NA
MSpappp,261.872727272727,0,0,0,0,0,0.180804323644585,71.7681818181818,75.925
MSpapppa,346.811111111111,0,1,0,0,1,0.350229310057868,84.5222222222222,57.7666666666667
MSpapppaa,NA,0,0,0,0,0,NA,NA,NA
MSpapppap,NA,0,0,0,0,0,NA,NA,NA
MSpapppp,365.533333333333,0,0,0,0,0,0.0235328853402827,102,90.65
MSpappppa,NA,0,0,0,0,0,NA,NA,NA
MSpappppp,NA,0,0,0,0,0,NA,NA,NA
MSpp,114.836363636364,0,0,0,0,0,0.608155187135308,28.65,28.025
MSppa,148.668181818182,0,0,0,0,0,0.374175107168123,32.1363636363636,31.375
MSppaa,188.954545454545,0,0,0,0,0,0.429162196816897,38.6409090909091,39.625
MSppaaa,237.036363636364,0,1,0,0,1,0.563076554406273,46.4363636363636,45.45
MSppaaaa,368.833333333333,0,0,0,0,0,NA,130.25,NA
MSppaaaad,NA,0,0,0,0,0,NA,NA,NA
MSppaaaav,NA,0,0,0,0,0,NA,NA,NA
MSppaaap,NA,0,0,0,0,0,NA,NA,NA
MSppaap,261.681818181818,0,0,0,0,0,0.101862430230576,71.0909090909091,66.3
MSppaapa,NA,0,0,0,0,0,NA,NA,NA
MSppaapp,NA,0,0,0,0,0,NA,NA,NA
MSppap,187.686363636364,0,0,0,0,0,0.123192154499062,37.3727272727273,38.775
MSppapa,237.4,0,0,0,0,0,0.959755716355822,48.0863636363636,48.025
MSppapaa,NA,0,0,0,0,0,NA,NA,NA
MSppapaaa,NA,0,0,0,0,0,NA,NA,NA
MSppapaap,NA,0,0,0,0,0,NA,NA,NA
MSppapap,NA,0,0,0,0,0,NA,NA,NA
MSppapp,247.4,1,0,0,0,1,0.354065789826436,58.0954545454545,60.75
MSppappa,NA,0,0,0,0,0,NA,NA,NA
MSppappp,NA,0,0,0,0,0,NA,NA,NA
MSppp,149.118181818182,0,0,0,0,0,0.192664168617082,32.5818181818182,31.375
MSpppa,192.781818181818,0,0,0,0,0,0.921263409195587,42.0136363636364,41.9
MSpppaa,259.604545454545,0,0,0,0,0,0.328268723730956,65.1772727272727,62.85
MSpppaaa,NA,0,0,0,0,0,NA,NA,NA
MSpppaap,NA,0,0,0,0,0,NA,NA,NA
MSpppap,266.963636363636,0,0,0,0,0,0.642581194703952,72.5409090909091,71.375
MSpppapa,NA,0,0,0,0,0,NA,NA,NA
MSpppapp,NA,0,0,0,0,0,NA,NA,NA
MSpppp,199.127272727273,0,0,0,0,0,0.738617243064287,48.35,48.75
MSppppa,259.981818181818,0,0,0,0,0,0.343058825378024,59.2136363636364,61.325
MSppppaa,NA,0,0,0,0,0,NA,NA,NA
MSppppap,NA,0,0,0,0,0,NA,NA,NA
MSppppp,265.2,0,0,0,0,0,0.886872296323133,64.4409090909091,64.025
MSpppppa,NA,0,0,0,0,0,NA,NA,NA
MSpppppp,NA,0,0,0,0,0,NA,NA,NA
P0,19.4166666666667,0,0,0,0,0,NA,NA,NA
P1,35.5238095238095,0,0,0,0,0,NA,NA,NA
P2,47.5727272727273,0,0,0,0,0,NA,17.85,19.6
P3,73.6227272727273,0,2,0,0,2,0.181462598933082,25.0857142857143,21.2
P4,140.718181818182,0,0,0,0,0,0.383038385979906,65.3818181818182,70.5
Z2,NA,0,0,0,0,0,NA,NA,NA
Z3,NA,0,0,0,0,0,NA,NA,NA
ABplaappppa,NA,0,0,0,0,0,NA,NA,NA
ABplaappppp,NA,0,0,0,0,0,NA,NA,NA
MSpppappa,NA,0,0,0,0,0,NA,NA,NA
MSpppappp,NA,0,0,0,0,0,NA,NA,NA
P,NA,0,0,0,0,0,NA,NA,NA
