Series	Minutes	TPs	nCells	AB	E	MS	C	D
20081128_sulston	1	1	2	1	0	0	0	0
20081128_sulston	2	2	2	1	0	0	0	0
20081128_sulston	3	3	2	1	0	0	0	0
20081128_sulston	4	4	2	1	0	0	0	0
20081128_sulston	5	5	2	1	0	0	0	0
20081128_sulston	6	6	2	1	0	0	0	0
20081128_sulston	7	7	2	1	0	0	0	0
20081128_sulston	8	8	2	1	0	0	0	0
20081128_sulston	9	9	2	1	0	0	0	0
20081128_sulston	10	10	2	1	0	0	0	0
20081128_sulston	11	11	2	1	0	0	0	0
20081128_sulston	12	12	2	1	0	0	0	0
20081128_sulston	13	13	2	1	0	0	0	0
20081128_sulston	14	14	2	1	0	0	0	0
20081128_sulston	15	15	2	1	0	0	0	0
20081128_sulston	16	16	2	1	0	0	0	0
20081128_sulston	17	17	4	2	0	0	0	0
20081128_sulston	18	18	4	2	0	0	0	0
20081128_sulston	19	19	4	2	0	0	0	0
20081128_sulston	20	20	4	2	0	0	0	0
20081128_sulston	21	21	4	2	0	0	0	0
20081128_sulston	22	22	4	2	0	0	0	0
20081128_sulston	23	23	4	2	0	0	0	0
20081128_sulston	24	24	4	2	0	0	0	0
20081128_sulston	25	25	4	2	0	0	0	0
20081128_sulston	26	26	4	2	0	0	0	0
20081128_sulston	27	27	4	2	0	0	0	0
20081128_sulston	28	28	4	2	0	0	0	0
20081128_sulston	29	29	4	2	0	0	0	0
20081128_sulston	30	30	4	2	0	0	0	0
20081128_sulston	31	31	4	2	0	0	0	0
20081128_sulston	32	32	4	2	0	0	0	0
20081128_sulston	33	33	4	2	0	0	0	0
20081128_sulston	34	34	6	4	0	0	0	0
20081128_sulston	35	35	6	4	0	0	0	0
20081128_sulston	36	36	6	4	0	0	0	0
20081128_sulston	37	37	6	4	0	0	0	0
20081128_sulston	38	38	6	4	0	0	0	0
20081128_sulston	39	39	6	4	0	0	0	0
20081128_sulston	40	40	7	4	1	1	0	0
20081128_sulston	41	41	7	4	1	1	0	0
20081128_sulston	42	42	7	4	1	1	0	0
20081128_sulston	43	43	8	4	1	1	1	0
20081128_sulston	44	44	8	4	1	1	1	0
20081128_sulston	45	45	8	4	1	1	1	0
20081128_sulston	46	46	8	4	1	1	1	0
20081128_sulston	47	47	8	4	1	1	1	0
20081128_sulston	48	48	8	4	1	1	1	0
20081128_sulston	49	49	8	4	1	1	1	0
20081128_sulston	50	50	8	4	1	1	1	0
20081128_sulston	51	51	8	4	1	1	1	0
20081128_sulston	52	52	12	8	1	1	1	0
20081128_sulston	53	53	12	8	1	1	1	0
20081128_sulston	54	54	12	8	1	1	1	0
20081128_sulston	55	55	12	8	1	1	1	0
20081128_sulston	56	56	12	8	1	1	1	0
20081128_sulston	57	57	12	8	1	1	1	0
20081128_sulston	58	58	12	8	1	1	1	0
20081128_sulston	59	59	12	8	1	1	1	0
20081128_sulston	60	60	13	8	1	2	1	0
20081128_sulston	61	61	13	8	1	2	1	0
20081128_sulston	62	62	13	8	1	2	1	0
20081128_sulston	63	63	14	8	2	2	1	0
20081128_sulston	64	64	14	8	2	2	1	0
20081128_sulston	65	65	14	8	2	2	1	0
20081128_sulston	66	66	14	8	2	2	1	0
20081128_sulston	67	67	15	8	2	2	2	0
20081128_sulston	68	68	15	8	2	2	2	0
20081128_sulston	69	69	15	8	2	2	2	0
20081128_sulston	70	70	15	8	2	2	2	0
20081128_sulston	71	71	15	8	2	2	2	0
20081128_sulston	72	72	15	8	2	2	2	0
20081128_sulston	73	73	15	8	2	2	2	0
20081128_sulston	74	74	23	16	2	2	2	0
20081128_sulston	75	75	23	16	2	2	2	0
20081128_sulston	76	76	24	16	2	2	2	1
20081128_sulston	77	77	24	16	2	2	2	1
20081128_sulston	78	78	24	16	2	2	2	1
20081128_sulston	79	79	24	16	2	2	2	1
20081128_sulston	80	80	24	16	2	2	2	1
20081128_sulston	81	81	24	16	2	2	2	1
20081128_sulston	82	82	24	16	2	2	2	1
20081128_sulston	83	83	24	16	2	2	2	1
20081128_sulston	84	84	24	16	2	2	2	1
20081128_sulston	85	85	24	16	2	2	2	1
20081128_sulston	86	86	24	16	2	2	2	1
20081128_sulston	87	87	26	16	2	4	2	1
20081128_sulston	88	88	26	16	2	4	2	1
20081128_sulston	89	89	26	16	2	4	2	1
20081128_sulston	90	90	26	16	2	4	2	1
20081128_sulston	91	91	26	16	2	4	2	1
20081128_sulston	92	92	26	16	2	4	2	1
20081128_sulston	93	93	26	16	2	4	2	1
20081128_sulston	94	94	26	16	2	4	2	1
20081128_sulston	95	95	26	16	2	4	2	1
20081128_sulston	96	96	26	16	2	4	2	1
20081128_sulston	97	97	28	16	2	4	4	1
20081128_sulston	98	98	28	16	2	4	4	1
20081128_sulston	99	99	28	16	2	4	4	1
20081128_sulston	100	100	28	16	2	4	4	1
20081128_sulston	101	101	28	16	2	4	4	1
20081128_sulston	102	102	28	16	2	4	4	1
20081128_sulston	103	103	28	16	2	4	4	1
20081128_sulston	104	104	44	32	2	4	4	1
20081128_sulston	105	105	44	32	2	4	4	1
20081128_sulston	106	106	44	32	2	4	4	1
20081128_sulston	107	107	45	32	3	4	4	1
20081128_sulston	108	108	45	32	3	4	4	1
20081128_sulston	109	109	46	32	4	4	4	1
20081128_sulston	110	110	46	32	4	4	4	1
20081128_sulston	111	111	46	32	4	4	4	1
20081128_sulston	112	112	46	32	4	4	4	1
20081128_sulston	113	113	48	32	4	6	4	1
20081128_sulston	114	114	48	32	4	6	4	1
20081128_sulston	115	115	50	32	4	8	4	1
20081128_sulston	116	116	51	32	4	8	4	2
20081128_sulston	117	117	51	32	4	8	4	2
20081128_sulston	118	118	51	32	4	8	4	2
20081128_sulston	119	119	51	32	4	8	4	2
20081128_sulston	120	120	51	32	4	8	4	2
20081128_sulston	121	121	51	32	4	8	4	2
20081128_sulston	122	122	51	32	4	8	4	2
20081128_sulston	123	123	51	32	4	8	4	2
20081128_sulston	124	124	51	32	4	8	4	2
20081128_sulston	125	125	51	32	4	8	4	2
20081128_sulston	126	126	51	32	4	8	4	2
20081128_sulston	127	127	51	32	4	8	4	2
20081128_sulston	128	128	51	32	4	8	4	2
20081128_sulston	129	129	51	32	4	8	4	2
20081128_sulston	130	130	51	32	4	8	4	2
20081128_sulston	131	131	51	32	4	8	4	2
20081128_sulston	132	132	51	32	4	8	4	2
20081128_sulston	133	133	83	64	4	8	4	2
20081128_sulston	134	134	83	64	4	8	4	2
20081128_sulston	135	135	87	64	4	8	8	2
20081128_sulston	136	136	87	64	4	8	8	2
20081128_sulston	137	137	87	64	4	8	8	2
20081128_sulston	138	138	87	64	4	8	8	2
20081128_sulston	139	139	87	64	4	8	8	2
20081128_sulston	140	140	87	64	4	8	8	2
20081128_sulston	141	141	87	64	4	8	8	2
20081128_sulston	142	142	87	64	4	8	8	2
20081128_sulston	143	143	88	64	4	8	8	2
20081128_sulston	144	144	88	64	4	8	8	2
20081128_sulston	145	145	88	64	4	8	8	2
20081128_sulston	146	146	92	64	4	12	8	2
20081128_sulston	147	147	92	64	4	12	8	2
20081128_sulston	148	148	92	64	4	12	8	2
20081128_sulston	149	149	92	64	4	12	8	2
20081128_sulston	150	150	96	64	4	16	8	2
20081128_sulston	151	151	96	64	4	16	8	2
20081128_sulston	152	152	96	64	4	16	8	2
20081128_sulston	153	153	96	64	4	16	8	2
20081128_sulston	154	154	96	64	4	16	8	2
20081128_sulston	155	155	96	64	4	16	8	2
20081128_sulston	156	156	96	64	4	16	8	2
20081128_sulston	157	157	96	64	4	16	8	2
20081128_sulston	158	158	96	64	4	16	8	2
20081128_sulston	159	159	96	64	4	16	8	2
20081128_sulston	160	160	96	64	4	16	8	2
20081128_sulston	161	161	96	64	4	16	8	2
20081128_sulston	162	162	100	64	6	16	8	4
20081128_sulston	163	163	101	64	6	16	9	4
20081128_sulston	164	164	101	64	6	16	9	4
20081128_sulston	165	165	101	64	6	16	9	4
20081128_sulston	166	166	103	64	8	16	9	4
20081128_sulston	167	167	103	64	8	16	9	4
20081128_sulston	168	168	103	64	8	16	9	4
20081128_sulston	169	169	103	64	8	16	9	4
20081128_sulston	170	170	104	64	8	16	10	4
20081128_sulston	171	171	104	64	8	16	10	4
20081128_sulston	172	172	168	128	8	16	10	4
20081128_sulston	173	173	168	128	8	16	10	4
20081128_sulston	174	174	168	128	8	16	10	4
20081128_sulston	175	175	168	128	8	16	10	4
20081128_sulston	176	176	168	128	8	16	10	4
20081128_sulston	177	177	168	128	8	16	10	4
20081128_sulston	178	178	168	128	8	16	10	4
20081128_sulston	179	179	168	128	8	16	10	4
20081128_sulston	180	180	170	128	8	17	11	4
20081128_sulston	181	181	170	128	8	17	11	4
20081128_sulston	182	182	174	128	8	20	12	4
20081128_sulston	183	183	175	128	8	21	12	4
20081128_sulston	184	184	175	128	8	21	12	4
20081128_sulston	185	185	175	128	8	21	12	4
20081128_sulston	186	186	175	128	8	21	12	4
20081128_sulston	187	187	175	128	8	21	12	4
20081128_sulston	188	188	175	128	8	21	12	4
20081128_sulston	189	189	175	128	8	21	12	4
20081128_sulston	190	190	183	128	8	26	15	4
20081128_sulston	191	191	183	128	8	26	15	4
20081128_sulston	192	192	183	128	8	26	15	4
20081128_sulston	193	193	184	128	8	27	15	4
20081128_sulston	194	194	184	128	8	27	15	4
20081128_sulston	195	195	188	128	8	31	15	4
20081128_sulston	196	196	188	128	8	31	15	4
20081128_sulston	197	197	189	128	8	31	16	4
20081128_sulston	198	198	190	128	8	32	16	4
20081128_sulston	199	199	190	128	8	32	16	4
20081128_sulston	200	200	192	128	8	32	16	6
20081128_sulston	201	201	192	128	8	32	16	6
20081128_sulston	202	202	192	128	8	32	16	6
20081128_sulston	203	203	192	128	8	32	16	6
20081128_sulston	204	204	192	128	8	32	16	6
20081128_sulston	205	205	192	128	8	32	16	6
20081128_sulston	206	206	192	128	8	32	16	6
20081128_sulston	207	207	192	128	8	32	16	6
20081128_sulston	208	208	192	128	8	32	16	6
20081128_sulston	209	209	193	128	8	32	16	7
20081128_sulston	210	210	195	129	8	32	16	8
20081128_sulston	211	211	196	130	8	32	16	8
20081128_sulston	212	212	197	131	8	32	16	8
20081128_sulston	213	213	197	131	8	32	16	8
20081128_sulston	214	214	197	131	8	32	16	8
20081128_sulston	215	215	214	147	8	32	17	8
20081128_sulston	216	216	214	147	8	32	17	8
20081128_sulston	217	217	214	147	8	32	17	8
20081128_sulston	218	218	217	149	8	32	18	8
20081128_sulston	219	219	217	149	8	32	18	8
20081128_sulston	220	220	236	166	8	32	20	8
20081128_sulston	221	221	243	173	8	32	20	8
20081128_sulston	222	222	253	183	8	32	20	8
20081128_sulston	223	223	253	183	8	32	20	8
20081128_sulston	224	224	253	183	8	32	20	8
20081128_sulston	225	225	268	198	8	32	20	8
20081128_sulston	226	226	267	198	8	31	20	8
20081128_sulston	227	227	267	198	8	31	20	8
20081128_sulston	228	228	267	198	8	31	20	8
20081128_sulston	229	229	267	198	8	31	20	8
20081128_sulston	230	230	304	232	8	33	21	8
20081128_sulston	231	231	305	233	8	33	21	8
20081128_sulston	232	232	306	234	8	33	21	8
20081128_sulston	233	233	306	234	8	33	21	8
20081128_sulston	234	234	306	234	8	33	21	8
20081128_sulston	235	235	323	244	10	36	23	8
20081128_sulston	236	236	327	244	14	36	23	8
20081128_sulston	237	237	327	244	14	36	23	8
20081128_sulston	238	238	327	244	14	36	23	8
20081128_sulston	239	239	327	244	14	36	23	8
20081128_sulston	240	240	349	255	14	43	27	8
20081128_sulston	241	241	349	255	14	43	27	8
20081128_sulston	242	242	349	255	14	43	27	8
20081128_sulston	243	243	349	255	14	43	27	8
20081128_sulston	244	244	350	255	14	44	27	8
20081128_sulston	245	245	356	256	16	44	30	8
20081128_sulston	246	246	356	256	16	44	30	8
20081128_sulston	247	247	357	256	16	45	30	8
20081128_sulston	248	248	357	256	16	45	30	8
20081128_sulston	249	249	357	256	16	45	30	8
20081128_sulston	250	250	360	256	16	47	31	8
20081128_sulston	251	251	358	254	16	47	31	8
20081128_sulston	252	252	358	254	16	47	31	8
20081128_sulston	253	253	358	254	16	47	31	8
20081128_sulston	254	254	358	254	16	47	31	8
20081128_sulston	255	255	358	254	16	47	31	8
20081128_sulston	256	256	355	251	16	47	31	8
20081128_sulston	257	257	355	251	16	47	31	8
20081128_sulston	258	258	356	252	16	47	31	8
20081128_sulston	259	259	356	252	16	47	31	8
20081128_sulston	260	260	369	256	16	54	31	10
20081128_sulston	261	261	364	251	16	54	31	10
20081128_sulston	262	262	364	251	16	54	31	10
20081128_sulston	263	263	365	251	16	55	31	10
20081128_sulston	264	264	364	251	16	54	31	10
20081128_sulston	265	265	366	252	16	54	31	11
20081128_sulston	266	266	366	252	16	54	31	11
20081128_sulston	267	267	366	252	16	54	31	11
20081128_sulston	268	268	366	252	16	54	31	11
20081128_sulston	269	269	366	252	16	54	31	11
20081128_sulston	270	270	373	253	16	59	31	12
20081128_sulston	271	271	371	251	16	59	31	12
20081128_sulston	272	272	371	251	16	59	31	12
20081128_sulston	273	273	372	251	16	59	31	13
20081128_sulston	274	274	372	251	16	59	31	13
20081128_sulston	275	275	378	253	16	60	31	16
20081128_sulston	276	276	378	253	16	60	31	16
20081128_sulston	277	277	378	253	16	60	31	16
20081128_sulston	278	278	378	253	16	60	31	16
20081128_sulston	279	279	378	253	16	60	31	16
20081128_sulston	280	280	395	266	16	64	31	16
20081128_sulston	281	281	394	265	16	64	31	16
20081128_sulston	282	282	395	265	16	65	31	16
20081128_sulston	283	283	395	265	16	65	31	16
20081128_sulston	284	284	395	265	16	65	31	16
20081128_sulston	285	285	419	287	16	67	31	16
20081128_sulston	286	286	419	287	16	67	31	16
20081128_sulston	287	287	419	287	16	67	31	16
20081128_sulston	288	288	419	287	16	67	31	16
20081128_sulston	289	289	419	287	16	67	31	16
20081128_sulston	290	290	457	321	16	71	31	16
20081128_sulston	291	291	456	321	16	70	31	16
20081128_sulston	292	292	456	321	16	70	31	16
20081128_sulston	293	293	456	321	16	70	31	16
20081128_sulston	294	294	456	321	16	70	31	16
20081128_sulston	295	295	469	334	16	70	31	16
20081128_sulston	296	296	468	334	16	69	31	16
20081128_sulston	297	297	468	335	16	68	31	16
20081128_sulston	298	298	469	336	16	68	31	16
20081128_sulston	299	299	469	336	16	68	31	16
20081128_sulston	300	300	489	353	16	71	31	16
20081128_sulston	301	301	487	353	16	69	31	16
20081128_sulston	302	302	487	353	16	69	31	16
20081128_sulston	303	303	487	353	16	69	31	16
20081128_sulston	304	304	488	354	16	69	31	16
20081128_sulston	305	305	507	372	16	70	31	16
20081128_sulston	306	306	506	371	16	70	31	16
20081128_sulston	307	307	506	371	16	70	31	16
20081128_sulston	308	308	506	371	16	70	31	16
20081128_sulston	309	309	506	371	16	70	31	16
20081128_sulston	310	310	520	383	16	70	33	16
20081128_sulston	311	311	517	380	16	70	33	16
20081128_sulston	312	312	517	380	16	70	33	16
20081128_sulston	313	313	517	380	16	70	33	16
20081128_sulston	314	314	517	380	16	70	33	16
20081128_sulston	315	315	527	390	16	70	33	16
20081128_sulston	316	316	527	390	16	70	33	16
20081128_sulston	317	317	527	390	16	70	33	16
20081128_sulston	318	318	527	390	16	70	33	16
20081128_sulston	319	319	527	390	16	70	33	16
20081128_sulston	320	320	548	404	16	71	39	16
20081128_sulston	321	321	545	401	16	71	39	16
20081128_sulston	322	322	545	401	16	71	39	16
20081128_sulston	323	323	545	401	16	71	39	16
20081128_sulston	324	324	545	401	16	71	39	16
20081128_sulston	325	325	556	409	16	72	41	16
20081128_sulston	326	326	554	407	16	72	41	16
20081128_sulston	327	327	554	407	16	72	41	16
20081128_sulston	328	328	554	407	16	72	41	16
20081128_sulston	329	329	554	407	16	72	41	16
20081128_sulston	330	330	562	409	16	73	46	16
20081128_sulston	331	331	561	407	16	73	47	16
20081128_sulston	332	332	562	407	16	73	48	16
20081128_sulston	333	333	562	407	16	73	48	16
20081128_sulston	334	334	562	407	16	73	48	16
20081128_sulston	335	335	562	407	16	73	48	16
20081128_sulston	336	336	557	402	16	73	48	16
20081128_sulston	337	337	557	402	16	73	48	16
20081128_sulston	338	338	557	402	16	73	48	16
20081128_sulston	339	339	557	402	16	73	48	16
20081128_sulston	340	340	563	406	16	74	48	17
20081128_sulston	341	341	555	398	16	74	48	17
20081128_sulston	342	342	556	398	16	74	48	18
20081128_sulston	343	343	556	398	16	74	48	18
20081128_sulston	344	344	556	398	16	74	48	18
20081128_sulston	345	345	558	399	16	75	48	18
20081128_sulston	346	346	558	399	16	75	48	18
20081128_sulston	347	347	558	399	16	75	48	18
20081128_sulston	348	348	558	399	16	75	48	18
20081128_sulston	349	349	558	399	16	75	48	18
20081128_sulston	350	350	562	403	16	75	48	18
20081128_sulston	351	351	558	400	16	74	48	18
20081128_sulston	352	352	558	400	16	74	48	18
20081128_sulston	353	353	558	400	16	74	48	18
20081128_sulston	354	354	558	400	16	74	48	18
20081128_sulston	355	355	563	400	16	79	48	18
20081128_sulston	356	356	562	399	16	79	48	18
20081128_sulston	357	357	562	399	16	79	48	18
20081128_sulston	358	358	562	399	16	79	48	18
20081128_sulston	359	359	562	399	16	79	48	18
20081128_sulston	360	360	567	399	18	80	48	20
20081128_sulston	361	361	565	397	18	80	48	20
20081128_sulston	362	362	565	397	18	80	48	20
20081128_sulston	363	363	565	397	18	80	48	20
20081128_sulston	364	364	565	397	18	80	48	20
20081128_sulston	365	365	567	397	18	82	48	20
20081128_sulston	366	366	565	396	18	82	47	20
20081128_sulston	367	367	565	396	18	82	47	20
20081128_sulston	368	368	565	396	18	82	47	20
20081128_sulston	369	369	565	396	18	82	47	20
20081128_sulston	370	370	568	397	20	82	47	20
20081128_sulston	371	371	559	390	20	80	47	20
20081128_sulston	372	372	559	390	20	80	47	20
20081128_sulston	373	373	559	390	20	80	47	20
20081128_sulston	374	374	559	390	20	80	47	20
20081128_sulston	375	375	559	390	20	80	47	20
20081128_sulston	376	376	558	389	20	80	47	20
20081128_sulston	377	377	558	389	20	80	47	20
20081128_sulston	378	378	558	389	20	80	47	20
20081128_sulston	379	379	558	389	20	80	47	20
20081128_sulston	380	380	560	391	20	80	47	20
20081128_sulston	381	381	560	391	20	80	47	20
20081128_sulston	382	382	561	391	20	81	47	20
20081128_sulston	383	383	561	391	20	81	47	20
20081128_sulston	384	384	561	391	20	81	47	20
20081128_sulston	385	385	563	392	20	82	47	20
20081128_sulston	386	386	562	391	20	82	47	20
20081128_sulston	387	387	562	391	20	82	47	20
20081128_sulston	388	388	562	391	20	82	47	20
20081128_sulston	389	389	562	391	20	82	47	20
20081128_sulston	390	390	565	394	20	82	47	20
20081128_sulston	391	391	559	390	20	80	47	20
20081128_sulston	392	392	559	390	20	80	47	20
20081128_sulston	393	393	559	390	20	80	47	20
20081128_sulston	394	394	559	390	20	80	47	20
20081128_sulston	395	395	566	397	20	80	47	20
20081128_sulston	396	396	566	397	20	80	47	20
20081128_sulston	397	397	566	397	20	80	47	20
20081128_sulston	398	398	566	397	20	80	47	20
20081128_sulston	399	399	566	397	20	80	47	20
20081128_sulston	400	400	567	398	20	80	47	20
20081128_sulston	401	401	565	396	20	80	47	20
20081128_sulston	402	402	565	396	20	80	47	20
20081128_sulston	403	403	565	396	20	80	47	20
20081128_sulston	404	404	565	396	20	80	47	20
20081128_sulston	405	405	574	405	20	80	47	20
20081128_sulston	406	406	570	401	20	80	47	20
20081128_sulston	407	407	570	401	20	80	47	20
20081128_sulston	408	408	570	401	20	80	47	20
20081128_sulston	409	409	570	401	20	80	47	20
20081128_sulston	410	410	579	410	20	80	47	20
20081128_sulston	411	411	576	409	20	78	47	20
20081128_sulston	412	412	576	409	20	78	47	20
20081128_sulston	413	413	576	409	20	78	47	20
20081128_sulston	414	414	576	409	20	78	47	20
20081128_sulston	415	415	576	409	20	78	47	20
20081128_sulston	416	416	576	409	20	78	47	20
20081128_sulston	417	417	576	409	20	78	47	20
20081128_sulston	418	418	576	409	20	78	47	20
20081128_sulston	419	419	576	409	20	78	47	20
20081128_sulston	420	420	578	411	20	78	47	20
20081128_sulston	421	421	572	405	20	78	47	20
20081128_sulston	422	422	572	405	20	78	47	20
20081128_sulston	423	423	572	405	20	78	47	20
20081128_sulston	424	424	572	405	20	78	47	20
20081128_sulston	425	425	574	407	20	78	47	20
20081128_sulston	426	426	573	406	20	78	47	20
20081128_sulston	427	427	573	406	20	78	47	20
20081128_sulston	428	428	573	406	20	78	47	20
20081128_sulston	429	429	573	406	20	78	47	20
20081128_sulston	430	430	574	407	20	78	47	20
20081128_sulston	431	431	572	405	20	78	47	20
20081128_sulston	432	432	572	405	20	78	47	20
20081128_sulston	433	433	572	405	20	78	47	20
20081128_sulston	434	434	572	405	20	78	47	20
20081128_sulston	435	435	575	408	20	78	47	20
20081128_sulston	436	436	569	402	20	78	47	20
20081128_sulston	437	437	569	402	20	78	47	20
20081128_sulston	438	438	569	402	20	78	47	20
20081128_sulston	439	439	569	402	20	78	47	20
20081128_sulston	440	440	571	402	20	80	47	20
20081128_sulston	441	441	563	394	20	80	47	20
20081128_sulston	442	442	563	394	20	80	47	20
20081128_sulston	443	443	563	394	20	80	47	20
20081128_sulston	444	444	563	394	20	80	47	20
20081128_sulston	445	445	563	394	20	80	47	20
20081128_sulston	446	446	562	393	20	80	47	20
20081128_sulston	447	447	562	393	20	80	47	20
20081128_sulston	448	448	562	393	20	80	47	20
20081128_sulston	449	449	562	393	20	80	47	20
20081128_sulston	450	450	562	393	20	80	47	20
20081128_sulston	451	451	560	391	20	80	47	20
20081128_sulston	452	452	560	391	20	80	47	20
20081128_sulston	453	453	560	391	20	80	47	20
20081128_sulston	454	454	560	391	20	80	47	20
20081128_sulston	455	455	560	391	20	80	47	20
20081128_sulston	456	456	560	391	20	80	47	20
20081128_sulston	457	457	560	391	20	80	47	20
20081128_sulston	458	458	560	391	20	80	47	20
20081128_sulston	459	459	560	391	20	80	47	20
20081128_sulston	460	460	560	391	20	80	47	20
20081128_sulston	461	461	560	391	20	80	47	20
20081128_sulston	462	462	560	391	20	80	47	20
20081128_sulston	463	463	560	391	20	80	47	20
20081128_sulston	464	464	560	391	20	80	47	20
20081128_sulston	465	465	560	391	20	80	47	20
20081128_sulston	466	466	560	391	20	80	47	20
20081128_sulston	467	467	560	391	20	80	47	20
20081128_sulston	468	468	560	391	20	80	47	20
20081128_sulston	469	469	560	391	20	80	47	20
20081128_sulston	470	470	560	391	20	80	47	20
20081128_sulston	471	471	560	391	20	80	47	20
20081128_sulston	472	472	560	391	20	80	47	20
20081128_sulston	473	473	560	391	20	80	47	20
20081128_sulston	474	474	560	391	20	80	47	20
20081128_sulston	475	475	560	391	20	80	47	20
20081128_sulston	476	476	560	391	20	80	47	20
20081128_sulston	477	477	560	391	20	80	47	20
20081128_sulston	478	478	560	391	20	80	47	20
20081128_sulston	479	479	560	391	20	80	47	20
20081128_sulston	480	480	562	393	20	80	47	20
20081128_sulston	481	481	562	393	20	80	47	20
20081128_sulston	482	482	562	393	20	80	47	20
20081128_sulston	483	483	562	393	20	80	47	20
20081128_sulston	484	484	562	393	20	80	47	20
20081128_sulston	485	485	562	393	20	80	47	20
20081128_sulston	486	486	562	393	20	80	47	20
20081128_sulston	487	487	562	393	20	80	47	20
20081128_sulston	488	488	562	393	20	80	47	20
20081128_sulston	489	489	562	393	20	80	47	20
20081128_sulston	490	490	562	393	20	80	47	20
20081128_sulston	491	491	562	393	20	80	47	20
20081128_sulston	492	492	562	393	20	80	47	20
20081128_sulston	493	493	562	393	20	80	47	20
20081128_sulston	494	494	562	393	20	80	47	20
20081128_sulston	495	495	562	393	20	80	47	20
20081128_sulston	496	496	562	393	20	80	47	20
20081128_sulston	497	497	562	393	20	80	47	20
20081128_sulston	498	498	562	393	20	80	47	20
20081128_sulston	499	499	562	393	20	80	47	20
20081128_sulston	500	500	562	393	20	80	47	20
20081128_sulston	501	501	562	393	20	80	47	20
20081128_sulston	502	502	562	393	20	80	47	20
20081128_sulston	503	503	562	393	20	80	47	20
20081128_sulston	504	504	562	393	20	80	47	20
20081128_sulston	505	505	562	393	20	80	47	20
20081128_sulston	506	506	562	393	20	80	47	20
20081128_sulston	507	507	562	393	20	80	47	20
20081128_sulston	508	508	562	393	20	80	47	20
20081128_sulston	509	509	562	393	20	80	47	20
20081128_sulston	510	510	562	393	20	80	47	20
20081128_sulston	511	511	562	393	20	80	47	20
20081128_sulston	512	512	562	393	20	80	47	20
20081128_sulston	513	513	562	393	20	80	47	20
20081128_sulston	514	514	562	393	20	80	47	20
20081128_sulston	515	515	562	393	20	80	47	20
20081128_sulston	516	516	562	393	20	80	47	20
20081128_sulston	517	517	562	393	20	80	47	20
20081128_sulston	518	518	562	393	20	80	47	20
20081128_sulston	519	519	562	393	20	80	47	20
20081128_sulston	520	520	562	393	20	80	47	20
20081128_sulston	521	521	562	393	20	80	47	20
20081128_sulston	522	522	562	393	20	80	47	20
20081128_sulston	523	523	562	393	20	80	47	20
20081128_sulston	524	524	562	393	20	80	47	20
20081128_sulston	525	525	562	393	20	80	47	20
20081128_sulston	526	526	562	393	20	80	47	20
20081128_sulston	527	527	562	393	20	80	47	20
20081128_sulston	528	528	562	393	20	80	47	20
20081128_sulston	529	529	562	393	20	80	47	20
20081128_sulston	530	530	562	393	20	80	47	20
20081128_sulston	531	531	562	393	20	80	47	20
20081128_sulston	532	532	562	393	20	80	47	20
20081128_sulston	533	533	562	393	20	80	47	20
20081128_sulston	534	534	562	393	20	80	47	20
20081128_sulston	535	535	562	393	20	80	47	20
20081128_sulston	536	536	562	393	20	80	47	20
20081128_sulston	537	537	562	393	20	80	47	20
20081128_sulston	538	538	562	393	20	80	47	20
20081128_sulston	539	539	562	393	20	80	47	20
20081128_sulston	540	540	562	393	20	80	47	20
20081128_sulston	541	541	562	393	20	80	47	20
20081128_sulston	542	542	562	393	20	80	47	20
20081128_sulston	543	543	562	393	20	80	47	20
20081128_sulston	544	544	562	393	20	80	47	20
20081128_sulston	545	545	562	393	20	80	47	20
20081128_sulston	546	546	562	393	20	80	47	20
20081128_sulston	547	547	562	393	20	80	47	20
20081128_sulston	548	548	562	393	20	80	47	20
20081128_sulston	549	549	562	393	20	80	47	20
20081128_sulston	550	550	578	395	34	80	47	20
20221004_JIM712_ceh-32_L4	0	1	2	1	0	0	0	0
20221004_JIM712_ceh-32_L4	1.5	2	3	2	0	0	0	0
20221004_JIM712_ceh-32_L4	3	3	3	2	0	0	0	0
20221004_JIM712_ceh-32_L4	4.5	4	4	2	0	0	0	0
20221004_JIM712_ceh-32_L4	6	5	4	2	0	0	0	0
20221004_JIM712_ceh-32_L4	7.5	6	4	2	0	0	0	0
20221004_JIM712_ceh-32_L4	9	7	4	2	0	0	0	0
20221004_JIM712_ceh-32_L4	10.5	8	4	2	0	0	0	0
20221004_JIM712_ceh-32_L4	12	9	4	2	0	0	0	0
20221004_JIM712_ceh-32_L4	13.5	10	4	2	0	0	0	0
20221004_JIM712_ceh-32_L4	15	11	5	3	0	0	0	0
20221004_JIM712_ceh-32_L4	16.5	12	6	4	0	0	0	0
20221004_JIM712_ceh-32_L4	18	13	6	4	0	0	0	0
20221004_JIM712_ceh-32_L4	19.5	14	7	4	1	1	0	0
20221004_JIM712_ceh-32_L4	21	15	7	4	1	1	0	0
20221004_JIM712_ceh-32_L4	22.5	16	7	4	1	1	0	0
20221004_JIM712_ceh-32_L4	24	17	8	4	1	1	1	0
20221004_JIM712_ceh-32_L4	25.5	18	8	4	1	1	1	0
20221004_JIM712_ceh-32_L4	27	19	8	4	1	1	1	0
20221004_JIM712_ceh-32_L4	28.5	20	8	4	1	1	1	0
20221004_JIM712_ceh-32_L4	30	21	8	4	1	1	1	0
20221004_JIM712_ceh-32_L4	31.5	22	12	8	1	1	1	0
20221004_JIM712_ceh-32_L4	33.1	23	12	8	1	1	1	0
20221004_JIM712_ceh-32_L4	34.6	24	12	8	1	1	1	0
20221004_JIM712_ceh-32_L4	36.1	25	12	8	1	1	1	0
20221004_JIM712_ceh-32_L4	37.6	26	14	8	2	2	1	0
20221004_JIM712_ceh-32_L4	39.1	27	14	8	2	2	1	0
20221004_JIM712_ceh-32_L4	40.6	28	14	8	2	2	1	0
20221004_JIM712_ceh-32_L4	42.1	29	15	8	2	2	2	0
20221004_JIM712_ceh-32_L4	43.6	30	15	8	2	2	2	0
20221004_JIM712_ceh-32_L4	45.1	31	15	8	2	2	2	0
20221004_JIM712_ceh-32_L4	46.6	32	15	8	2	2	2	0
20221004_JIM712_ceh-32_L4	48.1	33	23	16	2	2	2	0
20221004_JIM712_ceh-32_L4	49.6	34	23	16	2	2	2	0
20221004_JIM712_ceh-32_L4	51.1	35	24	16	2	2	2	1
20221004_JIM712_ceh-32_L4	52.6	36	24	16	2	2	2	1
20221004_JIM712_ceh-32_L4	54.1	37	24	16	2	2	2	1
20221004_JIM712_ceh-32_L4	55.6	38	24	16	2	2	2	1
20221004_JIM712_ceh-32_L4	57.1	39	26	16	2	4	2	1
20221004_JIM712_ceh-32_L4	58.6	40	26	16	2	4	2	1
20221004_JIM712_ceh-32_L4	60.1	41	26	16	2	4	2	1
20221004_JIM712_ceh-32_L4	61.6	42	26	16	2	4	2	1
20221004_JIM712_ceh-32_L4	63.1	43	26	16	2	4	2	1
20221004_JIM712_ceh-32_L4	64.6	44	26	16	2	4	2	1
20221004_JIM712_ceh-32_L4	66.1	45	26	16	2	4	2	1
20221004_JIM712_ceh-32_L4	67.6	46	28	16	2	4	4	1
20221004_JIM712_ceh-32_L4	69.2	47	28	16	2	4	4	1
20221004_JIM712_ceh-32_L4	70.7	48	29	17	2	4	4	1
20221004_JIM712_ceh-32_L4	72.2	49	33	21	2	4	4	1
20221004_JIM712_ceh-32_L4	73.7	50	41	29	2	4	4	1
20221004_JIM712_ceh-32_L4	75.2	51	43	31	2	4	4	1
20221004_JIM712_ceh-32_L4	76.7	52	44	32	2	4	4	1
20221004_JIM712_ceh-32_L4	78.2	53	44	32	2	4	4	1
20221004_JIM712_ceh-32_L4	79.7	54	45	32	3	4	4	1
20221004_JIM712_ceh-32_L4	81.2	55	45	32	3	4	4	1
20221004_JIM712_ceh-32_L4	82.7	56	47	32	4	5	4	1
20221004_JIM712_ceh-32_L4	84.2	57	48	32	4	6	4	1
20221004_JIM712_ceh-32_L4	85.7	58	49	32	4	7	4	1
20221004_JIM712_ceh-32_L4	87.2	59	50	32	4	8	4	1
20221004_JIM712_ceh-32_L4	88.7	60	50	32	4	8	4	1
20221004_JIM712_ceh-32_L4	90.2	61	51	32	4	8	4	2
20221004_JIM712_ceh-32_L4	91.7	62	51	32	4	8	4	2
20221004_JIM712_ceh-32_L4	93.2	63	51	32	4	8	4	2
20221004_JIM712_ceh-32_L4	94.7	64	51	32	4	8	4	2
20221004_JIM712_ceh-32_L4	96.2	65	51	32	4	8	4	2
20221004_JIM712_ceh-32_L4	97.7	66	52	32	4	8	5	2
20221004_JIM712_ceh-32_L4	99.2	67	53	32	4	8	6	2
20221004_JIM712_ceh-32_L4	100.7	68	61	40	4	8	6	2
20221004_JIM712_ceh-32_L4	102.3	69	72	51	4	8	6	2
20221004_JIM712_ceh-32_L4	103.8	70	84	62	4	8	7	2
20221004_JIM712_ceh-32_L4	105.3	71	87	64	4	8	8	2
20221004_JIM712_ceh-32_L4	106.8	72	87	64	4	8	8	2
20221004_JIM712_ceh-32_L4	108.3	73	87	64	4	8	8	2
20221004_JIM712_ceh-32_L4	109.8	74	87	64	4	8	8	2
20221004_JIM712_ceh-32_L4	111.3	75	87	64	4	8	8	2
20221004_JIM712_ceh-32_L4	112.9	76	88	64	4	9	8	2
20221004_JIM712_ceh-32_L4	114.4	77	91	64	4	12	8	2
20221004_JIM712_ceh-32_L4	115.9	78	91	64	4	12	8	2
20221004_JIM712_ceh-32_L4	117.4	79	93	64	4	14	8	2
20221004_JIM712_ceh-32_L4	118.9	80	94	64	4	15	8	2
20221004_JIM712_ceh-32_L4	120.5	81	96	64	4	16	8	2
20221004_JIM712_ceh-32_L4	122	82	96	64	4	16	8	2
20221004_JIM712_ceh-32_L4	123.5	83	96	64	4	16	8	2
20221004_JIM712_ceh-32_L4	125.1	84	98	64	6	16	8	2
20221004_JIM712_ceh-32_L4	126.6	85	98	64	6	16	8	2
20221004_JIM712_ceh-32_L4	128.1	86	98	64	6	16	8	2
20221004_JIM712_ceh-32_L4	129.7	87	99	64	7	16	8	2
20221004_JIM712_ceh-32_L4	131.2	88	100	64	8	16	8	2
20221004_JIM712_ceh-32_L4	132.8	89	103	64	8	16	9	4
20221004_JIM712_ceh-32_L4	134.3	90	108	69	8	16	9	4
20221004_JIM712_ceh-32_L4	135.9	91	117	76	8	16	11	4
20221004_JIM712_ceh-32_L4	137.4	92	135	94	8	16	11	4
20221004_JIM712_ceh-32_L4	139	93	147	106	8	16	11	4
20221004_JIM712_ceh-32_L4	140.5	94	152	111	8	16	11	4
20221004_JIM712_ceh-32_L4	142.1	95	159	118	8	16	11	4
20221004_JIM712_ceh-32_L4	143.6	96	166	125	8	16	11	4
20221004_JIM712_ceh-32_L4	145.2	97	171	126	8	20	11	4
20221004_JIM712_ceh-32_L4	146.7	98	171	126	8	20	11	4
20221004_JIM712_ceh-32_L4	148.3	99	176	128	8	21	13	4
20221004_JIM712_ceh-32_L4	149.9	100	176	128	8	21	13	4
20221004_JIM712_ceh-32_L4	151.4	101	177	128	8	22	13	4
20221004_JIM712_ceh-32_L4	153	102	180	128	8	24	14	4
20221004_JIM712_ceh-32_L4	154.6	103	181	128	8	25	14	4
20221004_JIM712_ceh-32_L4	156.1	104	182	128	8	25	15	4
20221004_JIM712_ceh-32_L4	157.7	105	184	128	8	27	15	4
20221004_JIM712_ceh-32_L4	159.3	106	187	128	8	29	16	4
20221004_JIM712_ceh-32_L4	160.8	107	187	128	8	29	16	4
20221004_JIM712_ceh-32_L4	162.4	108	187	128	8	29	16	4
20221004_JIM712_ceh-32_L4	164	109	188	128	8	30	16	4
20221004_JIM712_ceh-32_L4	165.6	110	189	128	8	31	16	4
20221004_JIM712_ceh-32_L4	167.2	111	189	128	8	31	16	4
20221004_JIM712_ceh-32_L4	168.7	112	190	128	8	32	16	4
20221004_JIM712_ceh-32_L4	170.3	113	190	128	8	32	16	4
20221004_JIM712_ceh-32_L4	171.9	114	190	128	8	32	16	4
20221004_JIM712_ceh-32_L4	173.5	115	191	129	8	32	16	4
20221004_JIM712_ceh-32_L4	175.1	116	191	129	8	32	16	4
20221004_JIM712_ceh-32_L4	176.7	117	195	133	8	32	16	4
20221004_JIM712_ceh-32_L4	178.3	118	200	137	8	32	16	5
20221004_JIM712_ceh-32_L4	179.9	119	208	144	8	32	16	6
20221004_JIM712_ceh-32_L4	181.5	120	224	159	8	32	16	7
20221004_JIM712_ceh-32_L4	183.1	121	242	173	8	35	16	8
20221004_JIM712_ceh-32_L4	184.7	122	260	188	8	38	16	8
20221004_JIM712_ceh-32_L4	186.3	123	273	200	8	38	17	8
20221004_JIM712_ceh-32_L4	187.9	124	285	212	8	38	17	8
20221004_JIM712_ceh-32_L4	189.5	125	298	224	8	38	18	8
20221004_JIM712_ceh-32_L4	191.1	126	306	228	8	40	20	8
20221004_JIM712_ceh-32_L4	192.7	127	318	237	9	41	21	8
20221004_JIM712_ceh-32_L4	194.3	128	326	243	9	42	22	8
20221004_JIM712_ceh-32_L4	195.9	129	330	245	10	42	23	8
20221004_JIM712_ceh-32_L4	197.5	130	339	251	12	42	24	8
20221004_JIM712_ceh-32_L4	199.1	131	341	253	12	42	24	8
20221004_JIM712_ceh-32_L4	200.7	132	345	254	14	43	24	8
20221004_JIM712_ceh-32_L4	202.4	133	350	255	15	45	25	8
20221004_JIM712_ceh-32_L4	204	134	352	255	16	45	26	8
20221004_JIM712_ceh-32_L4	205.6	135	354	256	16	45	27	8
20221004_JIM712_ceh-32_L4	207.2	136	356	256	16	46	28	8
20221004_JIM712_ceh-32_L4	208.8	137	357	256	16	46	29	8
20221004_JIM712_ceh-32_L4	210.5	138	358	256	16	47	29	8
20221004_JIM712_ceh-32_L4	212.1	139	359	256	16	47	30	8
20221004_JIM712_ceh-32_L4	213.7	140	361	256	16	48	31	8
20221004_JIM712_ceh-32_L4	215.4	141	361	256	16	48	31	8
20221004_JIM712_ceh-32_L4	217	142	361	256	16	48	31	8
20221004_JIM712_ceh-32_L4	218.7	143	361	256	16	48	31	8
20221004_JIM712_ceh-32_L4	220.3	144	362	256	16	49	31	8
20221004_JIM712_ceh-32_L4	222	145	364	256	16	51	31	8
20221004_JIM712_ceh-32_L4	223.6	146	367	257	16	53	31	8
20221004_JIM712_ceh-32_L4	225.3	147	370	257	16	56	31	8
20221004_JIM712_ceh-32_L4	226.9	148	374	259	16	58	31	8
20221004_JIM712_ceh-32_L4	228.6	149	377	260	16	59	31	9
20221004_JIM712_ceh-32_L4	230.2	150	382	263	16	60	31	10
20221004_JIM712_ceh-32_L4	231.8	151	385	264	16	62	31	10
20221004_JIM712_ceh-32_L4	233.5	152	390	265	16	64	31	12
20221004_JIM712_ceh-32_L4	235.1	153	395	267	16	67	31	12
20221004_JIM712_ceh-32_L4	236.8	154	396	268	16	67	31	12
20221004_JIM712_ceh-32_L4	238.5	155	399	270	16	68	31	12
20221004_JIM712_ceh-32_L4	240.1	156	405	272	16	71	31	13
20221004_JIM712_ceh-32_L4	241.8	157	414	280	16	71	31	14
20221004_JIM712_ceh-32_L4	243.4	158	418	281	16	72	31	16
20221004_JIM712_ceh-32_L4	245.1	159	427	290	16	72	31	16
20221004_JIM712_ceh-32_L4	246.7	160	434	297	16	72	31	16
20221004_JIM712_ceh-32_L4	248.4	161	444	307	16	72	31	16
20221004_JIM712_ceh-32_L4	250.1	162	456	318	16	73	31	16
20221004_JIM712_ceh-32_L4	251.7	163	467	328	16	74	31	16
20221004_JIM712_ceh-32_L4	253.4	164	477	336	16	76	31	16
20221004_JIM712_ceh-32_L4	255.1	165	485	344	16	76	31	16
20221004_JIM712_ceh-32_L4	256.7	166	491	350	16	76	31	16
20221004_JIM712_ceh-32_L4	258.4	167	497	357	16	75	31	16
20221004_JIM712_ceh-32_L4	260.1	168	507	367	16	75	31	16
20221004_JIM712_ceh-32_L4	261.8	169	515	373	16	77	31	16
20221004_JIM712_ceh-32_L4	263.4	170	522	380	16	77	31	16
20221004_JIM712_ceh-32_L4	265.1	171	525	382	16	77	32	16
20221004_JIM712_ceh-32_L4	266.8	172	533	389	16	77	33	16
20221004_JIM712_ceh-32_L4	268.5	173	539	395	16	77	33	16
20221004_JIM712_ceh-32_L4	270.2	174	546	401	16	76	35	16
20221004_JIM712_ceh-32_L4	271.9	175	556	409	16	77	36	16
20221004_JIM712_ceh-32_L4	273.5	176	560	413	16	77	36	16
20221004_JIM712_ceh-32_L4	275.2	177	561	413	16	78	36	16
20221004_JIM712_ceh-32_L4	276.9	178	565	417	16	78	36	16
20221004_JIM712_ceh-32_L4	278.6	179	566	417	16	78	37	16
20221004_JIM712_ceh-32_L4	280.3	180	558	411	16	75	38	16
20221004_JIM712_ceh-32_L2	0	1	4	2	0	0	0	0
20221004_JIM712_ceh-32_L2	1.5	2	6	4	0	0	0	0
20221004_JIM712_ceh-32_L2	3	3	7	4	1	1	0	0
20221004_JIM712_ceh-32_L2	4.5	4	8	4	1	1	1	0
20221004_JIM712_ceh-32_L2	6	5	12	8	1	1	1	0
20221004_JIM712_ceh-32_L2	7.5	6	12	8	1	1	1	0
20221004_JIM712_ceh-32_L2	9	7	12	8	1	1	1	0
20221004_JIM712_ceh-32_L2	10.5	8	12	8	1	1	1	0
20221004_JIM712_ceh-32_L2	12	9	12	8	1	1	1	0
20221004_JIM712_ceh-32_L2	13.5	10	14	8	2	2	1	0
20221004_JIM712_ceh-32_L2	15	11	14	8	2	2	1	0
20221004_JIM712_ceh-32_L2	16.5	12	15	8	2	2	2	0
20221004_JIM712_ceh-32_L2	18	13	15	8	2	2	2	0
20221004_JIM712_ceh-32_L2	19.5	14	15	8	2	2	2	0
20221004_JIM712_ceh-32_L2	21	15	15	8	2	2	2	0
20221004_JIM712_ceh-32_L2	22.5	16	20	13	2	2	2	0
20221004_JIM712_ceh-32_L2	24	17	24	16	2	2	2	1
20221004_JIM712_ceh-32_L2	25.5	18	24	16	2	2	2	1
20221004_JIM712_ceh-32_L2	27	19	24	16	2	2	2	1
20221004_JIM712_ceh-32_L2	28.5	20	24	16	2	2	2	1
20221004_JIM712_ceh-32_L2	30	21	24	16	2	2	2	1
20221004_JIM712_ceh-32_L2	31.6	22	24	16	2	2	2	1
20221004_JIM712_ceh-32_L2	33.1	23	25	16	2	3	2	1
20221004_JIM712_ceh-32_L2	34.6	24	26	16	2	4	2	1
20221004_JIM712_ceh-32_L2	36.1	25	26	16	2	4	2	1
20221004_JIM712_ceh-32_L2	37.6	26	26	16	2	4	2	1
20221004_JIM712_ceh-32_L2	39.1	27	26	16	2	4	2	1
20221004_JIM712_ceh-32_L2	40.6	28	26	16	2	4	2	1
20221004_JIM712_ceh-32_L2	42.1	29	28	16	2	4	4	1
20221004_JIM712_ceh-32_L2	43.6	30	28	16	2	4	4	1
20221004_JIM712_ceh-32_L2	45.1	31	28	16	2	4	4	1
20221004_JIM712_ceh-32_L2	46.6	32	32	20	2	4	4	1
20221004_JIM712_ceh-32_L2	48.1	33	42	30	2	4	4	1
20221004_JIM712_ceh-32_L2	49.6	34	43	31	2	4	4	1
20221004_JIM712_ceh-32_L2	51.1	35	44	32	2	4	4	1
20221004_JIM712_ceh-32_L2	52.6	36	44	32	2	4	4	1
20221004_JIM712_ceh-32_L2	54.1	37	44	32	2	4	4	1
20221004_JIM712_ceh-32_L2	55.6	38	45	32	3	4	4	1
20221004_JIM712_ceh-32_L2	57.1	39	46	32	4	4	4	1
20221004_JIM712_ceh-32_L2	58.6	40	48	32	4	6	4	1
20221004_JIM712_ceh-32_L2	60.1	41	49	32	4	6	4	2
20221004_JIM712_ceh-32_L2	61.7	42	51	32	4	8	4	2
20221004_JIM712_ceh-32_L2	63.2	43	51	32	4	8	4	2
20221004_JIM712_ceh-32_L2	64.7	44	51	32	4	8	4	2
20221004_JIM712_ceh-32_L2	66.2	45	51	32	4	8	4	2
20221004_JIM712_ceh-32_L2	67.7	46	51	32	4	8	4	2
20221004_JIM712_ceh-32_L2	69.2	47	51	32	4	8	4	2
20221004_JIM712_ceh-32_L2	70.7	48	51	32	4	8	4	2
20221004_JIM712_ceh-32_L2	72.2	49	52	32	4	8	5	2
20221004_JIM712_ceh-32_L2	73.7	50	56	35	4	8	6	2
20221004_JIM712_ceh-32_L2	75.2	51	62	41	4	8	6	2
20221004_JIM712_ceh-32_L2	76.7	52	74	53	4	8	6	2
20221004_JIM712_ceh-32_L2	78.2	53	85	63	4	8	7	2
20221004_JIM712_ceh-32_L2	79.7	54	86	64	4	8	7	2
20221004_JIM712_ceh-32_L2	81.2	55	86	64	4	8	7	2
20221004_JIM712_ceh-32_L2	82.7	56	86	64	4	8	7	2
20221004_JIM712_ceh-32_L2	84.2	57	86	64	4	8	7	2
20221004_JIM712_ceh-32_L2	85.7	58	87	64	4	8	8	2
20221004_JIM712_ceh-32_L2	87.2	59	88	64	4	9	8	2
20221004_JIM712_ceh-32_L2	88.7	60	91	64	4	12	8	2
20221004_JIM712_ceh-32_L2	90.2	61	91	64	4	12	8	2
20221004_JIM712_ceh-32_L2	91.7	62	96	64	4	16	8	2
20221004_JIM712_ceh-32_L2	93.3	63	96	64	4	16	8	2
20221004_JIM712_ceh-32_L2	94.8	64	96	64	4	16	8	2
20221004_JIM712_ceh-32_L2	96.3	65	97	64	5	16	8	2
20221004_JIM712_ceh-32_L2	97.8	66	98	64	6	16	8	2
20221004_JIM712_ceh-32_L2	99.3	67	98	64	6	16	8	2
20221004_JIM712_ceh-32_L2	100.8	68	98	64	6	16	8	2
20221004_JIM712_ceh-32_L2	102.3	69	99	64	7	16	8	2
20221004_JIM712_ceh-32_L2	103.8	70	100	64	7	16	8	3
20221004_JIM712_ceh-32_L2	105.3	71	103	64	8	16	9	4
20221004_JIM712_ceh-32_L2	106.8	72	106	66	8	16	10	4
20221004_JIM712_ceh-32_L2	108.3	73	114	74	8	16	10	4
20221004_JIM712_ceh-32_L2	109.9	74	129	88	8	16	11	4
20221004_JIM712_ceh-32_L2	111.4	75	137	96	8	16	11	4
20221004_JIM712_ceh-32_L2	112.9	76	148	107	8	16	11	4
20221004_JIM712_ceh-32_L2	114.4	77	156	115	8	16	11	4
20221004_JIM712_ceh-32_L2	115.9	78	159	118	8	16	11	4
20221004_JIM712_ceh-32_L2	117.5	79	166	125	8	16	11	4
20221004_JIM712_ceh-32_L2	119	80	170	125	8	19	12	4
20221004_JIM712_ceh-32_L2	120.5	81	172	126	8	20	12	4
20221004_JIM712_ceh-32_L2	122	82	175	128	8	20	13	4
20221004_JIM712_ceh-32_L2	123.6	83	176	128	8	21	13	4
20221004_JIM712_ceh-32_L2	125.1	84	177	128	8	22	13	4
20221004_JIM712_ceh-32_L2	126.7	85	178	128	8	23	13	4
20221004_JIM712_ceh-32_L2	128.2	86	182	128	8	27	13	4
20221004_JIM712_ceh-32_L2	129.7	87	184	128	8	28	14	4
20221004_JIM712_ceh-32_L2	131.3	88	186	128	8	29	15	4
20221004_JIM712_ceh-32_L2	132.8	89	186	128	8	29	15	4
20221004_JIM712_ceh-32_L2	134.4	90	187	128	8	30	15	4
20221004_JIM712_ceh-32_L2	135.9	91	187	128	8	30	15	4
20221004_JIM712_ceh-32_L2	137.5	92	189	128	8	31	16	4
20221004_JIM712_ceh-32_L2	139	93	189	128	8	31	16	4
20221004_JIM712_ceh-32_L2	140.6	94	189	128	8	31	16	4
20221004_JIM712_ceh-32_L2	142.1	95	190	128	8	32	16	4
20221004_JIM712_ceh-32_L2	143.7	96	190	128	8	32	16	4
20221004_JIM712_ceh-32_L2	145.2	97	191	129	8	32	16	4
20221004_JIM712_ceh-32_L2	146.8	98	194	130	8	32	16	6
20221004_JIM712_ceh-32_L2	148.3	99	198	134	8	32	16	6
20221004_JIM712_ceh-32_L2	149.9	100	201	136	8	32	16	7
20221004_JIM712_ceh-32_L2	151.5	101	211	145	8	32	16	8
20221004_JIM712_ceh-32_L2	153	102	219	152	8	32	17	8
20221004_JIM712_ceh-32_L2	154.6	103	234	164	8	32	20	8
20221004_JIM712_ceh-32_L2	156.2	104	252	180	8	34	20	8
20221004_JIM712_ceh-32_L2	157.7	105	266	191	8	37	20	8
20221004_JIM712_ceh-32_L2	159.3	106	277	201	8	38	20	8
20221004_JIM712_ceh-32_L2	160.9	107	286	209	9	38	20	8
20221004_JIM712_ceh-32_L2	162.5	108	302	224	10	38	20	8
20221004_JIM712_ceh-32_L2	164.1	109	314	231	12	40	21	8
20221004_JIM712_ceh-32_L2	165.6	110	324	239	12	42	21	8
20221004_JIM712_ceh-32_L2	167.2	111	330	245	12	42	21	8
20221004_JIM712_ceh-32_L2	168.8	112	333	248	12	42	21	8
20221004_JIM712_ceh-32_L2	170.4	113	338	252	12	42	22	8
20221004_JIM712_ceh-32_L2	172	114	344	256	12	44	22	8
20221004_JIM712_ceh-32_L2	173.6	115	351	256	16	44	25	8
20221004_JIM712_ceh-32_L2	175.1	116	353	256	16	46	25	8
20221004_JIM712_ceh-32_L2	176.7	117	354	256	16	46	26	8
20221004_JIM712_ceh-32_L2	178.3	118	356	256	16	46	28	8
20221004_JIM712_ceh-32_L2	179.9	119	356	256	16	46	28	8
20221004_JIM712_ceh-32_L2	181.5	120	357	256	16	46	29	8
20221004_JIM712_ceh-32_L2	183.1	121	358	256	16	47	29	8
20221004_JIM712_ceh-32_L2	184.7	122	358	256	16	47	29	8
20221004_JIM712_ceh-32_L2	186.3	123	358	256	16	47	29	8
20221004_JIM712_ceh-32_L2	187.9	124	361	256	16	49	30	8
20221004_JIM712_ceh-32_L2	189.5	125	366	256	16	53	31	8
20221004_JIM712_ceh-32_L2	191.1	126	366	256	16	53	31	8
20221004_JIM712_ceh-32_L2	192.7	127	367	256	16	54	31	8
20221004_JIM712_ceh-32_L2	194.3	128	369	258	16	54	31	8
20221004_JIM712_ceh-32_L2	196	129	372	258	16	57	31	8
20221004_JIM712_ceh-32_L2	197.6	130	375	259	16	59	31	8
20221004_JIM712_ceh-32_L2	199.2	131	378	261	16	60	31	8
20221004_JIM712_ceh-32_L2	200.8	132	381	261	16	61	31	10
20221004_JIM712_ceh-32_L2	202.4	133	385	263	16	62	31	11
20221004_JIM712_ceh-32_L2	204	134	388	264	16	63	31	12
20221004_JIM712_ceh-32_L2	205.7	135	389	264	16	63	31	13
20221004_JIM712_ceh-32_L2	207.3	136	391	264	16	65	31	13
20221004_JIM712_ceh-32_L2	208.9	137	396	264	16	67	31	16
20221004_JIM712_ceh-32_L2	210.5	138	400	267	16	68	31	16
20221004_JIM712_ceh-32_L2	212.2	139	401	268	16	68	31	16
20221004_JIM712_ceh-32_L2	213.8	140	404	269	16	70	31	16
20221004_JIM712_ceh-32_L2	215.5	141	410	274	16	71	31	16
20221004_JIM712_ceh-32_L2	217.1	142	414	278	16	71	31	16
20221004_JIM712_ceh-32_L2	218.7	143	422	286	16	71	31	16
20221004_JIM712_ceh-32_L2	220.4	144	431	294	16	72	31	16
20221004_JIM712_ceh-32_L2	222	145	443	306	16	72	31	16
20221004_JIM712_ceh-32_L2	223.7	146	446	309	16	72	31	16
20221004_JIM712_ceh-32_L2	225.3	147	456	317	16	74	31	16
20221004_JIM712_ceh-32_L2	227	148	459	320	16	74	31	16
20221004_JIM712_ceh-32_L2	228.6	149	474	334	16	75	31	16
20221004_JIM712_ceh-32_L2	230.3	150	487	347	16	75	31	16
20221004_JIM712_ceh-32_L2	231.9	151	494	354	16	75	31	16
20221004_JIM712_ceh-32_L2	233.6	152	507	365	16	75	33	16
20221004_JIM712_ceh-32_L2	235.2	153	518	374	16	77	33	16
20221004_JIM712_ceh-32_L2	236.9	154	532	385	16	78	35	16
20221004_JIM712_ceh-32_L2	238.5	155	542	393	17	79	35	16
20221004_JIM712_ceh-32_L2	240.2	156	547	398	17	79	35	16
20221004_JIM712_ceh-32_L2	241.8	157	555	404	18	79	36	16
20221004_JIM712_ceh-32_L2	243.5	158	563	411	18	79	37	16
20221004_JIM712_ceh-32_L2	245.2	159	567	414	18	80	37	16
20221004_JIM712_ceh-32_L2	246.8	160	570	415	18	80	39	16
20221004_JIM712_ceh-32_L2	248.5	161	575	420	18	80	39	16
20221004_JIM712_ceh-32_L2	250.2	162	578	423	18	80	39	16
20221004_JIM712_ceh-32_L2	251.8	163	582	427	18	80	39	16
20221004_JIM712_ceh-32_L2	253.5	164	585	428	18	80	41	16
20221004_JIM712_ceh-32_L2	255.2	165	586	429	18	80	41	16
20221004_JIM712_ceh-32_L2	256.8	166	587	429	18	80	42	16
20221004_JIM712_ceh-32_L2	258.5	167	586	428	18	80	42	16
20221004_JIM712_ceh-32_L2	260.2	168	590	430	18	80	44	16
20221004_JIM712_ceh-32_L2	261.9	169	593	432	18	81	45	16
20221004_JIM712_ceh-32_L2	263.5	170	592	432	18	81	45	16
20221004_JIM712_ceh-32_L2	265.2	171	594	432	18	81	47	16
20221004_JIM712_ceh-32_L2	266.9	172	592	430	18	81	47	16
20221004_JIM712_ceh-32_L2	268.6	173	594	430	18	83	47	16
20221004_JIM712_ceh-32_L2	270.3	174	595	431	18	83	47	16
20221004_JIM712_ceh-32_L2	271.9	175	594	430	18	83	47	16
20221004_JIM712_ceh-32_L2	273.6	176	595	432	17	83	47	16
20221004_JIM712_ceh-32_L2	275.3	177	594	432	17	83	46	16
20221004_JIM712_ceh-32_L2	277	178	596	433	17	84	46	16
20221004_JIM712_ceh-32_L2	278.7	179	595	432	17	84	46	16
20221004_JIM712_ceh-32_L2	280.4	180	594	429	17	84	46	18
20220915_JIM712_ceh-32_L4	0	1	4	2	0	0	0	0
20220915_JIM712_ceh-32_L4	2.3	2	6	4	0	0	0	0
20220915_JIM712_ceh-32_L4	4.6	3	7	4	1	1	0	0
20220915_JIM712_ceh-32_L4	7	4	8	4	1	1	1	0
20220915_JIM712_ceh-32_L4	9.3	5	12	8	1	1	1	0
20220915_JIM712_ceh-32_L4	11.7	6	12	8	1	1	1	0
20220915_JIM712_ceh-32_L4	14	7	13	8	1	2	1	0
20220915_JIM712_ceh-32_L4	16.4	8	14	8	2	2	1	0
20220915_JIM712_ceh-32_L4	18.7	9	15	8	2	2	2	0
20220915_JIM712_ceh-32_L4	21.1	10	15	8	2	2	2	0
20220915_JIM712_ceh-32_L4	23.4	11	15	8	2	2	2	0
20220915_JIM712_ceh-32_L4	25.8	12	24	16	2	2	2	1
20220915_JIM712_ceh-32_L4	28.1	13	24	16	2	2	2	1
20220915_JIM712_ceh-32_L4	30.5	14	24	16	2	2	2	1
20220915_JIM712_ceh-32_L4	32.9	15	24	16	2	2	2	1
20220915_JIM712_ceh-32_L4	35.2	16	26	16	2	4	2	1
20220915_JIM712_ceh-32_L4	37.6	17	26	16	2	4	2	1
20220915_JIM712_ceh-32_L4	39.9	18	26	16	2	4	2	1
20220915_JIM712_ceh-32_L4	42.3	19	28	16	2	4	4	1
20220915_JIM712_ceh-32_L4	44.7	20	28	16	2	4	4	1
20220915_JIM712_ceh-32_L4	47.1	21	28	16	2	4	4	1
20220915_JIM712_ceh-32_L4	49.4	22	42	30	2	4	4	1
20220915_JIM712_ceh-32_L4	51.8	23	43	31	2	4	4	1
20220915_JIM712_ceh-32_L4	54.2	24	44	32	2	4	4	1
20220915_JIM712_ceh-32_L4	56.6	25	45	32	3	4	4	1
20220915_JIM712_ceh-32_L4	58.9	26	45	32	3	4	4	1
20220915_JIM712_ceh-32_L4	61.3	27	51	32	4	8	4	2
20220915_JIM712_ceh-32_L4	63.7	28	51	32	4	8	4	2
20220915_JIM712_ceh-32_L4	66.1	29	51	32	4	8	4	2
20220915_JIM712_ceh-32_L4	68.5	30	51	32	4	8	4	2
20220915_JIM712_ceh-32_L4	70.9	31	51	32	4	8	4	2
20220915_JIM712_ceh-32_L4	73.2	32	53	32	4	8	6	2
20220915_JIM712_ceh-32_L4	75.6	33	56	34	4	8	7	2
20220915_JIM712_ceh-32_L4	78	34	72	50	4	8	7	2
20220915_JIM712_ceh-32_L4	80.4	35	84	62	4	8	7	2
20220915_JIM712_ceh-32_L4	82.8	36	87	64	4	8	8	2
20220915_JIM712_ceh-32_L4	85.2	37	87	64	4	8	8	2
20220915_JIM712_ceh-32_L4	87.6	38	87	64	4	8	8	2
20220915_JIM712_ceh-32_L4	90	39	91	64	4	12	8	2
20220915_JIM712_ceh-32_L4	92.4	40	94	64	4	15	8	2
20220915_JIM712_ceh-32_L4	94.8	41	95	64	4	16	8	2
20220915_JIM712_ceh-32_L4	97.2	42	96	64	5	16	8	2
20220915_JIM712_ceh-32_L4	99.6	43	98	64	6	16	8	2
20220915_JIM712_ceh-32_L4	102	44	99	64	6	16	8	3
20220915_JIM712_ceh-32_L4	104.5	45	100	64	6	16	8	4
20220915_JIM712_ceh-32_L4	106.9	46	103	64	8	16	9	4
20220915_JIM712_ceh-32_L4	109.3	47	105	64	8	16	11	4
20220915_JIM712_ceh-32_L4	111.7	48	113	72	8	16	11	4
20220915_JIM712_ceh-32_L4	114.1	49	135	94	8	16	11	4
20220915_JIM712_ceh-32_L4	116.5	50	148	106	8	16	12	4
20220915_JIM712_ceh-32_L4	119	51	161	118	8	16	13	4
20220915_JIM712_ceh-32_L4	121.4	52	171	124	8	20	13	4
20220915_JIM712_ceh-32_L4	123.8	53	175	128	8	20	13	4
20220915_JIM712_ceh-32_L4	126.2	54	178	128	8	22	14	4
20220915_JIM712_ceh-32_L4	128.7	55	182	128	8	25	15	4
20220915_JIM712_ceh-32_L4	131.1	56	185	128	8	28	15	4
20220915_JIM712_ceh-32_L4	133.5	57	188	128	8	30	16	4
20220915_JIM712_ceh-32_L4	136	58	188	128	8	30	16	4
20220915_JIM712_ceh-32_L4	138.4	59	188	128	8	30	16	4
20220915_JIM712_ceh-32_L4	140.8	60	189	128	8	31	16	4
20220915_JIM712_ceh-32_L4	143.3	61	189	128	8	31	16	4
20220915_JIM712_ceh-32_L4	145.7	62	191	128	8	32	16	5
20220915_JIM712_ceh-32_L4	148.2	63	193	128	8	32	16	7
20220915_JIM712_ceh-32_L4	150.6	64	194	128	8	32	16	8
20220915_JIM712_ceh-32_L4	153.1	65	199	133	8	32	16	8
20220915_JIM712_ceh-32_L4	155.5	66	205	137	8	32	18	8
20220915_JIM712_ceh-32_L4	158	67	221	151	8	33	19	8
20220915_JIM712_ceh-32_L4	160.4	68	247	171	10	36	20	8
20220915_JIM712_ceh-32_L4	162.9	69	273	193	11	38	21	8
20220915_JIM712_ceh-32_L4	165.3	70	299	216	12	40	21	8
20220915_JIM712_ceh-32_L4	167.8	71	314	230	12	40	22	8
20220915_JIM712_ceh-32_L4	170.2	72	330	241	13	43	23	8
20220915_JIM712_ceh-32_L4	172.7	73	342	248	16	44	24	8
20220915_JIM712_ceh-32_L4	175.1	74	350	253	16	46	25	8
20220915_JIM712_ceh-32_L4	177.6	75	353	256	16	46	25	8
20220915_JIM712_ceh-32_L4	180.1	76	354	256	16	46	26	8
20220915_JIM712_ceh-32_L4	182.5	77	355	256	16	46	27	8
20220915_JIM712_ceh-32_L4	185	78	357	256	16	46	29	8
20220915_JIM712_ceh-32_L4	187.5	79	362	256	16	49	31	8
20220915_JIM712_ceh-32_L4	189.9	80	363	256	16	50	31	8
20220915_JIM712_ceh-32_L4	192.4	81	365	256	16	52	31	8
20220915_JIM712_ceh-32_L4	194.9	82	366	256	16	53	31	8
20220915_JIM712_ceh-32_L4	197.4	83	368	256	16	55	31	8
20220915_JIM712_ceh-32_L4	199.8	84	371	257	16	56	30	10
20220915_JIM712_ceh-32_L4	202.3	85	375	259	16	57	29	12
20220915_JIM712_ceh-32_L4	204.8	86	378	260	16	57	29	14
20220915_JIM712_ceh-32_L4	207.3	87	383	261	16	62	28	14
20220915_JIM712_ceh-32_L4	209.8	88	385	261	16	65	28	13
20220915_JIM712_ceh-32_L4	212.3	89	388	261	16	65	29	15
20220915_JIM712_ceh-32_L4	214.7	90	394	266	16	66	29	15
20220915_JIM712_ceh-32_L4	217.2	91	400	270	16	68	29	15
20220915_JIM712_ceh-32_L4	219.7	92	406	275	16	69	29	15
20220915_JIM712_ceh-32_L4	222.2	93	416	283	16	73	27	15
20220915_JIM712_ceh-32_L4	224.7	94	429	295	16	75	26	15
20220915_JIM712_ceh-32_L4	227.2	95	312	312	0	0	0	0
20220915_JIM712_ceh-32_L4	229.7	96	327	327	0	0	0	0
20220915_JIM712_ceh-32_L4	232.2	97	340	340	0	0	0	0
20220915_JIM712_ceh-32_L4	234.7	98	350	350	0	0	0	0
20220915_JIM712_ceh-32_L4	237.2	99	374	374	0	0	0	0
20220915_JIM712_ceh-32_L4	239.7	100	385	385	0	0	0	0
20220915_JIM712_ceh-32_L4	242.2	101	394	394	0	0	0	0
20220915_JIM712_ceh-32_L4	244.7	102	400	400	0	0	0	0
20220915_JIM712_ceh-32_L4	247.2	103	407	407	0	0	0	0
20220915_JIM712_ceh-32_L4	249.8	104	409	409	0	0	0	0
20220915_JIM712_ceh-32_L4	252.3	105	414	414	0	0	0	0
20220915_JIM712_ceh-32_L4	254.8	106	413	413	0	0	0	0
20220915_JIM712_ceh-32_L4	257.3	107	414	414	0	0	0	0
20220915_JIM712_ceh-32_L4	259.8	108	412	412	0	0	0	0
20220915_JIM712_ceh-32_L4	262.3	109	410	410	0	0	0	0
20220915_JIM712_ceh-32_L4	264.9	110	413	413	0	0	0	0
20220915_JIM712_ceh-32_L4	267.4	111	411	411	0	0	0	0
20220915_JIM712_ceh-32_L4	269.9	112	411	411	0	0	0	0
20220915_JIM712_ceh-32_L4	272.4	113	410	410	0	0	0	0
20220915_JIM712_ceh-32_L4	275	114	407	407	0	0	0	0
20220923_JIM712_ceh-32_L4	0	1	4	2	0	0	0	0
20220923_JIM712_ceh-32_L4	1.5	2	6	4	0	0	0	0
20220923_JIM712_ceh-32_L4	3	3	7	4	1	1	0	0
20220923_JIM712_ceh-32_L4	4.5	4	8	4	1	1	1	0
20220923_JIM712_ceh-32_L4	6	5	8	4	1	1	1	0
20220923_JIM712_ceh-32_L4	7.5	6	8	4	1	1	1	0
20220923_JIM712_ceh-32_L4	9	7	12	8	1	1	1	0
20220923_JIM712_ceh-32_L4	10.5	8	12	8	1	1	1	0
20220923_JIM712_ceh-32_L4	12	9	12	8	1	1	1	0
20220923_JIM712_ceh-32_L4	13.5	10	12	8	1	1	1	0
20220923_JIM712_ceh-32_L4	15	11	13	8	1	2	1	0
20220923_JIM712_ceh-32_L4	16.5	12	14	8	2	2	1	0
20220923_JIM712_ceh-32_L4	18	13	14	8	2	2	1	0
20220923_JIM712_ceh-32_L4	19.5	14	15	8	2	2	2	0
20220923_JIM712_ceh-32_L4	21	15	15	8	2	2	2	0
20220923_JIM712_ceh-32_L4	22.5	16	15	8	2	2	2	0
20220923_JIM712_ceh-32_L4	24	17	15	8	2	2	2	0
20220923_JIM712_ceh-32_L4	25.5	18	24	16	2	2	2	1
20220923_JIM712_ceh-32_L4	27	19	24	16	2	2	2	1
20220923_JIM712_ceh-32_L4	28.5	20	24	16	2	2	2	1
20220923_JIM712_ceh-32_L4	30	21	24	16	2	2	2	1
20220923_JIM712_ceh-32_L4	31.6	22	24	16	2	2	2	1
20220923_JIM712_ceh-32_L4	33.1	23	24	16	2	2	2	1
20220923_JIM712_ceh-32_L4	34.6	24	24	16	2	2	2	1
20220923_JIM712_ceh-32_L4	36.1	25	26	16	2	4	2	1
20220923_JIM712_ceh-32_L4	37.6	26	26	16	2	4	2	1
20220923_JIM712_ceh-32_L4	39.1	27	26	16	2	4	2	1
20220923_JIM712_ceh-32_L4	40.6	28	26	16	2	4	2	1
20220923_JIM712_ceh-32_L4	42.1	29	27	16	2	4	3	1
20220923_JIM712_ceh-32_L4	43.6	30	28	16	2	4	4	1
20220923_JIM712_ceh-32_L4	45.1	31	28	16	2	4	4	1
20220923_JIM712_ceh-32_L4	46.6	32	28	16	2	4	4	1
20220923_JIM712_ceh-32_L4	48.1	33	29	17	2	4	4	1
20220923_JIM712_ceh-32_L4	49.6	34	37	25	2	4	4	1
20220923_JIM712_ceh-32_L4	51.1	35	44	32	2	4	4	1
20220923_JIM712_ceh-32_L4	52.6	36	44	32	2	4	4	1
20220923_JIM712_ceh-32_L4	54.1	37	44	32	2	4	4	1
20220923_JIM712_ceh-32_L4	55.6	38	44	32	2	4	4	1
20220923_JIM712_ceh-32_L4	57.1	39	44	32	2	4	4	1
20220923_JIM712_ceh-32_L4	58.6	40	44	32	2	4	4	1
20220923_JIM712_ceh-32_L4	60.1	41	46	32	2	5	4	2
20220923_JIM712_ceh-32_L4	61.7	42	48	32	3	6	4	2
20220923_JIM712_ceh-32_L4	63.2	43	50	32	4	7	4	2
20220923_JIM712_ceh-32_L4	64.7	44	51	32	4	8	4	2
20220923_JIM712_ceh-32_L4	66.2	45	51	32	4	8	4	2
20220923_JIM712_ceh-32_L4	67.7	46	51	32	4	8	4	2
20220923_JIM712_ceh-32_L4	69.2	47	51	32	4	8	4	2
20220923_JIM712_ceh-32_L4	70.7	48	51	32	4	8	4	2
20220923_JIM712_ceh-32_L4	72.2	49	51	32	4	8	4	2
20220923_JIM712_ceh-32_L4	73.7	50	51	32	4	8	4	2
20220923_JIM712_ceh-32_L4	75.2	51	53	32	4	8	6	2
20220923_JIM712_ceh-32_L4	76.7	52	54	33	4	8	6	2
20220923_JIM712_ceh-32_L4	78.2	53	57	36	4	8	6	2
20220923_JIM712_ceh-32_L4	79.7	54	67	46	4	8	6	2
20220923_JIM712_ceh-32_L4	81.2	55	82	61	4	8	6	2
20220923_JIM712_ceh-32_L4	82.7	56	86	63	4	8	8	2
20220923_JIM712_ceh-32_L4	84.2	57	88	64	4	8	8	2
20220923_JIM712_ceh-32_L4	85.7	58	88	64	4	8	8	2
20220923_JIM712_ceh-32_L4	87.2	59	88	64	4	8	8	2
20220923_JIM712_ceh-32_L4	88.7	60	88	64	4	8	8	2
20220923_JIM712_ceh-32_L4	90.3	61	89	64	4	9	8	2
20220923_JIM712_ceh-32_L4	91.8	62	90	64	4	10	8	2
20220923_JIM712_ceh-32_L4	93.3	63	93	64	4	13	8	2
20220923_JIM712_ceh-32_L4	94.8	64	94	64	4	14	8	2
20220923_JIM712_ceh-32_L4	96.3	65	96	64	4	16	8	2
20220923_JIM712_ceh-32_L4	97.8	66	96	64	4	16	8	2
20220923_JIM712_ceh-32_L4	99.3	67	96	64	4	16	8	2
20220923_JIM712_ceh-32_L4	100.8	68	96	64	4	16	8	2
20220923_JIM712_ceh-32_L4	102.3	69	96	64	4	16	8	2
20220923_JIM712_ceh-32_L4	103.8	70	96	64	4	16	8	2
20220923_JIM712_ceh-32_L4	105.3	71	96	64	4	16	8	2
20220923_JIM712_ceh-32_L4	106.8	72	98	64	4	16	8	4
20220923_JIM712_ceh-32_L4	108.3	73	98	64	4	16	8	4
20220923_JIM712_ceh-32_L4	109.9	74	98	64	4	16	8	4
20220923_JIM712_ceh-32_L4	111.4	75	98	64	4	16	8	4
20220923_JIM712_ceh-32_L4	112.9	76	101	65	5	16	9	4
20220923_JIM712_ceh-32_L4	114.4	77	106	67	7	16	10	4
20220923_JIM712_ceh-32_L4	115.9	78	115	74	8	16	11	4
20220923_JIM712_ceh-32_L4	117.4	79	125	84	8	16	11	4
20220923_JIM712_ceh-32_L4	119	80	136	95	8	16	11	4
20220923_JIM712_ceh-32_L4	120.5	81	144	103	8	16	11	4
20220923_JIM712_ceh-32_L4	122	82	151	110	8	16	11	4
20220923_JIM712_ceh-32_L4	123.6	83	158	116	8	17	11	4
20220923_JIM712_ceh-32_L4	125.1	84	162	118	8	19	11	4
20220923_JIM712_ceh-32_L4	126.6	85	167	123	8	19	11	4
20220923_JIM712_ceh-32_L4	128.2	86	173	127	8	20	12	4
20220923_JIM712_ceh-32_L4	129.7	87	177	128	8	22	13	4
20220923_JIM712_ceh-32_L4	131.2	88	177	128	8	22	13	4
20220923_JIM712_ceh-32_L4	132.8	89	178	128	8	23	13	4
20220923_JIM712_ceh-32_L4	134.3	90	180	128	8	24	14	4
20220923_JIM712_ceh-32_L4	135.9	91	182	128	8	26	14	4
20220923_JIM712_ceh-32_L4	137.4	92	182	128	8	26	14	4
20220923_JIM712_ceh-32_L4	139	93	185	128	8	28	15	4
20220923_JIM712_ceh-32_L4	140.5	94	186	128	8	28	16	4
20220923_JIM712_ceh-32_L4	142.1	95	188	128	8	30	16	4
20220923_JIM712_ceh-32_L4	143.6	96	188	128	8	30	16	4
20220923_JIM712_ceh-32_L4	145.2	97	190	128	8	32	16	4
20220923_JIM712_ceh-32_L4	146.8	98	190	128	8	32	16	4
20220923_JIM712_ceh-32_L4	148.3	99	190	128	8	32	16	4
20220923_JIM712_ceh-32_L4	149.9	100	190	128	8	32	16	4
20220923_JIM712_ceh-32_L4	151.4	101	190	128	8	32	16	4
20220923_JIM712_ceh-32_L4	153	102	190	128	8	32	16	4
20220923_JIM712_ceh-32_L4	154.6	103	190	128	8	32	16	4
20220923_JIM712_ceh-32_L4	156.1	104	192	129	8	32	16	5
20220923_JIM712_ceh-32_L4	157.7	105	194	130	8	32	16	6
20220923_JIM712_ceh-32_L4	159.3	106	196	132	8	32	16	6
20220923_JIM712_ceh-32_L4	160.8	107	197	133	8	32	16	6
20220923_JIM712_ceh-32_L4	162.4	108	203	138	8	32	16	7
20220923_JIM712_ceh-32_L4	164	109	217	149	8	34	16	8
20220923_JIM712_ceh-32_L4	165.6	110	227	158	8	35	16	8
20220923_JIM712_ceh-32_L4	167.1	111	243	174	8	35	16	8
20220923_JIM712_ceh-32_L4	168.7	112	258	186	8	37	17	8
20220923_JIM712_ceh-32_L4	170.3	113	275	200	8	38	19	8
20220923_JIM712_ceh-32_L4	171.9	114	284	207	8	39	20	8
20220923_JIM712_ceh-32_L4	173.5	115	293	213	8	41	21	8
20220923_JIM712_ceh-32_L4	175	116	298	218	8	41	21	8
20220923_JIM712_ceh-32_L4	176.6	117	307	226	8	42	21	8
20220923_JIM712_ceh-32_L4	178.2	118	314	232	8	42	22	8
20220923_JIM712_ceh-32_L4	179.8	119	322	239	9	42	22	8
20220923_JIM712_ceh-32_L4	181.4	120	328	242	11	42	23	8
20220923_JIM712_ceh-32_L4	183	121	334	245	11	44	24	8
20220923_JIM712_ceh-32_L4	184.6	122	337	247	11	44	25	8
20220923_JIM712_ceh-32_L4	186.2	123	343	252	11	45	25	8
20220923_JIM712_ceh-32_L4	187.8	124	349	255	13	45	26	8
20220923_JIM712_ceh-32_L4	189.4	125	351	256	13	46	26	8
20220923_JIM712_ceh-32_L4	191	126	356	256	16	47	27	8
20220923_JIM712_ceh-32_L4	192.6	127	359	256	16	47	30	8
20220923_JIM712_ceh-32_L4	194.2	128	359	256	16	47	30	8
20220923_JIM712_ceh-32_L4	195.8	129	359	256	16	47	30	8
20220923_JIM712_ceh-32_L4	197.4	130	361	256	16	48	31	8
20220923_JIM712_ceh-32_L4	199.1	131	361	256	16	48	31	8
20220923_JIM712_ceh-32_L4	200.7	132	361	256	16	48	31	8
20220923_JIM712_ceh-32_L4	202.3	133	365	256	16	52	31	8
20220923_JIM712_ceh-32_L4	203.9	134	365	256	16	52	31	8
20220923_JIM712_ceh-32_L4	205.5	135	367	256	16	54	31	8
20220923_JIM712_ceh-32_L4	207.2	136	369	256	16	56	31	8
20220923_JIM712_ceh-32_L4	208.8	137	370	257	16	56	31	8
20220923_JIM712_ceh-32_L4	210.4	138	374	258	16	58	31	9
20220923_JIM712_ceh-32_L4	212	139	374	258	16	58	31	9
20220923_JIM712_ceh-32_L4	213.7	140	376	259	16	58	31	10
20220923_JIM712_ceh-32_L4	215.3	141	379	260	16	60	31	10
20220923_JIM712_ceh-32_L4	216.9	142	380	260	16	61	31	10
20220923_JIM712_ceh-32_L4	218.6	143	381	261	16	61	31	10
20220923_JIM712_ceh-32_L4	220.2	144	386	264	16	62	31	11
20220923_JIM712_ceh-32_L4	221.9	145	390	265	16	63	31	13
20220923_JIM712_ceh-32_L4	223.5	146	393	267	16	64	31	13
20220923_JIM712_ceh-32_L4	225.2	147	397	268	16	67	31	13
20220923_JIM712_ceh-32_L4	226.8	148	400	270	16	67	31	14
20220923_JIM712_ceh-32_L4	228.5	149	402	271	16	68	31	14
20220923_JIM712_ceh-32_L4	230.1	150	406	273	16	70	31	14
20220923_JIM712_ceh-32_L4	231.8	151	410	274	16	72	31	15
20220923_JIM712_ceh-32_L4	233.4	152	413	277	16	72	31	15
20220923_JIM712_ceh-32_L4	235.1	153	416	278	16	73	31	16
20220923_JIM712_ceh-32_L4	236.7	154	423	285	16	73	31	16
20220923_JIM712_ceh-32_L4	238.4	155	428	290	16	73	31	16
20220923_JIM712_ceh-32_L4	240	156	436	298	16	73	31	16
20220923_JIM712_ceh-32_L4	241.7	157	442	303	16	74	31	16
20220923_JIM712_ceh-32_L4	243.4	158	447	308	16	74	31	16
20220923_JIM712_ceh-32_L4	245	159	455	315	16	75	31	16
20220923_JIM712_ceh-32_L4	246.7	160	463	323	16	75	31	16
20220923_JIM712_ceh-32_L4	248.3	161	465	325	16	75	31	16
20220923_JIM712_ceh-32_L4	250	162	474	333	16	75	32	16
20220923_JIM712_ceh-32_L4	251.7	163	485	343	16	76	32	16
20220923_JIM712_ceh-32_L4	253.3	164	492	350	16	76	32	16
20220923_JIM712_ceh-32_L4	255	165	499	357	16	76	32	16
20220923_JIM712_ceh-32_L4	256.7	166	505	363	16	76	32	16
20220923_JIM712_ceh-32_L4	258.3	167	510	368	16	75	33	16
20220923_JIM712_ceh-32_L4	260	168	517	374	16	75	34	16
20220923_JIM712_ceh-32_L4	261.7	169	523	380	16	75	34	16
20220923_JIM712_ceh-32_L4	263.4	170	528	384	16	76	34	16
20220923_JIM712_ceh-32_L4	265	171	532	386	16	76	36	16
20220923_JIM712_ceh-32_L4	266.7	172	541	394	16	77	36	16
20220923_JIM712_ceh-32_L4	268.4	173	544	397	16	77	36	16
20220923_JIM712_ceh-32_L4	270.1	174	554	405	16	77	38	16
20220923_JIM712_ceh-32_L4	271.8	175	557	408	16	77	38	16
20220923_JIM712_ceh-32_L4	273.5	176	561	408	16	78	41	16
20220923_JIM712_ceh-32_L4	275.1	177	562	410	16	77	41	16
20220923_JIM712_ceh-32_L4	276.8	178	564	412	16	77	41	16
20220923_JIM712_ceh-32_L4	278.5	179	565	412	16	77	42	16
20220923_JIM712_ceh-32_L4	280.2	180	568	415	16	77	42	16
20220923_JIM712_ceh-32_L4	281.9	181	573	418	16	77	44	16
20220923_JIM712_ceh-32_L4	283.6	182	577	421	16	77	45	16
20220923_JIM712_ceh-32_L4	285.3	183	578	422	16	77	45	16
20220923_JIM712_ceh-32_L4	287	184	580	424	16	77	45	16
20220923_JIM712_ceh-32_L4	288.7	185	585	427	16	77	47	16
20220923_JIM712_ceh-32_L4	290.4	186	586	428	16	77	47	16
20220923_JIM712_ceh-32_L4	292.1	187	587	429	16	77	47	16
20220923_JIM712_ceh-32_L4	293.8	188	588	430	16	77	47	16
20220923_JIM712_ceh-32_L4	295.5	189	587	430	16	76	47	16
20220923_JIM712_ceh-32_L4	297.2	190	588	430	16	77	47	16
20220923_JIM712_ceh-32_L4	299	191	589	431	16	77	47	16
20220923_JIM712_ceh-32_L4	300.7	192	591	431	16	78	47	17
20220923_JIM712_ceh-32_L4	302.4	193	590	430	16	78	47	17
20220923_JIM712_ceh-32_L4	304.1	194	591	430	16	79	47	17
20220923_JIM712_ceh-32_L4	305.8	195	592	430	16	79	47	18
20220923_JIM712_ceh-32_L4	307.5	196	592	430	16	79	47	18
20220923_JIM712_ceh-32_L4	309.3	197	591	429	16	80	46	18
20220923_JIM712_ceh-32_L4	311	198	592	428	16	81	46	19
20220923_JIM712_ceh-32_L4	312.7	199	590	425	16	81	46	20
20220923_JIM712_ceh-32_L4	314.5	200	586	422	16	81	45	20
