cellTime,cell,time,none,global,local,blot,cross,z,x,y,size,gweight
ABa:1,ABa,1,6706,-18294,-74,-74,6706,28.0,170,290,70,473868
ABal:2,ABal,2,6586,-18413,-183,-182,6586,32.2,152,328,69,917150
ABala:10,ABala,10,6761,-18238,-230,-230,6761,38.5,115,303,60,781407
ABalaa:23,ABalaa,23,6732,-18268,-191,-191,6732,41.7,99,323,55,660268
ABalaaa:39,ABalaaa,39,6191,-18808,-127,-126,6191,38.9,95,310,47,416094
ABalaaaa:61,ABalaaaa,61,5370,-19629,-93,-96,5370,43.6,108,306,41,308076
ABalaaaal:87,ABalaaaal,87,5114,-19885,-30,-33,5114,26.9,102,303,37,278934
ABalaaaala:119,ABalaaaala,119,8759,-16240,-37,-40,8759,26.3,115,360,31,287762
ABalaaaalal:189,ABalaaaalal,189,10092,-14907,6,-9,10092,25.2,140,371,26,202839
ABalaaaalar:189,ABalaaaalar,189,10066,-14933,-3,-22,10066,27.7,125,353,27,207749
ABalaaaalp:119,ABalaaaalp,119,8790,-16209,-20,-22,8790,22.3,149,392,32,295388
ABalaaaalpa:189,ABalaaaalpa,189,9978,-15021,-39,-33,9978,27.9,116,380,25,107932
ABalaaaalpp:189,ABalaaaalpp,189,10000,-14999,-59,-35,10000,23.8,145,405,28,158554
ABalaaaar:87,ABalaaaar,87,5093,-19906,-78,-78,5093,39.2,85,298,34,285247
ABalaaaarl:120,ABalaaaarl,120,8513,-16486,-6,-2,8513,32.8,101,330,31,289197
ABalaaaarla:171,ABalaaaarla,171,9851,-15148,-5,-6,9851,35.6,114,355,29,165034
ABalaaaarlp:171,ABalaaaarlp,171,9806,-15193,-53,-45,9806,32.0,113,348,29,258042
ABalaaaarr:120,ABalaaaarr,120,8545,-16454,-12,-12,8545,38.4,117,335,32,350931
ABalaaaarra:171,ABalaaaarra,171,9862,-15137,-48,-67,9862,32.7,184,331,26,204832
ABalaaaarrp:171,ABalaaaarrp,171,9865,-15134,-40,-45,9865,33.3,156,358,25,212609
ABalaaap:61,ABalaaap,61,5357,-19642,-100,-105,5357,40.5,129,266,40,264643
ABalaaapa:85,ABalaaapa,85,5113,-19886,-16,-22,5113,33.4,99,261,36,262941
ABalaaapal:116,ABalaaapal,116,8040,-16959,-47,-45,8040,24.6,111,320,32,274329
ABalaaapall:162,ABalaaapall,162,9691,-15308,-34,-33,9691,19.2,126,367,27,184579
ABalaaapalr:162,ABalaaapalr,162,9758,-15241,15,10,9758,24.6,118,336,28,195926
ABalaaapar:116,ABalaaapar,116,8331,-16668,-50,-53,8331,31.1,101,293,30,247459
ABalaaaparl:175,ABalaaaparl,175,9860,-15139,14,24,9860,27.6,104,337,29,229060
ABalaaaparr:175,ABalaaaparr,175,9853,-15146,-12,-6,9853,33.3,96,319,27,167252
ABalaaapp:85,ABalaaapp,85,5085,-19914,-86,-83,5085,42.2,133,234,35,262100
ABalaaappl:116,ABalaaappl,116,8371,-16628,-30,-32,8371,41.5,114,281,31,299112
ABalaaappll:174,ABalaaappll,174,9918,-15082,12,14,9918,41.4,102,310,28,202157
ABalaaapplr:174,ABalaaapplr,174,9898,-15101,-9,0,9898,45.5,115,321,29,230052
ABalaaappr:116,ABalaaappr,116,8196,-16803,2,-3,8196,50.4,133,286,32,311012
ABalaaapprl:164,ABalaaapprl,164,9801,-15198,-33,-62,9801,45.2,133,335,28,214896
ABalaaapprr:164,ABalaaapprr,164,9831,-15168,-40,-52,9831,51.8,134,337,29,230904
ABalaap:39,ABalaap,39,6181,-18818,-207,-209,6181,46.1,160,350,47,402551
ABalaapa:61,ABalaapa,61,5305,-19694,-157,-163,5305,46.4,167,277,41,285890
ABalaapaa:89,ABalaapaa,89,5350,-19649,-62,-68,5350,52.0,137,280,35,322973
ABalaapaaa:125,ABalaapaaa,125,9069,-15930,-61,-70,9069,51.2,142,341,32,366974
ABalaapaaal:192,ABalaapaaal,192,10089,-14910,-36,-7,10089,41.7,143,346,28,257730
ABalaapaaar:192,ABalaapaaar,192,10209,-14790,115,99,10209,46.2,143,372,26,85646
ABalaapaap:125,ABalaapaap,125,8906,-16093,-98,-114,8906,56.1,176,347,31,308172
ABalaapaapa:180,ABalaapaapa,180,9911,-15088,-105,-84,9911,48.0,122,364,29,248478
ABalaapaapp:180,ABalaapaapp,180,9983,-15016,-2,21,9983,49.4,150,388,27,212336
ABalaapap:89,ABalaapap,89,5265,-19734,-116,-129,5265,55.0,173,262,34,282164
ABalaapapa:123,ABalaapapa,123,7904,-17096,-144,-175,7904,58.8,169,292,30,281785
ABalaapapp:123,ABalaapapp,123,8693,-16306,-142,-158,8693,56.3,206,317,31,297448
ABalaapappa:170,ABalaapappa,170,9953,-15046,-12,-24,9953,54.2,190,389,28,227598
ABalaapappp:170,ABalaapappp,170,9931,-15068,-15,-39,9931,55.0,254,400,40,316987
ABalaapp:61,ABalaapp,61,5402,-19597,-60,-62,5402,41.4,224,287,44,235815
ABalaappa:85,ABalaappa,85,5164,-19835,-86,-91,5164,49.1,161,224,34,259447
ABalaappaa:120,ABalaappaa,120,7514,-17485,-121,-121,7514,55.9,151,274,29,276101
ABalaappap:120,ABalaappap,120,8569,-16430,-132,-157,8569,53.6,168,291,32,293955
ABalaappapa:172,ABalaappapa,172,9975,-15024,-15,-26,9975,53.5,147,357,29,186190
ABalaappapp:172,ABalaappapp,172,9959,-15040,24,28,9959,56.4,164,354,30,248463
ABalaappp:85,ABalaappp,85,5126,-19873,-94,-104,5126,43.8,187,223,39,298596
ABalaapppa:115,ABalaapppa,115,8431,-16568,-45,-60,8431,48.7,152,274,31,292486
ABalaapppaa:177,ABalaapppaa,177,10044,-14955,69,62,10044,49.4,172,342,23,137939
ABalaapppap:177,ABalaapppap,177,9991,-15008,-12,-18,9991,53.3,184,342,25,208851
ABalaapppp:115,ABalaapppp,115,7997,-17002,-79,-92,7997,48.6,162,235,34,299440
ABalaappppa:160,ABalaappppa,160,9760,-15239,-59,-65,9760,48.9,146,316,28,194663
ABalaappppp:160,ABalaappppp,160,9757,-15242,-46,-60,9757,54.7,162,313,28,229569
ABalap:23,ABalap,23,6742,-18257,-114,-114,6742,27.7,140,273,56,480486
ABalapa:39,ABalapa,39,6150,-18849,-147,-148,6150,30.8,132,242,46,338226
ABalapaa:60,ABalapaa,60,5368,-19631,-94,-96,5368,31.8,135,238,41,209970
ABalapaaa:85,ABalapaaa,85,5107,-19892,-41,-43,5107,23.8,129,260,36,248168
ABalapaaaa:119,ABalapaaaa,119,8882,-16117,-12,-21,8882,23.2,118,285,31,323150
ABalapaaaaa:195,ABalapaaaaa,195,10136,-14863,13,40,10136,15.1,160,285,26,181150
ABalapaaaap:195,ABalapaaaap,195,10140,-14859,-6,-11,10140,24.0,145,310,25,177723
ABalapaaap:119,ABalapaaap,119,8424,-16576,-52,-56,8424,17.3,132,274,32,277470
ABalapaaapa:171,ABalapaaapa,171,9809,-15191,-13,-22,9809,22.8,109,315,30,261246
ABalapaaapp:171,ABalapaaapp,171,9817,-15182,-17,-16,9817,15.6,117,290,30,265418
ABalapaap:85,ABalapaap,85,5109,-19890,-17,-24,5109,18.3,150,265,38,231113
ABalapaapa:118,ABalapaapa,118,8701,-16298,9,6,8701,17.9,137,323,30,289252
ABalapaapaa:186,ABalapaapaa,186,10015,-14984,-20,-41,10015,20.4,169,362,23,132095
ABalapaapap:186,ABalapaapap,186,10026,-14973,-25,-40,10026,13.0,173,347,25,194241
ABalapaapp:118,ABalapaapp,118,8193,-16806,-2,0,8193,13.6,154,298,32,232200
ABalapaappa:162,ABalapaappa,162,9750,-15249,-7,-16,9750,19.6,132,332,29,226263
ABalapaappp:162,ABalapaappp,162,9774,-15225,6,6,9774,14.0,144,321,29,252711
ABalapap:60,ABalapap,60,5431,-19568,-20,-20,5431,26.0,191,209,42,162122
ABalapapa:83,ABalapapa,83,5085,-19914,-37,-36,5085,18.6,177,234,34,163011
ABalapapaa:118,ABalapapaa,118,8216,-16783,24,23,8216,22.3,144,226,30,264972
ABalapapap:118,ABalapapap,118,8243,-16756,-25,-21,8243,18.3,161,241,33,273378
ABalapapapa:163,ABalapapapa,163,9786,-15213,-9,-13,9786,27.9,131,239,30,64988
ABalapapapp:163,ABalapapapp,163,9794,-15205,-9,-24,9794,24.5,158,244,27,143876
ABalapapp:83,ABalapapp,83,5044,-19955,-47,-47,5044,18.9,235,231,36,138542
ABalapappa:114,ABalapappa,114,7787,-17212,-11,-12,7787,15.0,193,262,32,196764
ABalapappaa:156,ABalapappaa,156,9668,-15331,-54,-58,9668,26.5,124,290,27,181472
ABalapappap:156,ABalapappap,156,9729,-15270,-11,-14,9729,22.2,130,268,24,141369
ABalapappp:114,ABalapappp,114,7998,-17001,-75,-80,7998,12.8,231,231,32,197941
ABalapapppa:165,ABalapapppa,165,9774,-15225,-6,-26,9774,17.7,141,254,27,188506
ABalapapppp:165,ABalapapppp,165,9760,-15239,-23,-16,9760,15.8,165,241,31,201532
ABalapp:39,ABalapp,39,6173,-18826,-106,-107,6173,34.5,194,297,49,312203
ABalappa:60,ABalappa,60,5371,-19628,-78,-81,5371,35.1,169,246,40,195960
ABalappaa:87,ABalappaa,87,5355,-19644,-26,-31,5355,32.1,130,236,33,200447
ABalappaaa:126,ABalappaaa,126,8792,-16207,-41,-53,8792,31.5,114,263,28,193825
ABalappaap:126,ABalappaap,126,9094,-15905,-52,-53,9094,29.1,115,252,30,177848
ABalappaapa:193,ABalappaapa,193,10045,-14954,-69,-67,10045,35.8,91,312,27,98202
ABalappaapp:193,ABalappaapp,193,10107,-14892,-108,-142,10107,33.8,108,274,23,98892
ABalappap:87,ABalappap,87,5140,-19859,-51,-61,5140,34.8,168,219,35,209640
ABalappapa:119,ABalappapa,119,8849,-16150,-39,-58,8849,42.1,133,258,31,250206
ABalappapaa:190,ABalappapaa,190,10094,-14905,-79,-106,10094,45.9,163,294,26,152425
ABalappapap:190,ABalappapap,190,10119,-14881,-29,-51,10119,50.2,182,272,22,108476
ABalappapp:119,ABalappapp,119,8343,-16656,-112,-118,8343,45.0,145,232,31,223023
ABalappappa:165,ABalappappa,165,9811,-15188,-31,-47,9811,47.9,124,299,25,114726
ABalappappp:165,ABalappappp,165,9837,-15162,-92,-150,9837,51.9,141,270,25,74386
ABalappp:60,ABalappp,60,5400,-19600,-43,-44,5400,31.4,232,253,43,145814
ABalapppa:83,ABalapppa,83,5099,-19900,-87,-101,5099,35.8,211,215,36,161512
ABalapppaa:114,ABalapppaa,114,8038,-16961,-67,-72,8038,35.1,138,225,32,201189
ABalapppaaa:163,ABalapppaaa,163,9836,-15163,-44,-81,9836,40.0,112,267,24,115903
ABalapppaap:163,ABalapppaap,163,9792,-15207,-27,-40,9792,36.9,111,296,26,70216
ABalapppap:114,ABalapppap,114,7869,-17130,-113,-117,7869,35.6,177,206,30,160643
ABalapppapa:158,ABalapppapa,158,9715,-15284,-98,-110,9715,38.1,138,241,26,82314
ABalapppapp:158,ABalapppapp,158,9736,-15263,-66,-80,9736,38.9,162,226,27,121605
ABalapppp:83,ABalapppp,83,5073,-19926,-99,-106,5073,38.0,273,211,35,165658
ABalappppa:115,ABalappppa,115,7787,-17212,-97,-109,7787,41.0,197,212,31,187528
ABalappppaa:153,ABalappppaa,153,9713,-15286,-45,-78,9713,43.8,134,271,27,74171
ABalappppap:153,ABalappppap,153,9718,-15281,-100,-124,9718,46.4,158,257,24,110190
ABalappppp:115,ABalappppp,115,8049,-16950,-82,-96,8049,40.8,234,189,30,190095
ABalapppppa:162,ABalapppppa,162,9759,-15240,-53,-69,9759,48.9,163,237,26,56696
ABalapppppp:162,ABalapppppp,162,9788,-15211,-51,-82,9788,48.0,180,224,28,94300
ABalp:10,ABalp,10,6776,-18223,-211,-211,6776,37.3,197,375,59,652934
ABalpa:23,ABalpa,23,6773,-18226,-131,-131,6773,33.8,161,389,55,489365
ABalpaa:39,ABalpaa,39,6165,-18834,-128,-129,6165,30.1,133,368,47,324077
ABalpaaa:60,ABalpaaa,60,5392,-19607,-105,-111,5392,40.9,92,341,41,307568
ABalpaaaa:87,ABalpaaaa,87,5239,-19760,-106,-111,5239,45.8,115,363,35,313921
ABalpaaaaa:123,ABalpaaaaa,123,8704,-16295,-33,-31,8704,40.7,131,394,34,425659
ABalpaaaaaa:171,ABalpaaaaaa,171,9899,-15100,-13,-29,9899,34.0,169,385,28,314306
ABalpaaaaap:171,ABalpaaaaap,171,9864,-15135,-28,-30,9864,36.4,194,392,30,330573
ABalpaaaap:123,ABalpaaaap,123,8861,-16138,-38,-42,8861,40.4,183,413,31,403029
ABalpaaaapa:181,ABalpaaaapa,181,10025,-14974,42,34,10025,32.7,201,382,28,337208
ABalpaaaapp:181,ABalpaaaapp,181,9949,-15050,-32,-44,9949,32.6,231,388,27,322138
ABalpaaap:87,ABalpaaap,87,5224,-19775,-92,-98,5224,38.9,138,378,36,318148
ABalpaaapa:123,ABalpaaapa,123,8895,-16104,-44,-55,8895,35.2,198,384,30,345800
ABalpaaapaa:182,ABalpaaapaa,182,9932,-15067,-82,-86,9932,26.5,218,359,28,246769
ABalpaaapap:182,ABalpaaapap,182,9874,-15125,-123,-128,9874,25.3,227,323,28,255603
ABalpaaapp:123,ABalpaaapp,123,8812,-16187,-56,-60,8812,32.3,227,372,29,284372
ABalpaaappa:179,ABalpaaappa,179,9855,-15144,-99,-102,9855,26.5,245,335,26,229771
ABalpaaappp:179,ABalpaaappp,179,9913,-15086,-18,-14,9913,29.6,270,321,26,224806
ABalpaap:60,ABalpaap,60,5422,-19577,-74,-78,5422,28.9,131,331,44,220109
ABalpaapa:82,ABalpaapa,82,5094,-19905,-70,-71,5094,30.3,104,335,41,280820
ABalpaapaa:110,ABalpaapaa,110,7719,-17280,-28,-36,7719,39.4,117,356,31,273678
ABalpaapaaa:159,ABalpaapaaa,159,9705,-15294,-66,-74,9705,33.1,174,352,27,252869
ABalpaapaap:159,ABalpaapaap,159,9764,-15235,-16,-37,9764,28.6,178,324,27,212064
ABalpaapap:110,ABalpaapap,110,7031,-17968,-66,-79,7031,34.5,140,382,36,310816
ABalpaapapa:143,ABalpaapapa,143,9570,-15429,-68,-75,9570,32.4,176,380,29,212465
ABalpaapapp:143,ABalpaapapp,143,9552,-15447,-58,-62,9552,28.0,199,340,26,174682
ABalpaapp:82,ABalpaapp,82,5099,-19900,-60,-60,5099,26.7,152,367,37,239423
ABalpaappa:116,ABalpaappa,116,8475,-16524,-54,-54,8475,30.3,128,395,33,343363
ABalpaappaa:180,ABalpaappaa,180,10014,-14985,14,21,10014,34.9,146,386,28,264149
ABalpaappap:180,ABalpaappap,180,9979,-15020,10,19,9979,35.2,173,413,27,206327
ABalpaappp:116,ABalpaappp,116,8199,-16800,-60,-64,8199,26.7,161,403,35,377358
ABalpaapppa:166,ABalpaapppa,166,9785,-15214,-19,-22,9785,31.8,127,376,29,260224
ABalpaapppp:166,ABalpaapppp,166,9795,-15204,-2,0,9795,28.2,150,409,31,279362
ABalpap:39,ABalpap,39,6202,-18797,-189,-190,6202,37.3,201,411,47,339782
ABalpapa:59,ABalpapa,59,5487,-19512,-112,-115,5487,40.6,132,383,42,240719
ABalpapaa:83,ABalpapaa,83,5132,-19867,-37,-41,5132,32.6,129,395,36,267525
ABalpapaaa:116,ABalpapaaa,116,8061,-16938,-33,-33,8061,37.1,175,423,33,408116
ABalpapaaaa:160,ABalpapaaaa,160,9741,-15258,-25,-21,9741,31.5,198,422,32,461215
ABalpapaaap:160,ABalpapaaap,160,9719,-15280,-36,-37,9719,29.8,245,434,31,412970
ABalpapaap:116,ABalpapaap,116,8328,-16672,-47,-48,8328,38.6,228,439,31,378734
ABalpapaapa:172,ABalpapaapa,172,9874,-15125,-18,-19,9874,38.5,225,428,30,407898
ABalpapaapp:172,ABalpapaapp,172,9887,-15112,-6,0,9887,36.0,258,432,30,458029
ABalpapap:83,ABalpapap,83,5145,-19854,-56,-60,5145,33.9,176,414,37,257427
ABalpapapa:118,ABalpapapa,118,8176,-16823,-46,-51,8176,30.9,248,433,34,406109
ABalpapapaa:161,ABalpapapaa,161,9775,-15224,3,0,9775,27.4,271,428,31,406584
ABalpapapap:161,ABalpapapap,161,9719,-15280,-31,-36,9719,24.3,308,420,31,310895
ABalpapapp:118,ABalpapapp,118,8485,-16514,-13,-12,8485,28.9,298,442,32,365363
ABalpapappa:174,ABalpapappa,174,9890,-15109,24,13,9890,32.3,304,431,31,413712
ABalpapappp:174,ABalpapappp,174,9862,-15137,-53,-43,9862,29.9,326,423,30,334258
ABalpapp:59,ABalpapp,59,5467,-19532,-131,-132,5467,39.7,200,409,43,217704
ABalpappa:82,ABalpappa,82,5111,-19888,-52,-58,5111,40.5,188,421,37,244613
ABalpappaa:111,ABalpappaa,111,7944,-17055,-33,-41,7944,40.7,213,415,32,374212
ABalpappaaa:165,ABalpappaaa,165,9815,-15184,-14,-34,9815,36.6,244,345,27,307300
ABalpappaap:165,ABalpappaap,165,9787,-15212,-36,-59,9787,29.3,239,376,28,250495
ABalpappap:111,ABalpappap,111,7388,-17611,-111,-115,7388,39.7,245,410,32,297996
ABalpappapa:150,ABalpappapa,150,9690,-15310,22,16,9690,33.7,253,416,28,223197
ABalpappapp:150,ABalpappapp,150,9679,-15320,-1,-5,9679,32.8,293,399,29,291194
ABalpappp:82,ABalpappp,82,5099,-19900,-90,-95,5099,40.7,242,417,39,242450
ABalpapppa:110,ABalpapppa,110,8235,-16764,-54,-64,8235,31.9,247,376,31,315666
ABalpapppaa:180,ABalpapppaa,180,9903,-15097,-94,-106,9903,26.3,258,363,28,278650
ABalpapppap:180,ABalpapppap,180,9917,-15082,-51,-55,9917,25.5,282,339,26,206918
ABalpapppp:110,ABalpapppp,110,7166,-17833,-81,-95,7166,36.6,282,394,35,309188
ABalpappppa:146,ABalpappppa,146,9615,-15384,-40,-43,9615,33.3,267,385,28,224535
ABalpappppp:146,ABalpappppp,146,9600,-15399,-73,-85,9600,30.0,312,374,30,242176
ABalpp:23,ABalpp,23,6707,-18292,-57,-57,6707,16.2,242,362,54,285456
ABalppa:40,ABalppa,40,6148,-18851,-54,-55,6148,18.3,208,379,46,218279
ABalppaa:61,ABalppaa,61,5310,-19689,-69,-72,5310,27.1,113,374,41,251236
ABalppaaa:89,ABalppaaa,89,5452,-19547,0,0,5452,17.1,132,347,36,339952
ABalppaaaa:128,ABalppaaaa,128,8789,-16210,55,58,8789,20.3,128,375,30,298840
ABalppaaap:128,ABalppaaap,128,9028,-15971,21,26,9028,17.1,152,377,37,585233
ABalppaaapa:181,ABalppaaapa,181,9892,-15107,-52,-43,9892,19.3,153,397,34,29834
ABalppaaapp:181,ABalppaaapp,181,9932,-15067,-13,-26,9932,19.6,182,413,32,323531
ABalppaap:89,ABalppaap,89,5112,-19887,-39,-35,5112,15.0,170,371,36,234243
ABalppaapa:121,ABalppaapa,121,8461,-16538,7,4,8461,15.8,193,387,32,328291
ABalppaapp:121,ABalppaapp,121,8580,-16419,-28,-19,8580,12.9,186,381,35,414489
ABalppaappa:171,ABalppaappa,171,9835,-15164,-17,-13,9835,22.7,203,427,30,291878
ABalppaappp:171,ABalppaappp,171,9860,-15139,-12,-4,9860,17.1,229,409,30,40766
ABalppap:61,ABalppap,61,5398,-19601,-34,-38,5398,25.7,176,382,43,186117
ABalppapa:84,ABalppapa,84,5071,-19928,-58,-59,5071,26.9,190,396,37,244681
ABalppapaa:114,ABalppapaa,114,8189,-16810,-51,-47,8189,26.9,198,423,34,392766
ABalppapaaa:171,ABalppapaaa,171,9837,-15162,-46,-48,9837,26.2,174,422,29,261828
ABalppapaap:171,ABalppapaap,171,9854,-15145,-28,-39,9854,28.1,211,427,28,303192
ABalppapap:114,ABalppapap,114,8075,-16924,-29,-32,8075,23.1,219,425,33,357270
ABalppapapa:166,ABalppapapa,166,9751,-15248,-43,-45,9751,27.7,236,431,29,337435
ABalppapapp:166,ABalppapapp,166,9807,-15192,13,11,9807,23.8,253,430,30,179493
ABalppapp:84,ABalppapp,84,5056,-19943,-83,-87,5056,28.0,242,413,38,236521
ABalppappa:113,ABalppappa,113,8057,-16942,-26,-34,8057,23.2,223,408,32,318278
ABalppappaa:166,ABalppappaa,166,9847,-15152,2,-14,9847,23.7,170,394,27,263265
ABalppappap:166,ABalppappap,166,9837,-15162,-24,-40,9837,22.1,202,399,26,235599
ABalppappp:113,ABalppappp,113,7733,-17266,-48,-57,7733,27.1,273,409,34,329295
ABalppapppa:156,ABalppapppa,156,9696,-15303,-23,-15,9696,22.0,234,409,29,253523
ABalppapppp:156,ABalppapppp,156,9720,-15279,7,1,9720,18.3,260,419,31,345965
ABalppp:40,ABalppp,40,6208,-18791,-44,-45,6208,25.3,292,398,48,253426
ABalpppa:59,ABalpppa,59,5424,-19575,-26,-29,5424,24.9,187,341,42,160909
ABalpppaa:83,ABalpppaa,83,5077,-19922,-42,-43,5077,17.1,154,313,35,180286
ABalpppaaa:118,ABalpppaaa,118,8500,-16499,8,15,8500,12.2,142,347,34,405994
ABalpppaaaa:176,ABalpppaaaa,176,9885,-15114,-3,5,9885,13.8,150,379,30,276758
ABalpppaaap:176,ABalpppaaap,176,9902,-15097,1,2,9902,13.0,187,397,30,297265
ABalpppaap:118,ABalpppaap,118,8519,-16480,0,3,8519,7.7,163,327,33,306966
ABalpppaapd:177,ABalpppaapd,177,9822,-15177,-105,-89,9822,9.5,143,322,28,238415
ABalpppaapv:177,ABalpppaapv,177,9896,-15104,1,11,9896,12.3,143,354,29,265727
ABalpppap:83,ABalpppap,83,5020,-19979,-54,-55,5020,11.4,202,335,36,128364
ABalpppapa:113,ABalpppapa,113,8025,-16974,-14,-18,8025,8.0,193,351,32,222949
ABalpppapad:166,ABalpppapad,166,9816,-15183,3,10,9816,8.1,188,361,28,244019
ABalpppapav:166,ABalpppapav,166,9818,-15181,7,-5,9818,13.7,186,367,30,301866
ABalpppapp:113,ABalpppapp,113,7734,-17265,19,20,7734,5.2,227,329,33,177182
ABalpppappa:156,ABalpppappa,156,9690,-15309,-14,-14,9690,7.7,189,308,26,154631
ABalpppappp:156,ABalpppappp,156,9632,-15367,-43,-44,9632,9.8,198,285,28,63689
ABalpppp:59,ABalpppp,59,5451,-19548,-52,-53,5451,29.3,257,369,43,151647
ABalppppa:81,ABalppppa,81,5046,-19953,-32,-32,5046,17.8,197,287,35,128989
ABalppppaa:113,ABalppppaa,113,8077,-16922,6,2,8077,16.2,181,315,31,222206
ABalppppaad:167,ABalppppaad,167,9833,-15166,-2,-3,9833,14.3,191,319,26,141904
ABalppppaav:167,ABalppppaav,167,9620,-15379,2,-19,9620,19.7,172,326,28,247229
ABalppppap:113,ABalppppap,113,7862,-17137,-28,-31,7862,10.5,200,293,30,154929
ABalppppapa:161,ABalppppapa,161,9766,-15233,3,-14,9766,16.9,143,298,29,248724
ABalppppapp:161,ABalppppapp,161,9748,-15251,-4,5,9748,11.4,150,299,26,164820
ABalppppp:81,ABalppppp,81,4997,-20002,-34,-35,4997,13.8,252,312,38,102835
ABalpppppa:108,ABalpppppa,108,7368,-17631,-18,-20,7368,10.3,229,310,31,135825
ABalpppppaa:154,ABalpppppaa,154,9643,-15356,-35,-28,9643,16.0,215,313,26,169114
ABalpppppap:154,ABalpppppap,154,9658,-15341,11,5,9658,13.9,238,308,28,164019
ABalpppppp:108,ABalpppppp,108,6913,-18086,-8,-10,6913,10.2,274,308,35,146460
ABalppppppa:144,ABalppppppa,144,9570,-15429,2,7,9570,14.1,267,280,27,72761
ABalppppppp:144,ABalppppppp,144,9548,-15451,-14,-21,9548,8.0,269,272,31,59344
ABar:2,ABar,2,6607,-18392,-168,-168,6607,36.8,237,210,72,980591
ABara:10,ABara,10,6788,-18211,-265,-265,6788,49.0,244,247,63,766024
ABaraa:23,ABaraa,23,6757,-18242,-263,-263,6757,52.0,172,297,57,641537
ABaraaa:39,ABaraaa,39,6196,-18803,-238,-238,6196,48.9,140,264,47,434368
ABaraaaa:59,ABaraaaa,59,5386,-19613,-183,-189,5386,52.8,135,289,41,342325
ABaraaaaa:86,ABaraaaaa,86,5154,-19845,-67,-75,5154,46.3,104,306,36,374990
ABaraaaaaa:119,ABaraaaaaa,119,8508,-16491,-46,-41,8508,44.6,114,316,32,354670
ABaraaaaaaa:174,ABaraaaaaaa,174,9879,-15120,-16,-16,9879,41.3,119,360,28,250710
ABaraaaaaap:174,ABaraaaaaap,174,9916,-15083,7,19,9916,39.0,116,330,27,179373
ABaraaaaap:119,ABaraaaaap,119,8567,-16432,-46,-59,8567,46.8,151,340,32,392519
ABaraaaaapa:174,ABaraaaaapa,174,9867,-15132,-73,-82,9867,40.1,171,369,25,143316
ABaraaaaapp:174,ABaraaaaapp,174,9908,-15091,-13,-47,9908,41.5,193,343,24,173793
ABaraaaap:86,ABaraaaap,86,5366,-19633,-87,-99,5366,45.1,143,326,34,328916
ABaraaaapa:126,ABaraaaapa,126,9010,-15989,-71,-83,9010,39.2,134,321,30,333460
ABaraaaapaa:186,ABaraaaapaa,186,9969,-15030,-107,-128,9969,35.8,142,343,23,157506
ABaraaaapap:186,ABaraaaapap,186,9989,-15010,-76,-53,9989,37.0,160,318,23,100768
ABaraaaapp:126,ABaraaaapp,126,9312,-15687,11,-4,9312,29.4,171,277,28,273699
ABaraaap:59,ABaraaap,59,5454,-19545,-210,-220,5454,51.7,188,248,44,317805
ABaraaapa:81,ABaraaapa,81,5034,-19965,-205,-215,5034,53.6,146,313,40,333028
ABaraaapaa:108,ABaraaapaa,108,7646,-17353,-54,-65,7646,46.4,141,342,32,351814
ABaraaapaaa:160,ABaraaapaaa,160,9753,-15246,-21,-33,9753,40.2,169,335,27,256540
ABaraaapaap:160,ABaraaapaap,160,9692,-15307,-119,-128,9692,40.4,195,308,25,185572
ABaraaapap:108,ABaraaapap,108,7319,-17680,-127,-147,7319,47.1,166,361,34,326879
ABaraaapapa:152,ABaraaapapa,152,9697,-15302,-43,-57,9697,38.0,200,337,27,212857
ABaraaapapp:152,ABaraaapapp,152,9672,-15327,-49,-59,9672,40.1,223,317,26,190918
ABaraaapp:81,ABaraaapp,81,5104,-19895,-189,-197,5104,57.6,199,320,37,322085
ABaraaappa:114,ABaraaappa,114,8268,-16731,-105,-123,8268,51.0,163,359,34,467130
ABaraaappaa:173,ABaraaappaa,173,9952,-15047,38,19,9952,39.7,146,376,30,322286
ABaraaappap:173,ABaraaappap,173,9906,-15093,-22,-32,9906,42.1,174,403,27,249847
ABaraaappp:114,ABaraaappp,114,8120,-16879,-88,-104,8120,53.2,191,368,33,414386
ABaraaapppa:166,ABaraaapppa,166,9811,-15188,-24,-36,9811,44.2,151,384,30,323842
ABaraaapppp:166,ABaraaapppp,166,9806,-15193,-61,-81,9806,46.3,193,411,28,260558
ABaraap:39,ABaraap,39,6193,-18806,-319,-322,6193,56.2,208,296,49,419433
ABaraapa:59,ABaraapa,59,5490,-19509,-173,-180,5490,57.1,176,310,45,324480
ABaraapaa:83,ABaraapaa,83,5077,-19922,-111,-116,5077,41.2,139,357,35,292847
ABaraapaaa:113,ABaraapaaa,113,7980,-17019,-69,-79,7980,33.4,138,327,31,409360
ABaraapaaaa:164,ABaraapaaaa,164,9724,-15275,-110,-119,9724,30.3,153,310,30,422309
ABaraapaaap:164,ABaraapaaap,164,9790,-15209,-17,-35,9790,31.5,170,288,30,428541
ABaraapaap:113,ABaraapaap,113,7748,-17251,-60,-63,7748,36.1,177,333,32,390468
ABaraapaapa:156,ABaraapaapa,156,9683,-15316,-30,-38,9683,28.9,184,298,30,386868
ABaraapaapp:156,ABaraapaapp,156,9707,-15292,23,17,9707,30.7,221,297,28,300081
ABaraapap:83,ABaraapap,83,5087,-19912,-75,-82,5087,43.2,182,379,37,293302
ABaraapapa:111,ABaraapapa,111,7335,-17664,-59,-67,7335,31.6,192,350,35,430196
ABaraapapaa:149,ABaraapapaa,149,9632,-15367,5,-1,9632,26.5,226,331,29,312080
ABaraapapap:149,ABaraapapap,149,9606,-15393,-11,-7,9606,26.4,251,314,28,266925
ABaraapapp:111,ABaraapapp,111,8102,-16897,-32,-39,8102,31.2,244,340,32,347649
ABaraapappa:173,ABaraapappa,173,9873,-15126,20,16,9873,22.5,281,313,30,318945
ABaraapappp:173,ABaraapappp,173,9826,-15174,-52,-47,9826,30.7,289,301,28,274843
ABaraapp:59,ABaraapp,59,5465,-19534,-223,-227,5465,58.0,247,339,45,300558
ABaraappa:82,ABaraappa,82,5090,-19909,-92,-106,5090,47.0,206,369,36,262844
ABaraappaa:112,ABaraappaa,112,7998,-17001,-73,-90,7998,42.2,170,303,32,402617
ABaraappaaa:166,ABaraappaaa,166,9884,-15115,36,40,9884,39.1,164,297,30,409739
ABaraappaap:166,ABaraappaap,166,9874,-15125,31,20,9874,38.9,181,277,31,458714
ABaraappap:112,ABaraappap,112,7691,-17308,-83,-88,7691,38.1,205,309,32,334498
ABaraappapa:157,ABaraappapa,157,9711,-15288,-35,-45,9711,38.6,196,283,30,372007
ABaraappapp:157,ABaraappapp,157,9717,-15282,-40,-42,9717,38.5,239,280,30,312223
ABaraappp:82,ABaraappp,82,5084,-19915,-117,-126,5084,49.1,245,385,38,309783
ABaraapppa:113,ABaraapppa,113,7619,-17380,-99,-103,7619,43.3,217,338,32,310808
ABaraapppaa:153,ABaraapppaa,153,9644,-15355,-73,-87,9644,41.8,247,314,27,255440
ABaraapppap:153,ABaraapppap,153,9671,-15328,-26,-32,9671,39.1,271,302,30,327228
ABaraapppp:113,ABaraapppp,113,8256,-16744,-61,-69,8256,41.4,258,315,31,330429
ABaraappppa:173,ABaraappppa,173,9947,-15052,0,-15,9947,45.7,285,312,30,371346
ABaraappppp:173,ABaraappppp,173,9864,-15135,-33,-46,9864,40.7,293,304,27,283405
ABarap:23,ABarap,23,6780,-18220,-250,-249,6780,54.3,258,255,56,579993
ABarapa:39,ABarapa,39,6184,-18815,-223,-223,6184,48.7,219,219,48,441639
ABarapaa:60,ABarapaa,60,5430,-19569,-157,-163,5430,57.9,218,272,44,318107
ABarapaaa:85,ABarapaaa,85,5175,-19824,-86,-89,5175,51.8,167,379,35,370119
ABarapaaaa:121,ABarapaaaa,121,8701,-16298,-17,-22,8701,47.0,187,400,33,548382
ABarapaaaaa:174,ABarapaaaaa,174,9855,-15144,-102,-143,9855,42.1,190,377,30,472077
ABarapaaaap:174,ABarapaaaap,174,9912,-15087,-7,-32,9912,41.3,222,379,27,324994
ABarapaaap:121,ABarapaaap,121,8711,-16288,-24,-22,8711,47.4,220,417,32,512726
ABarapaaapa:176,ABarapaaapa,176,9946,-15053,18,-9,9946,40.7,212,396,27,257267
ABarapaaapp:176,ABarapaaapp,176,9957,-15042,15,15,9957,40.9,242,398,26,337032
ABarapaap:85,ABarapaap,85,5109,-19890,-93,-110,5109,54.7,213,375,35,319219
ABarapaapa:114,ABarapaapa,114,8422,-16577,-59,-83,8422,44.3,200,376,32,496401
ABarapaapaa:180,ABarapaapaa,180,9925,-15074,-68,-115,9925,40.7,213,352,27,364237
ABarapaapap:180,ABarapaapap,180,9953,-15046,-45,-58,9953,43.4,236,324,29,439658
ABarapaapp:114,ABarapaapp,114,7678,-17321,-78,-97,7678,46.3,227,375,33,461534
ABarapaappa:153,ABarapaappa,153,9707,-15292,-5,-11,9707,42.1,251,348,28,302418
ABarapaappp:153,ABarapaappp,153,9662,-15337,-56,-66,9662,35.7,272,343,30,393626
ABarapap:60,ABarapap,60,5469,-19530,-209,-222,5469,57.9,286,282,45,291844
ABarapapa:82,ABarapapa,82,5089,-19910,-149,-165,5089,55.7,251,386,37,322894
ABarapapaa:112,ABarapapaa,112,7937,-17062,-52,-60,7937,48.2,244,401,33,506059
ABarapapaaa:163,ABarapapaaa,163,9807,-15192,-31,-45,9807,44.5,238,366,28,402711
ABarapapaap:163,ABarapapaap,163,9795,-15204,-4,-7,9795,39.8,253,377,28,388260
ABarapapap:112,ABarapapap,112,7661,-17338,-61,-72,7661,44.5,284,417,34,479101
ABarapapapa:154,ABarapapapa,154,9726,-15273,-27,-32,9726,40.0,284,414,30,433503
ABarapapapp:154,ABarapapapp,154,9738,-15261,-35,-51,9738,35.3,320,387,31,429219
ABarapapp:82,ABarapapp,82,5085,-19915,-162,-166,5085,52.5,295,393,39,327743
ABarapappa:110,ABarapappa,110,8251,-16748,-79,-83,8251,46.0,261,361,32,471331
ABarapappaa:179,ABarapappaa,179,10022,-14977,-19,-45,10022,45.6,275,352,28,384223
ABarapappap:179,ABarapappap,179,9961,-15038,-71,-94,9961,42.5,286,333,28,371281
ABarapappp:110,ABarapappp,110,7108,-17891,-143,-169,7108,46.1,300,388,37,519110
ABarapapppa:145,ABarapapppa,145,9573,-15426,-87,-93,9573,42.7,274,386,28,311950
ABarapapppp:145,ABarapapppp,145,9636,-15363,-62,-82,9636,41.6,318,376,32,388080
ABarapp:39,ABarapp,39,6196,-18803,-294,-295,6196,56.7,295,256,46,366037
ABarappa:59,ABarappa,59,5467,-19532,-175,-185,5467,58.0,311,258,42,274458
ABarappaa:85,ABarappaa,85,5185,-19814,-110,-123,5185,57.6,253,357,35,320545
ABarappaaa:119,ABarappaaa,119,8564,-16435,-30,-33,8564,52.2,249,406,34,579458
ABarappaaaa:173,ABarappaaaa,173,9881,-15118,-73,-73,9881,45.3,225,418,30,369335
ABarappaaap:173,ABarappaaap,173,9953,-15046,30,8,9953,45.0,273,416,28,332625
ABarappaap:119,ABarappaap,119,8502,-16497,-51,-56,8502,51.3,287,410,33,506778
ABarappaapa:171,ABarappaapa,171,9826,-15173,-69,-61,9826,42.5,256,433,28,214138
ABarappaapp:171,ABarappaapp,171,9867,-15132,0,11,9867,42.5,284,428,26,298718
ABarappap:85,ABarappap,85,5102,-19897,-164,-180,5102,57.2,310,354,36,289230
ABarappapa:114,ABarappapa,114,7991,-17008,-69,-89,7991,58.2,293,385,34,487087
ABarappapaa:160,ABarappapaa,160,9741,-15258,-69,-78,9741,48.1,298,413,29,392536
ABarappapap:160,ABarappapap,160,9776,-15223,-5,-5,9776,51.6,326,405,30,362819
ABarappapp:114,ABarappapp,114,8135,-16864,-93,-93,8135,54.7,337,409,34,481031
ABarappappa:168,ABarappappa,168,9804,-15195,-21,-22,9804,44.3,359,408,29,296210
ABarappappp:168,ABarappappp,168,9872,-15127,14,21,9872,48.6,371,400,30,374908
ABarappp:59,ABarappp,59,5431,-19568,-239,-247,5431,56.2,369,268,41,244713
ABarapppa:83,ABarapppa,83,5080,-19920,-197,-201,5080,57.2,257,316,36,276597
ABarapppaa:114,ABarapppaa,114,8235,-16764,-87,-96,8235,56.8,211,378,33,434893
ABarapppaaa:172,ABarapppaaa,172,9924,-15075,15,26,9924,50.9,174,397,29,344149
ABarapppaap:172,ABarapppaap,172,9895,-15104,-23,-15,9895,50.2,220,420,29,333160
ABarapppap:114,ABarapppap,114,8059,-16940,-130,-153,8059,57.0,245,374,34,431252
ABarapppapa:165,ABarapppapa,165,9841,-15158,-12,1,9841,48.9,242,425,29,285234
ABarapppapp:165,ABarapppapp,165,9798,-15201,-16,-16,9798,49.5,284,427,30,330692
ABarapppp:83,ABarapppp,83,5060,-19939,-179,-192,5060,56.4,311,311,36,286225
ABarappppa:113,ABarappppa,113,8080,-16919,-90,-111,8080,56.4,246,354,32,397024
ABarappppaa:167,ABarappppaa,167,9850,-15149,-31,-57,9850,50.3,181,368,27,307404
ABarappppap:167,ABarappppap,167,9828,-15171,-90,-119,9828,49.9,218,391,28,331804
ABarappppp:113,ABarappppp,113,7771,-17228,-139,-167,7771,58.6,295,346,32,338178
ABarapppppa:156,ABarapppppa,156,9740,-15259,-82,-91,9740,52.1,258,391,30,332920
ABarapppppp:156,ABarapppppp,156,9765,-15234,-79,-104,9765,52.9,278,398,29,356150
ABarp:10,ABarp,10,6801,-18198,-42,-42,6801,23.0,299,205,64,577677
ABarpa:22,ABarpa,22,6735,-18264,-135,-136,6735,33.3,235,199,57,517684
ABarpaa:40,ABarpaa,40,6185,-18814,-99,-99,6185,29.5,211,193,49,339348
ABarpaaa:59,ABarpaaa,59,5366,-19633,-110,-111,5366,37.4,193,189,42,242759
ABarpaaaa:86,ABarpaaaa,86,5112,-19887,-29,-29,5112,26.5,172,196,35,192010
ABarpaaaaa:119,ABarpaaaaa,119,8648,-16351,0,0,8648,29.2,149,206,33,281773
ABarpaaaaal:178,ABarpaaaaal,178,9936,-15063,-18,-15,9936,28.8,100,241,27,156296
ABarpaaaaar:178,ABarpaaaaar,178,9932,-15067,-55,-67,9932,37.3,94,264,30,259184
ABarpaaaap:119,ABarpaaaap,119,8607,-16392,-26,-27,8607,25.0,182,185,32,237153
ABarpaaaapa:179,ABarpaaaapa,179,9938,-15061,-28,-27,9938,30.0,119,225,26,152453
ABarpaaaapp:179,ABarpaaaapp,179,10028,-14971,9,11,10028,28.8,157,224,26,158245
ABarpaaap:86,ABarpaaap,86,5173,-19826,-24,-28,5173,24.0,216,182,34,185312
ABarpaaapa:122,ABarpaaapa,122,8854,-16145,-33,-38,8854,30.3,188,198,32,243817
ABarpaaapaa:183,ABarpaaapaa,183,10084,-14915,-10,-31,10084,37.6,104,242,26,129046
ABarpaaapap:183,ABarpaaapap,183,9983,-15016,-52,-54,9983,39.2,138,220,28,119757
ABarpaaapp:122,ABarpaaapp,122,8240,-16760,28,25,8240,24.2,232,177,29,190863
ABarpaap:59,ABarpaap,59,5455,-19544,-60,-62,5455,28.3,255,190,44,171205
ABarpaapa:81,ABarpaapa,81,5061,-19938,-49,-52,5061,27.2,257,174,38,179964
ABarpaapaa:110,ABarpaapaa,110,8605,-16394,-49,-53,8605,29.3,231,183,30,176958
ABarpaapap:110,ABarpaapap,110,8654,-16345,-21,-27,8654,23.3,283,171,33,154354
ABarpaapp:81,ABarpaapp,81,5047,-19952,-85,-85,5047,26.4,324,176,40,189482
ABarpaappa:110,ABarpaappa,110,8658,-16341,-34,-36,8658,26.8,313,163,33,157679
ABarpaappp:110,ABarpaappp,110,8645,-16354,-34,-40,8645,27.6,346,170,34,163415
ABarpap:40,ABarpap,40,6172,-18827,-119,-119,6172,39.6,277,260,47,297759
ABarpapa:59,ABarpapa,59,5429,-19570,-118,-119,5429,41.3,245,229,43,231063
ABarpapaa:82,ABarpapaa,82,5085,-19914,-74,-76,5085,33.9,209,183,35,191509
ABarpapaaa:114,ABarpapaaa,114,8369,-16630,-44,-44,8369,37.0,177,183,31,280927
ABarpapaaaa:179,ABarpapaaaa,179,9948,-15051,-54,-79,9948,41.3,129,240,26,197280
ABarpapaaap:179,ABarpapaaap,179,9913,-15086,-64,-79,9913,43.9,154,232,28,251835
ABarpapaap:114,ABarpapaap,114,7843,-17156,-71,-84,7843,34.5,212,184,32,246602
ABarpapaapa:157,ABarpapaapa,157,9743,-15256,5,-4,9743,43.1,182,233,26,191096
ABarpapaapp:157,ABarpapaapp,157,9735,-15264,-97,-120,9735,42.5,194,211,28,176180
ABarpapap:82,ABarpapap,82,5120,-19879,-37,-42,5120,37.1,254,174,36,200814
ABarpapapa:114,ABarpapapa,114,8775,-16224,-70,-73,8775,32.8,209,183,30,243939
ABarpapapp:114,ABarpapapp,114,8789,-16210,-65,-71,8789,32.2,257,168,31,245471
ABarpapp:59,ABarpapp,59,5440,-19559,-82,-83,5440,35.0,317,236,43,191021
ABarpappa:82,ABarpappa,82,5158,-19841,-38,-45,5158,39.7,293,170,35,226747
ABarpappaa:117,ABarpappaa,117,8910,-16089,-47,-51,8910,45.1,218,192,30,290468
ABarpappap:117,ABarpappap,117,8906,-16093,-83,-94,8906,47.1,245,194,32,265762
ABarpappp:82,ABarpappp,82,5084,-19916,-112,-119,5084,38.5,340,179,38,220498
ABarpapppa:113,ABarpapppa,113,8770,-16229,-99,-114,8770,48.2,278,194,31,274311
ABarpapppp:113,ABarpapppp,113,8793,-16206,-93,-101,8793,45.9,306,187,33,275674
ABarpp:22,ABarpp,22,6749,-18250,-81,-81,6749,28.3,354,195,56,452092
ABarppa:40,ABarppa,40,6157,-18842,-62,-62,6157,18.5,292,196,47,235055
ABarppaa:59,ABarppaa,59,5381,-19618,-33,-34,5381,18.9,303,186,42,137486
ABarppaaa:86,ABarppaaa,86,5189,-19810,-33,-34,5189,15.4,352,177,36,153025
ABarppaaaa:123,ABarppaaaa,123,9134,-15865,-14,-18,9134,12.3,316,185,29,140398
ABarppaaap:123,ABarppaaap,123,9125,-15874,6,5,9125,6.4,350,212,32,27706
ABarppaap:86,ABarppaap,86,5106,-19893,-20,-20,5106,13.9,397,205,36,100758
ABarppaapa:119,ABarppaapa,119,8999,-16000,-11,-12,8999,18.9,376,180,34,138114
ABarppaapp:119,ABarppaapp,119,8950,-16049,-29,-29,8950,9.2,413,224,32,87979
ABarppap:59,ABarppap,59,5384,-19615,-21,-20,5384,20.4,351,236,43,116820
ABarppapa:87,ABarppapa,87,5241,-19758,18,19,5241,12.5,414,254,37,73588
ABarppapaa:123,ABarppapaa,123,9134,-15865,0,-2,9134,6.3,381,238,32,54996
ABarppapap:123,ABarppapap,123,9143,-15856,20,20,9143,6.6,427,257,33,7362
ABarppapp:87,ABarppapp,87,5216,-19783,2,2,5216,12.3,474,267,38,100625
ABarppappa:123,ABarppappa,123,9124,-15875,0,-3,9124,7.1,495,259,33,36469
ABarppappp:123,ABarppappp,123,9123,-15876,-21,-21,9123,12.9,562,305,32,138436
ABarppp:40,ABarppp,40,6138,-18861,-99,-99,6138,27.0,371,210,50,283891
ABarpppa:60,ABarpppa,60,5358,-19641,-84,-88,5358,29.2,368,209,43,164430
ABarpppaa:85,ABarpppaa,85,5115,-19884,-101,-100,5115,34.1,371,162,35,177105
ABarpppaaa:120,ABarpppaaa,120,9075,-15924,-52,-56,9075,39.4,318,167,29,223444
ABarpppaap:120,ABarpppaap,120,9019,-15980,-129,-137,9019,46.7,356,177,32,208298
ABarpppap:85,ABarpppap,85,5114,-19885,-110,-116,5114,36.1,412,181,37,190636
ABarpppapa:117,ABarpppapa,117,8935,-16064,-68,-71,8935,32.5,365,159,33,150553
ABarpppapp:117,ABarpppapp,117,8997,-16002,-91,-103,8997,44.4,424,178,32,233912
ABarpppp:60,ABarpppp,60,5375,-19624,-55,-55,5375,27.1,435,236,44,162641
ABarppppa:86,ABarppppa,86,5171,-19828,-139,-150,5171,39.9,447,199,37,214533
ABarppppaa:122,ABarppppaa,122,9136,-15863,-140,-149,9136,50.3,393,186,32,217629
ABarppppap:122,ABarppppap,122,9118,-15881,-200,-211,9118,51.2,438,196,31,195745
ABarppppp:86,ABarppppp,86,5242,-19757,-73,-77,5242,37.9,501,206,39,216756
ABarpppppa:122,ABarpppppa,122,9185,-15814,-85,-93,9185,47.1,500,203,31,183351
ABarpppppp:122,ABarpppppp,122,9168,-15831,-96,-101,9168,46.5,563,248,32,203879
ABp:1,ABp,1,6664,-18336,-78,-78,6664,25.0,384,201,74,0
ABpl:2,ABpl,2,6587,-18412,-71,-71,6587,20.6,344,330,71,389511
ABpla:10,ABpla,10,6768,-18231,-39,-39,6768,13.5,212,295,60,326911
ABplaa:23,ABplaa,23,6726,-18273,-51,-51,6726,12.9,191,253,57,350279
ABplaaa:39,ABplaaa,39,6190,-18809,-26,-26,6190,15.4,151,250,49,293508
ABplaaaa:60,ABplaaaa,60,5352,-19647,-40,-40,5352,20.2,131,248,43,193126
ABplaaaaa:84,ABplaaaaa,84,5069,-19930,-16,-17,5069,12.1,184,226,37,197905
ABplaaaaaa:118,ABplaaaaaa,118,8608,-16391,2,-1,8608,18.3,167,205,31,286559
ABplaaaaaaa:181,ABplaaaaaaa,181,9951,-15049,0,-8,9951,21.6,121,253,27,222290
ABplaaaaaap:181,ABplaaaaaap,181,10003,-14996,22,28,10003,22.5,150,229,27,223005
ABplaaaaap:118,ABplaaaaap,118,8172,-16827,2,-5,8172,14.9,208,211,33,252719
ABplaaaaapa:161,ABplaaaaapa,161,9745,-15254,-45,-57,9745,19.4,181,258,26,208149
ABplaaaaapp:161,ABplaaaaapp,161,9743,-15256,-35,-36,9743,19.7,181,226,31,263362
ABplaaaap:84,ABplaaaap,84,5048,-19951,-62,-61,5048,12.8,233,204,36,156312
ABplaaaapa:117,ABplaaaapa,117,8875,-16124,-49,-54,8875,20.7,217,194,30,281131
ABplaaaapp:117,ABplaaaapp,117,8860,-16139,-55,-57,8860,20.2,247,180,31,262527
ABplaaap:60,ABplaaap,60,5360,-19639,-33,-31,5360,14.4,205,227,43,132637
ABplaaapa:85,ABplaaapa,85,5172,-19827,-28,-32,5172,12.3,274,191,34,149786
ABplaaapaa:123,ABplaaapaa,123,9105,-15894,-18,-18,9105,8.6,204,227,30,268916
ABplaaapap:123,ABplaaapap,123,9102,-15897,-12,-11,9102,5.1,238,238,32,222588
ABplaaapp:85,ABplaaapp,85,5124,-19875,-1,-4,5124,14.4,317,201,37,145182
ABplaaappa:117,ABplaaappa,117,8859,-16140,-30,-30,8859,6.6,267,228,32,187398
ABplaaappp:117,ABplaaappp,117,8872,-16127,-23,-25,8872,9.3,293,210,33,186888
ABplaap:39,ABplaap,39,6202,-18797,-25,-25,6202,15.5,202,314,48,193413
ABplaapa:59,ABplaapa,59,5382,-19617,-29,-29,5382,13.6,161,290,42,132035
ABplaapaa:84,ABplaapaa,84,5049,-19950,-23,-22,5049,6.3,212,251,38,157909
ABplaapaaa:117,ABplaapaaa,117,8401,-16598,-19,-18,8401,12.8,159,237,33,347639
ABplaapaaaa:175,ABplaapaaaa,175,9858,-15141,-23,-21,9858,26.8,92,274,30,327993
ABplaapaaap:175,ABplaapaaap,175,9832,-15167,-35,-23,9832,19.8,107,267,30,343137
ABplaapaap:117,ABplaapaap,117,8164,-16835,-11,-11,8164,7.2,203,246,35,302479
ABplaapaapa:163,ABplaapaapa,163,9743,-15256,15,25,9743,12.3,129,270,31,363298
ABplaapaapp:163,ABplaapaapp,163,9739,-15260,-28,-29,9739,9.6,168,275,30,255103
ABplaapap:84,ABplaapap,84,5050,-19949,-21,-20,5050,6.1,275,234,36,103221
ABplaapapa:116,ABplaapapa,116,8311,-16688,-17,-19,8311,8.7,233,266,32,241041
ABplaapapaa:172,ABplaapapaa,172,9815,-15184,-30,-30,9815,16.7,215,280,28,247781
ABplaapapap:172,ABplaapapap,172,9863,-15136,33,26,9863,11.9,235,270,31,296409
ABplaapapp:116,ABplaapapp,116,7980,-17019,16,16,7980,7.1,266,256,32,146820
ABplaapappa:159,ABplaapappa,159,9715,-15284,15,11,9715,10.4,203,255,28,236291
ABplaapappp:159,ABplaapappp,159,9692,-15307,-29,-38,9692,8.8,236,253,31,254371
ABplaapp:59,ABplaapp,59,5429,-19570,-7,-7,5429,11.2,234,296,42,31864
ABplaappa:82,ABplaappa,82,5062,-19937,-26,-29,5062,9.3,280,269,35,75583
ABplaappaa:117,ABplaappaa,117,8873,-16126,-9,-4,8873,5.5,262,332,30,176003
ABplaappap:117,ABplaappap,117,8864,-16135,-13,-14,8864,5.3,298,328,33,101407
ABplaappp:82,ABplaappp,82,5034,-19965,-12,-12,5034,9.9,338,291,39,33751
ABplaapppa:112,ABplaapppa,112,8668,-16331,-11,-12,8668,7.2,328,324,32,15339
ABplaapppp:112,ABplaapppp,112,8660,-16339,-20,-22,8660,6.6,377,336,35,2591
ABplap:23,ABplap,23,6721,-18279,-27,-27,6721,13.5,295,249,56,276671
ABplapa:39,ABplapa,39,6200,-18799,-13,-13,6200,12.1,237,236,48,196297
ABplapaa:59,ABplapaa,59,5406,-19593,6,7,5406,9.1,247,223,40,78528
ABplapaaa:85,ABplapaaa,85,5105,-19894,17,17,5105,6.4,327,234,36,98298
ABplapaaaa:117,ABplapaaaa,117,8314,-16685,-26,-29,8314,7.8,336,239,33,156519
ABplapaaaaa:170,ABplapaaaaa,170,9558,-15441,-36,-23,9558,13.6,283,223,26,174526
ABplapaaaap:170,ABplapaaaap,170,9813,-15186,-12,-7,9813,9.5,284,209,32,230330
ABplapaaap:117,ABplapaaap,117,8242,-16758,-26,-27,8242,8.5,361,260,31,134085
ABplapaaapa:167,ABplapaaapa,167,9788,-15211,-5,-3,9788,10.4,305,253,32,212145
ABplapaaapp:167,ABplapaaapp,167,9799,-15200,4,-3,9799,9.0,335,251,29,141165
ABplapaap:85,ABplapaap,85,5144,-19855,13,14,5144,4.5,384,252,36,92535
ABplapaapa:121,ABplapaapa,121,9014,-15985,-35,-36,9014,6.8,360,314,31,201760
ABplapaapp:121,ABplapaapp,121,9009,-15990,-37,-37,9009,4.7,408,311,34,209052
ABplapap:59,ABplapap,59,5384,-19615,-18,-17,5384,8.9,308,242,42,49451
ABplapapa:83,ABplapapa,83,5074,-19925,-5,-6,5074,7.1,416,270,40,60470
ABplapapaa:117,ABplapapaa,117,8869,-16130,-26,-26,8869,7.2,522,289,34,164791
ABplapapap:117,ABplapapap,117,8878,-16121,-14,-16,8878,8.3,525,334,32,218314
ABplapapp:83,ABplapapp,83,5037,-19962,-19,-19,5037,8.5,478,306,37,102635
ABplapappa:114,ABplapappa,114,8749,-16250,-28,-30,8749,12.4,538,358,35,311600
ABplapappp:114,ABplapappp,114,8248,-16752,-27,-34,8248,21.7,569,347,33,255844
ABplapapppa:172,ABplapapppa,172,9852,-15147,1,-3,9852,14.4,560,346,28,0
ABplapapppp:172,ABplapapppp,172,9853,-15146,-36,-44,9853,20.4,579,338,28,156925
ABplapp:39,ABplapp,39,6175,-18824,-23,-23,6175,13.4,302,298,47,131084
ABplappa:59,ABplappa,59,5367,-19632,-18,-19,5367,8.9,305,309,44,27396
ABplappaa:85,ABplappaa,85,5094,-19905,-22,-24,5094,7.7,388,342,38,108029
ABplappaaa:118,ABplappaaa,118,8924,-16075,0,-3,8924,8.3,421,345,33,215799
ABplappaap:118,ABplappaap,118,8910,-16089,-7,-8,8910,7.8,458,343,33,220094
ABplappap:85,ABplappap,85,5072,-19927,-29,-28,5072,8.1,446,339,38,104143
ABplappapa:118,ABplappapa,118,8893,-16106,-31,-32,8893,5.5,463,276,33,152951
ABplappapp:118,ABplappapp,118,8941,-16058,0,-1,8941,9.5,488,352,33,242275
ABplappp:59,ABplappp,59,5384,-19615,-16,-17,5384,15.2,372,331,42,58349
ABplapppa:86,ABplapppa,86,5136,-19863,-34,-36,5136,12.4,467,376,34,136168
ABplapppaa:122,ABplapppaa,122,8836,-16163,-23,-30,8836,18.1,515,371,31,263698
ABplapppaaa:184,ABplapppaaa,184,10036,-14963,3,-3,10036,12.9,534,332,27,153086
ABplapppaap:184,ABplapppaap,184,9950,-15049,-38,-33,9950,12.5,558,346,28,216389
ABplapppap:122,ABplapppap,122,8619,-16380,-40,-44,8619,24.6,521,386,31,281590
ABplapppapa:170,ABplapppapa,170,9804,-15195,-59,-68,9804,23.6,549,365,29,220947
ABplapppapp:170,ABplapppapp,170,9842,-15157,-11,-25,9842,19.6,544,365,28,239144
ABplapppp:86,ABplapppp,86,5151,-19848,-11,-13,5151,13.0,514,365,35,132418
ABplappppa:122,ABplappppa,122,9078,-15921,-25,-28,9078,19.8,540,388,32,327758
ABplappppp:122,ABplappppp,122,9109,-15890,-8,-10,9109,26.5,568,376,31,301885
ABplp:10,ABplp,10,6776,-18223,-84,-84,6776,21.0,339,385,60,429244
ABplpa:23,ABplpa,23,6734,-18265,-20,-20,6734,14.0,331,371,55,271061
ABplpaa:40,ABplpaa,40,6140,-18859,-45,-47,6140,11.6,305,370,48,147767
ABplpaaa:60,ABplpaaa,60,5353,-19646,-49,-48,5353,13.8,196,372,46,132027
ABplpaaaa:84,ABplpaaaa,84,5096,-19903,16,14,5096,15.0,207,382,37,177077
ABplpaaaaa:113,ABplpaaaaa,113,8028,-16971,-42,-56,8028,19.8,218,383,32,368956
ABplpaaaaaa:166,ABplpaaaaaa,166,9855,-15144,38,39,9855,19.9,190,374,28,335094
ABplpaaaaap:166,ABplpaaaaap,166,9831,-15168,-32,-44,9831,14.5,221,359,28,288678
ABplpaaaap:113,ABplpaaaap,113,7830,-17169,-47,-50,7830,18.1,266,404,34,323070
ABplpaaaapa:160,ABplpaaaapa,160,9723,-15276,-13,-5,9723,19.8,331,414,30,313054
ABplpaaaapp:160,ABplpaaaapp,160,9714,-15285,-10,-19,9714,15.8,358,397,30,259370
ABplpaaap:84,ABplpaaap,84,5070,-19929,-3,-3,5070,11.3,258,384,36,162992
ABplpaaapa:115,ABplpaaapa,115,8414,-16585,-32,-34,8414,12.0,250,387,33,345891
ABplpaaapaa:179,ABplpaaapaa,179,9955,-15044,-6,-24,9955,15.7,205,406,29,320845
ABplpaaapap:179,ABplpaaapap,179,9888,-15111,-68,-75,9888,12.5,228,391,30,183653
ABplpaaapp:115,ABplpaaapp,115,7990,-17009,8,7,7990,16.3,289,385,31,235325
ABplpaaappa:160,ABplpaaappa,160,9694,-15305,-68,-63,9694,17.5,242,380,27,251170
ABplpaaappp:160,ABplpaaappp,160,9780,-15219,62,72,9780,13.0,274,385,29,156907
ABplpaap:60,ABplpaap,60,5379,-19620,-44,-45,5379,13.5,262,353,43,92060
ABplpaapa:82,ABplpaapa,82,5069,-19930,6,3,5069,7.1,236,346,37,135254
ABplpaapaa:114,ABplpaapaa,114,8082,-16917,-37,-38,8082,12.6,222,365,31,241151
ABplpaapaaa:166,ABplpaapaaa,166,9768,-15231,-80,-91,9768,17.8,188,342,27,256299
ABplpaapaap:166,ABplpaapaap,166,9782,-15217,-43,-46,9782,9.5,229,336,29,233545
ABplpaapap:114,ABplpaapap,114,8078,-16921,-8,-9,8078,8.4,260,350,33,220890
ABplpaapapa:166,ABplpaapapa,166,9772,-15227,-38,-37,9772,6.6,224,368,29,272647
ABplpaapapp:166,ABplpaapapp,166,9804,-15195,-2,-4,9804,5.2,190,325,32,290897
ABplpaapp:82,ABplpaapp,82,5050,-19949,2,4,5050,8.2,298,360,39,130760
ABplpaappa:111,ABplpaappa,111,7696,-17303,-23,-25,7696,9.2,293,343,33,160630
ABplpaappaa:159,ABplpaappaa,159,9710,-15289,-6,-7,9710,12.1,261,308,30,211228
ABplpaappap:159,ABplpaappap,159,9708,-15291,-19,-18,9708,8.5,289,290,29,156028
ABplpaappp:111,ABplpaappp,111,7626,-17373,-19,-16,7626,7.6,315,384,35,251750
ABplpaapppa:157,ABplpaapppa,157,9678,-15321,-23,-32,9678,9.7,262,368,30,182853
ABplpaapppp:157,ABplpaapppp,157,9677,-15322,-32,-43,9677,10.6,274,351,31,53832
ABplpap:40,ABplpap,40,6192,-18807,-48,-48,6192,22.6,383,408,47,236232
ABplpapa:59,ABplpapa,59,5391,-19608,-38,-39,5391,21.3,247,415,41,139824
ABplpapaa:85,ABplpapaa,85,5111,-19888,-30,-35,5111,20.4,253,412,37,202601
ABplpapaaa:117,ABplpapaaa,117,8267,-16732,-7,-16,8267,23.9,290,420,32,292388
ABplpapaaaa:166,ABplpapaaaa,166,9795,-15204,-39,-56,9795,23.7,282,401,27,210316
ABplpapaaap:166,ABplpapaaap,166,9785,-15214,-13,-22,9785,21.6,317,392,29,264084
ABplpapaap:117,ABplpapaap,117,8314,-16685,-51,-54,8314,20.2,316,410,32,282811
ABplpapaapa:170,ABplpapaapa,170,9817,-15182,-48,-52,9817,21.0,275,395,28,285114
ABplpapaapp:170,ABplpapaapp,170,9815,-15184,-48,-58,9815,17.1,302,396,29,191738
ABplpapap:85,ABplpapap,85,5115,-19884,-16,-15,5115,22.4,291,428,37,190485
ABplpapapa:117,ABplpapapa,117,8157,-16842,-66,-70,8157,27.8,335,434,33,284827
ABplpapapaa:163,ABplpapapaa,163,9798,-15201,-23,-28,9798,22.7,329,384,28,202560
ABplpapapap:163,ABplpapapap,163,9768,-15231,-45,-51,9768,22.1,358,383,29,214360
ABplpapapp:117,ABplpapapp,117,8410,-16589,19,15,8410,32.3,378,429,32,291239
ABplpapappa:169,ABplpapappa,169,9856,-15143,-59,-84,9856,28.4,373,388,29,239696
ABplpapappp:169,ABplpapappp,169,9839,-15160,-55,-63,9839,34.0,400,379,28,193117
ABplpapp:59,ABplpapp,59,5423,-19576,-61,-62,5423,22.9,323,420,43,162381
ABplpappa:82,ABplpappa,82,5082,-19917,-33,-36,5082,29.1,310,432,39,180498
ABplpappaa:110,ABplpappaa,110,7289,-17710,-93,-94,7289,37.7,309,436,38,327297
ABplpappaaa:148,ABplpappaaa,148,9638,-15361,-43,-58,9638,32.4,321,416,30,329542
ABplpappaap:148,ABplpappaap,148,9678,-15321,-42,-50,9678,35.9,355,415,34,230447
ABplpappap:110,ABplpappap,110,5972,-19027,-9,-13,5972,37.1,339,437,31,219393
ABplpappp:82,ABplpappp,82,5104,-19895,-44,-42,5104,28.9,363,434,36,191603
ABplpapppa:117,ABplpapppa,117,8423,-16576,-53,-54,8423,40.3,399,421,31,295478
ABplpapppaa:172,ABplpapppaa,172,9906,-15093,27,27,9906,35.4,414,396,28,226584
ABplpapppap:172,ABplpapppap,172,9941,-15058,44,42,9941,40.7,430,384,28,246417
ABplpapppp:117,ABplpapppp,117,8540,-16459,-23,-24,8540,41.9,437,414,33,338600
ABplpappppa:175,ABplpappppa,175,9930,-15069,-4,-13,9930,37.1,442,379,27,194702
ABplpappppp:175,ABplpappppp,175,9918,-15081,-75,-71,9918,35.9,472,389,28,265124
ABplpp:23,ABplpp,23,6721,-18278,-28,-28,6721,12.4,424,357,54,233358
ABplppa:40,ABplppa,40,6137,-18862,-22,-22,6137,7.9,386,362,47,167948
ABplppaa:61,ABplppaa,61,5291,-19708,-8,-10,5291,11.1,303,380,40,96024
ABplppaaa:91,ABplppaaa,91,5550,-19449,0,0,5550,14.7,317,398,34,195419
ABplppaaaa:129,ABplppaaaa,129,8912,-16087,1,-4,8912,12.7,323,398,32,249263
ABplppaaaaa:171,ABplppaaaaa,171,9840,-15159,-14,-29,9840,15.2,296,374,29,275605
ABplppaaaap:171,ABplppaaaap,171,9791,-15208,-67,-75,9791,9.9,318,375,32,238899
ABplppaaap:129,ABplppaaap,129,8386,-16613,-23,-33,8386,14.0,346,401,29,235720
ABplppaap:91,ABplppaap,91,5236,-19763,-73,-75,5236,21.2,355,414,35,199989
ABplppaapa:124,ABplppaapa,124,8931,-16068,3,-2,8931,20.2,361,413,32,322245
ABplppaapaa:183,ABplppaapaa,183,10006,-14993,23,2,10006,19.2,326,385,28,228992
ABplppaapap:183,ABplppaapap,183,9881,-15118,-108,-110,9881,17.1,350,376,28,260741
ABplppaapp:124,ABplppaapp,124,8807,-16193,-33,-28,8807,25.4,402,423,32,297882
ABplppaappa:178,ABplppaappa,178,9856,-15143,-65,-58,9856,29.6,383,403,28,239249
ABplppaappp:178,ABplppaappp,178,9885,-15114,-38,-40,9885,29.8,416,393,28,242507
ABplppap:61,ABplppap,61,5320,-19679,-2,-3,5320,13.2,351,384,41,119404
ABplppapa:89,ABplppapa,89,5121,-19879,-33,-33,5121,12.0,364,385,38,155161
ABplppapaa:120,ABplppapaa,120,8421,-16578,-11,-15,8421,12.3,370,405,32,204733
ABplppapaaa:166,ABplppapaaa,166,9784,-15215,-35,-44,9784,12.9,372,380,29,205170
ABplppapaap:166,ABplppapaap,166,9798,-15201,5,5,9798,11.8,397,368,31,225207
ABplppapap:120,ABplppapap,120,8545,-16454,-23,-24,8545,14.0,412,403,33,238417
ABplppapapa:173,ABplppapapa,173,9870,-15129,-9,-14,9870,16.1,417,376,31,204290
ABplppapapp:173,ABplppapapp,173,9936,-15064,49,49,9936,16.5,437,359,27,148216
ABplppapp:89,ABplppapp,89,5172,-19827,-42,-47,5172,13.1,418,390,36,183032
ABplppappa:123,ABplppappa,123,8777,-16222,-1,-3,8777,18.3,419,409,33,292709
ABplppappaa:177,ABplppappaa,177,9962,-15037,23,8,9962,23.2,376,378,28,234603
ABplppappap:177,ABplppappap,177,9840,-15159,-89,-110,9840,23.0,405,380,28,222810
ABplppappp:123,ABplppappp,123,8879,-16120,-4,-4,8879,17.8,462,402,34,311044
ABplppapppa:183,ABplppapppa,183,10015,-14984,19,-1,10015,23.3,425,378,27,154373
ABplppapppp:183,ABplppapppp,183,9963,-15036,-16,-14,9963,18.4,453,379,28,195470
ABplppp:40,ABplppp,40,6143,-18856,-69,-69,6143,19.5,457,396,46,216903
ABplpppa:60,ABplpppa,60,5396,-19603,6,5,5396,18.4,384,416,41,126685
ABplpppaa:85,ABplpppaa,85,5143,-19856,7,3,5143,17.8,395,412,36,179155
ABplpppaaa:119,ABplpppaaa,119,8523,-16476,-2,0,8523,24.0,442,419,33,290401
ABplpppaaaa:173,ABplpppaaaa,173,9815,-15184,-68,-58,9815,26.5,440,399,27,200973
ABplpppaaap:173,ABplpppaaap,173,9838,-15161,-1,1,9838,20.9,472,396,28,209514
ABplpppaap:119,ABplpppaap,119,8434,-16565,-18,-18,8434,25.4,487,412,32,267467
ABplpppaapa:168,ABplpppaapa,168,9784,-15215,-85,-92,9784,23.1,518,387,29,205234
ABplpppaapp:168,ABplpppaapp,168,9792,-15207,-23,-13,9792,20.8,535,396,29,219037
ABplpppap:85,ABplpppap,85,5160,-19839,3,4,5160,19.7,454,410,34,145769
ABplpppapa:121,ABplpppapa,121,8285,-16714,-27,-26,8285,33.1,500,412,32,280944
ABplpppapaa:157,ABplpppapaa,157,9702,-15297,-30,-29,9702,26.9,504,409,29,243368
ABplpppapap:157,ABplpppapap,157,9749,-15250,-14,-21,9749,35.4,514,400,33,322714
ABplpppapp:121,ABplpppapp,121,7666,-17333,-40,-43,7666,34.4,525,399,27,214958
ABplpppp:60,ABplpppp,60,5424,-19575,0,-2,5424,18.8,448,403,42,140575
ABplppppa:85,ABplppppa,85,5199,-19800,-30,-32,5199,26.9,410,416,36,194815
ABplppppaa:121,ABplppppaa,121,8605,-16394,-36,-36,8605,31.4,427,424,31,258057
ABplppppaaa:171,ABplppppaaa,171,9834,-15165,-30,-37,9834,30.0,443,389,26,135056
ABplppppaap:171,ABplppppaap,171,9910,-15089,-10,-4,9910,33.3,466,397,30,260687
ABplppppap:121,ABplppppap,121,8700,-16299,-5,-9,8700,34.4,463,412,31,249329
ABplppppapa:171,ABplppppapa,171,9898,-15101,17,9,9898,26.8,475,402,27,192145
ABplppppapp:171,ABplppppapp,171,9945,-15054,25,8,9945,35.1,492,401,27,208617
ABplppppp:85,ABplppppp,85,5103,-19896,-61,-61,5103,31.3,455,413,36,200309
ABplpppppa:119,ABplpppppa,119,8674,-16325,-77,-87,8674,38.7,471,388,31,287142
ABplpppppaa:179,ABplpppppaa,179,9975,-15024,-14,-21,9975,28.2,477,359,26,167453
ABplpppppap:179,ABplpppppap,179,9970,-15029,-33,-53,9970,30.7,506,362,26,185856
ABplpppppp:119,ABplpppppp,119,8396,-16603,-59,-60,8396,38.0,521,393,30,256146
ABplppppppa:167,ABplppppppa,167,9848,-15151,2,3,9848,34.5,563,383,27,244858
ABplppppppp:167,ABplppppppp,167,9787,-15212,-56,-59,9787,29.6,574,376,29,240970
ABpr:2,ABpr,2,6638,-18361,-235,-235,6638,46.1,430,217,68,946239
ABpra:11,ABpra,11,6798,-18201,-186,-186,6798,46.8,408,194,61,725290
ABpraa:23,ABpraa,23,6786,-18213,-199,-199,6786,51.7,344,216,56,571428
ABpraaa:40,ABpraaa,40,6210,-18789,-108,-109,6210,40.2,294,181,49,405452
ABpraaaa:60,ABpraaaa,60,5372,-19627,-186,-187,5372,53.2,268,215,43,306952
ABpraaaaa:87,ABpraaaaa,87,5188,-19811,-172,-186,5188,55.2,203,240,35,318819
ABpraaaaaa:122,ABpraaaaaa,122,8879,-16120,-103,-137,8879,57.7,186,292,31,364011
ABpraaaaaaa:181,ABpraaaaaaa,181,9965,-15034,-109,-157,9965,58.3,179,350,30,288297
ABpraaaaaap:181,ABpraaaaaap,181,9988,-15011,-83,-104,9988,57.9,218,375,26,230799
ABpraaaaap:122,ABpraaaaap,122,8930,-16069,-67,-87,8930,57.1,194,263,31,373824
ABpraaaaapd:186,ABpraaaaapd,186,10069,-14930,-52,-82,10069,57.6,165,293,29,331010
ABpraaaaapv:186,ABpraaaaapv,186,10102,-14897,-19,-44,10102,58.1,169,328,27,243311
ABpraaaap:87,ABpraaaap,87,5139,-19860,-140,-149,5139,57.1,248,239,38,316847
ABpraaaapa:116,ABpraaaapa,116,8290,-16709,-73,-91,8290,57.6,219,276,30,312429
ABpraaaapad:168,ABpraaaapad,168,9866,-15134,-154,-219,9866,60.2,214,336,29,281982
ABpraaaapav:168,ABpraaaapav,168,9868,-15131,-51,-61,9868,54.9,207,345,26,239003
ABpraaaapp:116,ABpraaaapp,116,8037,-16962,-91,-95,8037,56.5,240,240,31,334347
ABpraaaappa:160,ABpraaaappa,160,9785,-15214,-70,-80,9785,54.8,216,268,28,238025
ABpraaaappp:160,ABpraaaappp,160,9795,-15204,7,-25,9795,50.6,201,271,26,249605
ABpraaap:60,ABpraaap,60,5402,-19597,-151,-157,5402,42.4,310,188,43,268913
ABpraaapa:83,ABpraaapa,83,5164,-19835,-80,-87,5164,49.3,221,218,37,306793
ABpraaapaa:116,ABpraaapaa,116,8289,-16710,-91,-106,8289,50.0,197,262,31,326980
ABpraaapaad:169,ABpraaapaad,169,9817,-15182,-108,-130,9817,52.8,221,296,27,202216
ABpraaapaav:169,ABpraaapaav,169,9872,-15127,-47,-63,9872,51.0,203,308,26,235583
ABpraaapap:116,ABpraaapap,116,8200,-16799,-71,-90,8200,50.2,210,224,31,337496
ABpraaapapa:164,ABpraaapapa,164,9779,-15220,-105,-140,9779,51.7,163,292,29,230983
ABpraaapapp:164,ABpraaapapp,164,9847,-15152,-5,-26,9847,54.5,165,277,27,268117
ABpraaapp:83,ABpraaapp,83,5047,-19952,-191,-204,5047,50.7,291,217,38,276792
ABpraaappa:110,ABpraaappa,110,7775,-17224,-111,-133,7775,50.4,253,243,30,295876
ABpraaappaa:161,ABpraaappaa,161,9752,-15247,-92,-109,9752,50.7,239,294,27,233070
ABpraaappap:161,ABpraaappap,161,9806,-15193,-78,-100,9806,52.2,259,284,28,269703
ABpraaappp:110,ABpraaappp,110,7077,-17922,-139,-156,7077,52.1,290,216,33,270755
ABpraaapppa:144,ABpraaapppa,144,9553,-15446,-188,-211,9553,52.8,274,255,28,217874
ABpraaapppaa:199,ABpraaapppaa,199,10262,-14737,52,62,10262,57.0,261,287,22,93275
ABpraaapppap:199,ABpraaapppap,199,10290,-14710,-94,-151,10290,58.5,295,266,26,142526
ABpraaapppp:144,ABpraaapppp,144,9619,-15380,-103,-128,9619,55.0,273,240,32,275234
ABpraaappppa:195,ABpraaappppa,195,10013,-14986,-258,-269,10013,59.8,234,290,30,168046
ABpraaappppp:195,ABpraaappppp,195,10029,-14970,-178,-198,10029,59.3,277,312,25,134888
ABpraap:40,ABpraap,40,6209,-18790,-212,-213,6209,51.7,364,221,48,400709
ABpraapa:60,ABpraapa,60,5419,-19580,-149,-151,5419,49.3,350,186,45,326563
ABpraapaa:84,ABpraapaa,84,5130,-19869,-99,-108,5130,49.4,290,188,38,327145
ABpraapaaa:117,ABpraapaaa,117,8461,-16538,-14,-9,8461,45.1,175,198,33,452593
ABpraapaaaa:174,ABpraapaaaa,174,9838,-15161,-101,-104,9838,43.6,104,265,32,410265
ABpraapaaap:174,ABpraapaaap,174,9904,-15095,-58,-61,9904,49.5,131,249,31,409802
ABpraapaap:117,ABpraapaap,117,8197,-16802,-93,-107,8197,48.7,226,195,34,479809
ABpraapaapa:163,ABpraapaapa,163,9820,-15179,-21,-31,9820,54.0,164,258,30,407142
ABpraapaapp:163,ABpraapaapp,163,9862,-15137,-81,-107,9862,55.6,194,258,31,374080
ABpraapap:84,ABpraapap,84,5108,-19891,-124,-131,5108,48.6,354,189,38,320539
ABpraapapa:115,ABpraapapa,115,8346,-16653,-87,-106,8346,48.1,253,218,32,424987
ABpraapapaa:174,ABpraapapaa,174,9971,-15028,-8,-10,9971,47.9,230,267,31,424281
ABpraapapap:174,ABpraapapap,174,10005,-14994,9,-27,10005,50.7,258,246,32,462544
ABpraapapp:115,ABpraapapp,115,7993,-17006,-77,-93,7993,47.0,293,191,35,456579
ABpraapappa:159,ABpraapappa,159,9845,-15154,1,-13,9845,48.4,216,240,28,350070
ABpraapappp:159,ABpraapappp,159,9764,-15235,-95,-127,9764,53.0,244,239,32,410935
ABpraapp:60,ABpraapp,60,5448,-19551,-155,-156,5448,43.6,420,207,45,274491
ABpraappa:83,ABpraappa,83,5162,-19837,-152,-169,5162,53.6,352,222,36,273942
ABpraappaa:119,ABpraappaa,119,9022,-15977,-140,-165,9022,58.0,282,283,30,307322
ABpraappap:119,ABpraappap,119,9010,-15989,-142,-171,9010,57.2,313,272,33,321052
ABpraappp:83,ABpraappp,83,5112,-19887,-229,-236,5112,53.5,413,235,40,265120
ABpraapppa:113,ABpraapppa,113,8801,-16198,-159,-180,8801,58.1,343,268,34,294623
ABpraapppp:113,ABpraapppp,113,8821,-16178,-237,-266,8821,57.9,386,251,37,347371
ABprap:23,ABprap,23,6749,-18250,-221,-221,6749,47.2,436,203,55,578419
ABprapa:40,ABprapa,40,6176,-18823,-144,-144,6176,39.0,384,176,48,396808
ABprapaa:59,ABprapaa,59,5426,-19573,-60,-61,5426,36.3,390,162,41,226643
ABprapaaa:84,ABprapaaa,84,5107,-19892,-98,-99,5107,45.3,401,171,36,305701
ABprapaaaa:116,ABprapaaaa,116,8291,-16708,-122,-143,8291,46.9,348,190,33,497889
ABprapaaaaa:168,ABprapaaaaa,168,9717,-15282,-28,-49,9717,48.0,289,214,30,385140
ABprapaaaap:168,ABprapaaaap,168,9927,-15072,-39,-66,9927,47.8,278,192,35,552045
ABprapaaap:116,ABprapaaap,116,8363,-16636,-107,-129,8363,48.4,376,199,36,608546
ABprapaaapa:170,ABprapaaapa,170,9910,-15089,-100,-139,9910,51.1,315,224,33,463563
ABprapaaapp:170,ABprapaaapp,170,9986,-15013,-83,-127,9986,52.2,345,225,31,408056
ABprapaap:84,ABprapaap,84,5163,-19836,-110,-110,5163,48.6,442,199,36,311517
ABprapaapa:117,ABprapaapa,117,8979,-16020,-104,-124,8979,55.8,376,245,32,503448
ABprapaapp:117,ABprapaapp,117,9000,-15999,-139,-171,9000,57.1,423,241,36,626739
ABprapap:59,ABprapap,59,5423,-19576,-120,-122,5423,31.0,469,182,43,221707
ABprapapa:82,ABprapapa,82,5131,-19868,-168,-178,5131,49.6,485,205,38,305200
ABprapapaa:113,ABprapapaa,113,8773,-16226,-167,-172,8773,49.0,528,220,34,380153
ABprapapap:113,ABprapapap,113,8810,-16189,-139,-161,8810,53.1,537,257,33,405381
ABprapapp:82,ABprapapp,82,5102,-19897,-91,-94,5102,42.9,545,239,39,308255
ABprapappa:112,ABprapappa,112,8757,-16242,-99,-113,8757,51.1,549,283,34,404245
ABprapappp:112,ABprapappp,112,8181,-16818,-75,-78,8181,46.7,578,287,33,358457
ABprapapppa:170,ABprapapppa,170,9912,-15087,-44,-66,9912,47.2,575,278,27,223200
ABprapapppp:170,ABprapapppp,170,9909,-15090,-58,-55,9909,42.6,580,310,27,194198
ABprapp:40,ABprapp,40,6143,-18856,-210,-211,6143,38.7,470,209,48,386011
ABprappa:59,ABprappa,59,5466,-19533,-139,-144,5466,41.2,494,203,45,293326
ABprappaa:83,ABprappaa,83,5162,-19837,-231,-240,5162,57.1,464,247,39,307176
ABprappaaa:116,ABprappaaa,116,8929,-16070,-181,-206,8929,58.0,437,268,34,495598
ABprappaap:116,ABprappaap,116,8941,-16058,-163,-193,8941,57.1,476,264,35,532667
ABprappap:83,ABprappap,83,5142,-19857,-162,-171,5142,52.7,522,249,39,330057
ABprappapa:116,ABprappapa,116,8944,-16055,-118,-129,8944,51.8,472,209,33,469468
ABprappapp:116,ABprappapp,116,8905,-16094,-210,-237,8905,55.9,510,267,35,521752
ABprappp:59,ABprappp,59,5400,-19599,-86,-88,5400,33.4,556,247,42,245020
ABprapppa:86,ABprapppa,86,5221,-19778,-87,-96,5221,51.0,543,281,35,278526
ABprapppaa:122,ABprapppaa,122,8942,-16057,-96,-117,8942,51.3,524,303,32,411699
ABprapppaaa:185,ABprapppaaa,185,10112,-14887,-96,-119,10112,50.5,543,299,29,308054
ABprapppaap:185,ABprapppaap,185,10088,-14911,-51,-59,10088,51.3,565,309,29,279739
ABprapppap:122,ABprapppap,122,8625,-16374,-113,-135,8625,49.9,533,321,32,348246
ABprapppapa:168,ABprapppapa,168,9968,-15031,78,83,9968,46.3,560,338,27,273833
ABprapppapp:168,ABprapppapp,168,9826,-15173,-105,-125,9826,43.5,549,343,29,278591
ABprapppp:86,ABprapppp,86,5225,-19774,-52,-55,5225,46.6,560,310,36,300922
ABprappppa:121,ABprappppa,121,9091,-15908,-64,-65,9091,52.1,557,324,33,432646
ABprappppp:121,ABprappppp,121,9084,-15915,-71,-76,9084,45.7,574,338,32,384788
ABprp:11,ABprp,11,6819,-18180,-297,-297,6819,49.4,495,289,62,800487
ABprpa:23,ABprpa,23,6771,-18228,-266,-267,6771,54.8,464,295,55,564903
ABprpaa:40,ABprpaa,40,6198,-18801,-227,-227,6198,54.2,448,216,48,427923
ABprpaaa:60,ABprpaaa,60,5418,-19581,-188,-194,5418,56.3,379,212,43,302510
ABprpaaaa:84,ABprpaaaa,84,5150,-19849,-150,-163,5150,58.8,270,274,36,303647
ABprpaaaaa:114,ABprpaaaaa,114,8067,-16932,-67,-84,8067,54.8,237,320,32,454829
ABprpaaaaaa:163,ABprpaaaaaa,163,9797,-15202,-50,-79,9797,51.2,209,368,29,401310
ABprpaaaaap:163,ABprpaaaaap,163,9867,-15132,12,-16,9867,52.1,233,346,28,356725
ABprpaaaap:114,ABprpaaaap,114,8056,-16943,-77,-131,8056,58.2,285,327,34,493426
ABprpaaaapa:161,ABprpaaaapa,161,9807,-15192,-77,-95,9807,54.6,344,382,31,378388
ABprpaaaapp:161,ABprpaaaapp,161,9766,-15233,-95,-113,9766,54.8,381,362,30,365039
ABprpaaap:84,ABprpaaap,84,5107,-19892,-176,-195,5107,57.2,317,261,36,294521
ABprpaaapa:115,ABprpaaapa,115,8435,-16564,-153,-176,8435,58.9,264,317,33,461395
ABprpaaapaa:178,ABprpaaapaa,178,10035,-14964,-37,-24,10035,55.5,224,398,29,343705
ABprpaaapap:178,ABprpaaapap,178,9993,-15006,-56,-100,9993,57.5,244,373,31,440988
ABprpaaapp:115,ABprpaaapp,115,7998,-17001,-144,-178,7998,59.1,305,307,32,416306
ABprpaaappa:159,ABprpaaappa,159,9791,-15209,-79,-126,9791,55.9,265,368,30,364428
ABprpaaappp:159,ABprpaaappp,159,9785,-15214,-72,-114,9785,53.8,287,359,28,345366
ABprpaap:60,ABprpaap,60,5418,-19581,-206,-213,5418,53.7,440,229,41,275111
ABprpaapa:84,ABprpaapa,84,5114,-19885,-207,-228,5114,59.5,324,263,36,307472
ABprpaapaa:117,ABprpaapaa,117,8409,-16590,-111,-121,8409,55.2,244,294,30,372311
ABprpaapaaa:172,ABprpaapaaa,172,9866,-15133,-72,-85,9866,50.8,212,330,27,317193
ABprpaapaap:172,ABprpaapaap,172,9847,-15152,-135,-150,9847,55.1,236,341,29,395130
ABprpaapap:117,ABprpaapap,117,8339,-16660,-112,-132,8339,58.8,277,271,32,419658
ABprpaapapa:168,ABprpaapapa,168,9904,-15095,-72,-119,9904,59.9,248,350,31,373895
ABprpaapapp:168,ABprpaapapp,168,9902,-15097,-69,-90,9902,59.6,219,307,31,366628
ABprpaapp:84,ABprpaapp,84,5119,-19880,-169,-185,5119,58.5,374,268,36,274750
ABprpaappa:113,ABprpaappa,113,7964,-17035,-141,-168,7964,56.5,317,255,32,380852
ABprpaappaa:161,ABprpaappaa,161,9837,-15162,-90,-133,9837,53.3,280,286,30,329670
ABprpaappap:161,ABprpaappap,161,9857,-15142,-144,-155,9857,55.2,311,260,30,299541
ABprpaappp:113,ABprpaappp,113,8049,-16950,-125,-151,8049,59.5,333,285,34,412679
ABprpaapppa:163,ABprpaapppa,163,9833,-15166,-18,-44,9833,55.6,264,345,27,285936
ABprpaapppp:163,ABprpaapppp,163,9817,-15182,-67,-92,9817,56.2,290,351,30,315071
ABprpap:40,ABprpap,40,6181,-18818,-267,-268,6181,53.1,512,277,48,421534
ABprpapa:59,ABprpapa,59,5465,-19534,-223,-236,5465,57.7,471,265,43,278170
ABprpapaa:83,ABprpapaa,83,5145,-19854,-181,-198,5145,57.3,351,334,34,249336
ABprpapaaa:117,ABprpapaaa,117,8386,-16613,-132,-149,8386,51.6,315,367,33,392428
ABprpapaaaa:171,ABprpapaaaa,171,9873,-15126,-34,-78,9873,45.8,300,395,27,275581
ABprpapaaap:171,ABprpapaaap,171,9857,-15142,-62,-113,9857,47.7,325,382,28,284522
ABprpapaap:117,ABprpapaap,117,8403,-16596,-85,-112,8403,54.2,345,367,32,357308
ABprpapaapa:169,ABprpapaapa,169,9837,-15162,-80,-114,9837,50.0,296,387,26,252981
ABprpapaapp:169,ABprpapaapp,169,9874,-15125,-70,-103,9874,51.6,322,376,27,216474
ABprpapap:83,ABprpapap,83,5078,-19921,-197,-214,5078,58.8,371,367,36,261484
ABprpapapa:114,ABprpapapa,114,8016,-16983,-81,-94,8016,53.6,365,386,32,321393
ABprpapapaa:161,ABprpapapaa,161,9778,-15221,-50,-69,9778,47.9,347,383,28,232299
ABprpapapap:161,ABprpapapap,161,9821,-15178,-17,-29,9821,49.3,364,368,29,313081
ABprpapapp:114,ABprpapapp,114,7953,-17046,-66,-70,7953,53.3,401,389,33,331381
ABprpapappa:159,ABprpapappa,159,9852,-15147,52,33,9852,45.2,376,372,29,293694
ABprpapappp:159,ABprpapappp,159,9791,-15208,-14,-33,9791,42.6,412,379,29,269355
ABprpapp:59,ABprpapp,59,5458,-19541,-249,-250,5458,53.9,526,286,44,298719
ABprpappa:81,ABprpappa,81,5082,-19917,-151,-157,5082,54.9,382,390,39,287418
ABprpappaa:111,ABprpappaa,111,7648,-17351,-59,-60,7648,49.9,315,420,34,320482
ABprpappaaa:155,ABprpappaaa,155,9656,-15343,-55,-52,9656,35.7,289,437,27,148999
ABprpappaap:155,ABprpappaap,155,9750,-15249,-20,-28,9750,39.5,324,429,29,236715
ABprpappap:111,ABprpappap,111,7676,-17323,-117,-122,7676,47.1,358,412,32,281217
ABprpappapa:157,ABprpappapa,157,9728,-15271,-79,-91,9728,42.9,345,401,31,297152
ABprpappapp:157,ABprpappapp,157,9723,-15276,-33,-33,9723,40.4,387,404,28,188532
ABprpappp:81,ABprpappp,81,5089,-19910,-191,-195,5089,55.5,431,374,37,265403
ABprpapppa:112,ABprpapppa,112,7930,-17069,-58,-74,7930,46.9,389,407,34,318227
ABprpapppaa:162,ABprpapppaa,162,9831,-15168,-28,-56,9831,42.7,336,381,28,253715
ABprpapppap:162,ABprpapppap,162,9818,-15181,-60,-81,9818,41.7,380,368,29,236385
ABprpapppp:112,ABprpapppp,112,8111,-16888,-97,-115,8111,46.6,437,387,33,350722
ABprpappppa:169,ABprpappppa,169,9861,-15138,-76,-94,9861,39.9,457,360,25,173607
ABprpappppp:169,ABprpappppp,169,9946,-15053,9,-28,9946,37.6,489,369,28,218645
ABprpp:23,ABprpp,23,6737,-18262,-298,-298,6737,46.8,549,295,56,657101
ABprppa:39,ABprppa,39,6225,-18774,-177,-177,6225,46.4,531,204,47,450080
ABprppaa:60,ABprppaa,60,5373,-19626,-172,-178,5373,53.2,478,227,41,301276
ABprppaaa:89,ABprppaaa,89,5464,-19535,-166,-184,5464,59.8,372,314,34,339653
ABprppaaaa:127,ABprppaaaa,127,8854,-16145,-153,-169,8854,58.1,341,331,34,507289
ABprppaaaaa:169,ABprppaaaaa,169,9854,-15145,-82,-122,9854,52.6,305,359,28,294001
ABprppaaaap:169,ABprppaaaap,169,9888,-15111,-74,-108,9888,55.7,328,342,33,313958
ABprppaaap:127,ABprppaaap,127,8590,-16409,-82,-102,8590,59.4,362,347,30,369191
ABprppaap:89,ABprppaap,89,5170,-19829,-187,-201,5170,57.4,416,342,36,308488
ABprppaapa:121,ABprppaapa,121,8772,-16227,-39,-37,8772,57.0,386,361,33,463319
ABprppaapaa:176,ABprppaapaa,176,9943,-15056,-93,-119,9943,54.2,344,371,26,274418
ABprppaapap:176,ABprppaapap,176,9920,-15079,-105,-147,9920,53.4,357,347,29,378238
ABprppaapp:121,ABprppaapp,121,8617,-16382,-66,-71,8617,54.7,422,367,34,462054
ABprppaappa:170,ABprppaappa,170,9805,-15194,-37,-40,9805,46.6,394,376,28,306463
ABprppaappp:170,ABprppaappp,170,9845,-15154,-41,-35,9845,46.4,426,370,29,323861
ABprppap:60,ABprppap,60,5421,-19578,-172,-187,5421,48.0,533,238,42,294154
ABprppapa:85,ABprppapa,85,5166,-19833,-155,-164,5166,57.6,430,299,36,294229
ABprppapaa:118,ABprppapaa,118,8341,-16658,-138,-167,8341,59.5,382,321,34,416994
ABprppapaaa:164,ABprppapaaa,164,9866,-15133,-58,-85,9866,55.1,389,340,30,296307
ABprppapaap:164,ABprppapaap,164,9820,-15179,-110,-140,9820,54.4,416,326,29,302061
ABprppapap:118,ABprppapap,118,8586,-16413,-143,-174,8586,59.1,426,316,34,412568
ABprppapapa:174,ABprppapapa,174,9936,-15063,-115,-120,9936,53.8,436,323,28,248485
ABprppapapp:174,ABprppapapp,174,10109,-14890,-95,-117,10109,53.9,465,308,27,266873
ABprppapp:85,ABprppapp,85,5173,-19826,-210,-229,5173,54.3,477,299,36,306889
ABprppappa:120,ABprppappa,120,8643,-16356,-143,-169,8643,58.1,436,329,34,406099
ABprppappaa:174,ABprppappaa,174,9912,-15087,-39,-58,9912,47.4,401,343,27,240692
ABprppappap:174,ABprppappap,174,9916,-15083,-23,-37,9916,50.0,422,342,27,195389
ABprppappp:120,ABprppappp,120,8719,-16280,-160,-187,8719,56.9,476,326,33,398361
ABprppapppa:176,ABprppapppa,176,10002,-14997,-38,-62,10002,50.9,449,342,27,245027
ABprppapppp:176,ABprppapppp,176,10087,-14912,-21,-30,10087,52.9,478,333,30,288455
ABprppp:39,ABprppp,39,6225,-18774,-239,-243,6225,45.2,570,280,48,463771
ABprpppa:59,ABprpppa,59,5473,-19527,-106,-109,5473,46.0,577,250,42,300003
ABprpppaa:83,ABprpppaa,83,5137,-19862,-195,-215,5137,58.8,481,312,38,326673
ABprpppaaa:116,ABprpppaaa,116,8331,-16668,-104,-106,8331,55.8,458,354,32,397193
ABprpppaaaa:170,ABprpppaaaa,170,9904,-15095,-7,-4,9904,49.0,452,368,29,307994
ABprpppaaap:170,ABprpppaaap,170,9837,-15162,-110,-109,9837,51.8,486,357,31,346839
ABprpppaap:116,ABprpppaap,116,8318,-16681,-95,-112,8318,54.5,501,347,33,395002
ABprpppaapa:169,ABprpppaapa,169,9878,-15121,-68,-88,9878,46.7,532,359,30,356424
ABprpppaapp:169,ABprpppaapp,169,9960,-15039,75,60,9960,49.2,553,354,30,239761
ABprpppap:83,ABprpppap,83,5166,-19833,-147,-149,5166,52.2,528,322,36,312628
ABprpppapa:118,ABprpppapa,118,8078,-16921,-59,-75,8078,50.8,517,355,37,416958
ABprpppapaa:155,ABprpppapaa,155,9774,-15225,-28,-26,9774,44.6,525,383,30,318815
ABprpppapap:155,ABprpppapap,155,9695,-15304,-71,-73,9695,35.8,534,391,30,197193
ABprpppapp:118,ABprpppapp,118,7430,-17569,-108,-104,7430,46.5,549,351,30,296068
ABprpppp:59,ABprpppp,59,5471,-19528,-157,-157,5471,45.8,568,313,44,302726
ABprppppa:82,ABprppppa,82,5085,-19914,-175,-185,5085,53.7,483,348,38,302027
ABprppppaa:115,ABprppppaa,115,8210,-16789,-41,-65,8210,52.1,448,385,33,370726
ABprppppaaa:166,ABprppppaaa,166,9851,-15148,-44,-58,9851,45.0,458,373,30,303335
ABprppppaap:166,ABprppppaap,166,9839,-15160,-73,-99,9839,43.7,479,376,29,289112
ABprppppap:115,ABprppppap,115,8074,-16925,-88,-96,8074,49.4,480,377,34,397673
ABprppppapa:162,ABprppppapa,162,9807,-15192,-39,-54,9807,46.8,495,382,30,280586
ABprppppapp:162,ABprppppapp,162,9764,-15235,-86,-91,9764,40.1,499,394,29,251915
ABprppppp:82,ABprppppp,82,5117,-19882,-130,-133,5117,47.5,522,364,38,312876
ABprpppppa:116,ABprpppppa,116,8329,-16670,-81,-97,8329,43.4,496,372,32,324831
ABprpppppaa:169,ABprpppppaa,169,9935,-15064,-42,-71,9935,44.1,495,336,29,252980
ABprpppppap:169,ABprpppppap,169,9956,-15043,-9,-19,9956,39.0,513,357,26,207765
ABprpppppp:116,ABprpppppp,116,8192,-16807,-84,-95,8192,39.2,537,375,32,316968
ABprppppppa:165,ABprppppppa,165,9920,-15079,23,7,9920,38.7,562,375,27,128710
ABprppppppp:165,ABprppppppp,165,9816,-15183,-56,-66,9816,36.1,587,355,29,175329
EMS:1,EMS,1,6679,-18320,-106,-106,6679,40.5,394,390,60,555310
MS:3,MS,3,6714,-18285,-250,-250,6714,50.3,314,338,66,772864
MSa:15,MSa,15,6851,-18148,-247,-247,6851,45.7,273,368,62,631955
MSaa:29,MSaa,29,6643,-18356,-290,-292,6643,50.1,228,375,56,554080
MSaaa:46,MSaaa,46,5943,-19056,-318,-321,5943,53.8,212,361,48,350325
MSaaaa:66,MSaaaa,66,5324,-19675,-168,-171,5324,46.1,172,329,43,223112
MSaaaaa:87,MSaaaaa,87,5099,-19900,-82,-87,5099,37.8,132,291,35,182435
MSaaaaaa:114,MSaaaaaa,114,8778,-16221,-56,-66,8778,35.1,132,291,31,389761
MSaaaaap:114,MSaaaaap,114,7369,-17630,-66,-76,7369,27.5,153,266,35,270087
MSaaaaapa:146,MSaaaaapa,146,9497,-15502,-79,-87,9497,31.4,162,259,30,252679
MSaaaaapaa:193,MSaaaaapaa,193,10072,-14927,-62,-43,10072,34.8,153,268,24,155193
MSaaaaapap:193,MSaaaaapap,193,10206,-14794,38,45,10206,32.5,186,255,26,171894
MSaaaaapp:146,MSaaaaapp,146,9556,-15443,-69,-81,9556,26.1,201,236,31,298830
MSaaaap:87,MSaaaap,87,5127,-19872,-86,-85,5127,30.2,197,264,37,164111
MSaaaapa:118,MSaaaapa,118,8024,-16975,-95,-102,8024,26.1,189,241,32,246371
MSaaaapaa:156,MSaaaapaa,156,9704,-15295,-53,-64,9704,30.1,217,213,30,299301
MSaaaapap:156,MSaaaapap,156,9716,-15283,-26,-36,9716,28.5,247,218,30,263025
MSaaaapp:118,MSaaaapp,118,8225,-16774,-14,-18,8225,23.1,240,245,32,232938
MSaaaappa:162,MSaaaappa,162,9639,-15360,-28,-36,9639,25.0,257,238,27,218138
MSaaaappp:162,MSaaaappp,162,9771,-15228,-33,-42,9771,28.3,293,235,30,247945
MSaaap:66,MSaaap,66,5273,-19726,-175,-193,5273,45.1,235,365,41,196930
MSaaapa:90,MSaaapa,90,5144,-19855,-112,-113,5144,33.4,185,311,38,180528
MSaaapaa:120,MSaaapaa,120,8138,-16861,-61,-66,8138,28.3,176,299,33,191544
MSaaapaaa:155,MSaaapaaa,155,9678,-15321,-32,-37,9678,27.1,198,270,28,0
MSaaapaap:155,MSaaapaap,155,9656,-15343,-53,-56,9656,23.8,228,256,26,106529
MSaaapap:120,MSaaapap,120,8319,-16680,-58,-64,8319,27.4,226,291,30,133021
MSaaapapa:162,MSaaapapa,162,9758,-15241,-18,-23,9758,27.7,246,281,27,40727
MSaaapapp:162,MSaaapapp,162,9777,-15222,-20,-31,9777,28.6,266,258,24,69217
MSaaapp:90,MSaaapp,90,6088,-18911,-85,-88,6088,29.9,245,291,33,151665
MSaaappa:140,MSaaappa,140,9514,-15485,-1,-11,9514,25.9,272,286,27,149457
MSaaappp:140,MSaaappp,140,9494,-15505,-47,-54,9494,26.2,290,264,28,150703
MSaap:46,MSaap,46,5944,-19055,-312,-313,5944,54.6,304,389,47,331987
MSaapa:66,MSaapa,66,5317,-19682,-246,-256,5317,49.9,279,403,45,229226
MSaapaa:88,MSaapaa,88,5113,-19886,-95,-97,5113,35.0,250,354,39,166523
MSaapaaa:115,MSaapaaa,115,7891,-17108,-74,-81,7891,33.0,271,341,31,182284
MSaapaaaa:157,MSaapaaaa,157,9726,-15273,-50,-64,9726,28.4,300,353,28,225080
MSaapaaap:157,MSaapaaap,157,9705,-15294,-43,-48,9705,28.8,318,331,28,174876
MSaapaap:115,MSaapaap,115,7876,-17123,-72,-74,7876,29.5,292,301,33,164476
MSaapaapa:157,MSaapaapa,157,9670,-15329,-42,-41,9670,25.9,296,297,25,117664
MSaapaapp:157,MSaapaapp,157,9717,-15282,-39,-42,9717,25.9,326,279,29,166716
MSaapap:88,MSaapap,88,5262,-19737,-75,-84,5262,35.6,319,367,36,170670
MSaapapa:123,MSaapapa,123,9173,-15826,-47,-46,9173,31.3,326,332,29,208899
MSaapapp:123,MSaapapp,123,8608,-16391,-74,-85,8608,31.1,349,358,31,189573
MSaapappa:166,MSaapappa,166,9843,-15156,-48,-59,9843,27.7,353,340,29,143278
MSaapappp:166,MSaapappp,166,9826,-15173,-44,-54,9826,26.5,372,318,26,122293
MSaapp:66,MSaapp,66,5221,-19778,-123,-122,5221,42.8,365,419,42,200346
MSaappa:94,MSaappa,94,6655,-18344,-99,-106,6655,37.4,325,391,33,218029
MSaappaa:149,MSaappaa,149,9666,-15333,-84,-90,9666,34.2,352,366,27,171846
MSaappap:149,MSaappap,149,9690,-15309,-39,-45,9690,34.0,381,357,28,158370
MSaappp:94,MSaappp,94,6481,-18518,-75,-79,6481,33.5,379,393,36,225646
MSaapppa:145,MSaapppa,145,9600,-15399,-17,-21,9600,21.0,373,364,34,48106
MSaapppp:145,MSaapppp,145,9566,-15433,-57,-54,9566,23.5,420,363,29,28911
MSap:29,MSap,29,6604,-18395,-134,-135,6604,36.1,301,405,55,471795
MSapa:48,MSapa,48,5863,-19136,-166,-168,5863,40.7,270,414,48,323569
MSapaa:69,MSapaa,69,5216,-19783,-62,-63,5216,34.5,236,369,40,152440
MSapaaa:95,MSapaaa,95,5415,-19584,-80,-79,5415,22.8,164,324,34,158337
MSapaaaa:126,MSapaaaa,126,9208,-15791,-68,-71,9208,25.4,165,355,31,289595
MSapaaap:126,MSapaaap,126,9195,-15805,-85,-96,9195,23.6,183,330,31,293553
MSapaap:95,MSapaap,95,6180,-18819,-50,-55,6180,24.2,226,340,34,164366
MSapaapa:139,MSapaapa,139,9302,-15697,-25,-33,9302,23.2,253,370,26,195949
MSapaapp:139,MSapaapp,139,9513,-15486,-32,-32,9513,24.4,339,354,31,163955
MSapap:69,MSapap,69,5195,-19804,-88,-93,5195,33.7,300,376,41,140327
MSapapa:96,MSapapa,96,5386,-19613,-26,-32,5386,19.7,244,325,37,121340
MSapapaa:125,MSapapaa,125,9153,-15846,-38,-40,9153,20.0,224,328,31,203668
MSapapap:125,MSapapap,125,9154,-15845,-52,-53,9154,19.7,255,341,29,139198
MSapapp:96,MSapapp,96,5830,-19169,10,4,5830,17.3,295,313,37,115740
MSapappa:132,MSapappa,132,9350,-15649,-26,-33,9350,18.2,229,257,34,259994
MSapappp:132,MSapappp,132,9360,-15639,-40,-45,9360,19.3,243,235,31,201416
MSapp:48,MSapp,48,5908,-19091,-130,-131,5908,43.7,367,421,47,323530
MSappa:68,MSappa,68,5161,-19839,-89,-94,5161,32.1,343,389,40,136331
MSappaa:97,MSappaa,97,6180,-18819,-73,-73,6180,25.1,292,357,35,103761
MSappaaa:138,MSappaaa,138,9479,-15520,-29,-37,9479,21.4,326,315,30,28890
MSappaap:138,MSappaap,138,9532,-15467,2,-4,9532,21.5,413,338,30,12727
MSappap:97,MSappap,97,6469,-18530,-36,-33,6469,25.0,337,376,33,118967
MSappapa:143,MSappapa,143,9566,-15433,-3,-9,9566,18.0,307,343,26,81838
MSappapp:143,MSappapp,143,9617,-15382,17,7,9617,22.2,364,336,29,5738
MSappp:68,MSappp,68,5158,-19841,-29,-29,5158,25.2,388,373,40,114007
MSapppa:100,MSapppa,100,6258,-18741,21,17,6258,17.8,324,342,38,16737
MSapppaa:137,MSapppaa,137,9442,-15557,-25,-30,9442,15.6,285,320,29,3385
MSapppap:137,MSapppap,137,9456,-15543,-26,-28,9456,17.5,285,249,32,48320
MSapppp:100,MSapppp,100,6425,-18574,-35,-37,6425,17.0,368,298,39,15431
MSappppa:141,MSappppa,141,9537,-15462,-23,-23,9537,18.8,285,217,30,30742
MSappppp:141,MSappppp,141,9512,-15487,-44,-48,9512,18.7,343,213,29,26867
MSp:15,MSp,15,6830,-18170,-250,-250,6830,51.0,369,315,60,595568
MSpa:29,MSpa,29,6614,-18386,-359,-360,6614,52.9,314,362,55,515073
MSpaa:46,MSpaa,46,5927,-19072,-263,-271,5927,53.2,299,308,47,311962
MSpaaa:67,MSpaaa,67,5300,-19699,-179,-180,5300,49.2,244,298,43,227717
MSpaaaa:89,MSpaaaa,89,5131,-19868,-121,-125,5131,44.9,169,280,37,206109
MSpaaaaa:116,MSpaaaaa,116,8620,-16379,-85,-93,8620,37.9,177,251,32,376558
MSpaaaaaa:186,MSpaaaaaa,186,10071,-14928,-34,-40,10071,33.6,184,221,28,273914
MSpaaaaap:186,MSpaaaaap,186,10036,-14963,-64,-80,10036,32.2,214,201,26,252364
MSpaaaap:116,MSpaaaap,116,7841,-17158,-91,-100,7841,36.7,196,250,36,312770
MSpaaaapa:153,MSpaaaapa,153,9674,-15325,-56,-66,9674,36.0,203,258,28,229524
MSpaaaapp:153,MSpaaaapp,153,9705,-15294,-5,-9,9705,35.5,231,239,28,236401
MSpaaap:89,MSpaaap,89,5139,-19860,-106,-112,5139,40.5,234,254,37,182364
MSpaaapa:118,MSpaaapa,118,8530,-16469,-30,-38,8530,31.0,240,228,32,302520
MSpaaapaa:175,MSpaaapaa,175,9920,-15079,-22,-28,9920,29.5,285,201,27,231600
MSpaaapap:175,MSpaaapap,175,9903,-15096,-43,-52,9903,27.1,316,213,29,241900
MSpaaapp:118,MSpaaapp,118,7985,-17015,-58,-64,7985,31.4,260,229,33,214507
MSpaaappa:154,MSpaaappa,154,9719,-15280,-24,-30,9719,35.6,258,228,29,260167
MSpaaappp:154,MSpaaappp,154,9718,-15281,-66,-75,9718,34.7,299,224,30,239936
MSpaap:67,MSpaap,67,5284,-19715,-135,-140,5284,47.0,308,340,41,200987
MSpaapa:93,MSpaapa,93,5253,-19746,-108,-112,5253,42.4,232,300,37,194233
MSpaapaa:122,MSpaapaa,122,8670,-16329,-74,-83,8670,40.6,228,276,29,175000
MSpaapaaa:171,MSpaapaaa,171,9887,-15112,1,0,9887,38.8,238,250,27,202324
MSpaapaap:171,MSpaapaap,171,9838,-15161,-95,-100,9838,36.8,267,239,24,144326
MSpaapap:122,MSpaapap,122,8443,-16556,-58,-61,8443,35.7,258,273,33,194885
MSpaapapa:159,MSpaapapa,159,9765,-15234,-19,-35,9765,37.8,275,273,25,125971
MSpaapapp:159,MSpaapapp,159,9754,-15245,-57,-70,9754,36.0,303,258,27,128097
MSpaapp:93,MSpaapp,93,8252,-16747,61,48,8252,47.5,283,294,28,92657
MSpap:46,MSpap,46,5954,-19045,-336,-336,5954,55.6,390,368,47,313480
MSpapa:66,MSpapa,66,5348,-19651,-249,-256,5348,54.7,343,378,44,232274
MSpapaa:89,MSpapaa,89,5153,-19847,-151,-161,5153,43.7,283,363,37,166947
MSpapaaa:114,MSpapaaa,114,7770,-17229,-138,-154,7770,41.5,277,343,32,229742
MSpapaaaa:155,MSpapaaaa,155,9712,-15287,-118,-130,9712,39.7,310,359,26,192863
MSpapaaap:155,MSpapaaap,155,9716,-15283,-71,-86,9716,40.3,315,325,26,171941
MSpapaap:114,MSpapaap,114,7588,-17411,-132,-138,7588,40.0,307,298,32,182712
MSpapaapa:150,MSpapaapa,150,9647,-15352,-47,-63,9647,41.4,306,289,27,169577
MSpapaapp:150,MSpapaapp,150,9659,-15340,-90,-99,9659,41.0,341,288,28,174630
MSpapap:89,MSpapap,89,5209,-19790,-153,-165,5209,44.4,338,374,34,177677
MSpapapa:121,MSpapapa,121,8961,-16038,-79,-104,8961,42.5,327,337,31,291221
MSpapapaa:190,MSpapapaa,190,10193,-14806,3,5,10193,36.1,343,281,27,164673
MSpapapap:190,MSpapapap,190,10060,-14939,-166,-199,10060,41.9,347,307,27,199571
MSpapapp:121,MSpapapp,121,8541,-16458,-137,-146,8541,43.3,352,347,32,244971
MSpapappa:165,MSpapappa,165,9919,-15080,15,11,9919,37.8,332,321,27,161075
MSpapappp:165,MSpapappp,165,9867,-15132,-108,-115,9867,38.6,371,332,27,183835
MSpapp:66,MSpapp,66,5263,-19736,-175,-176,5263,50.2,420,396,41,234449
MSpappa:94,MSpappa,94,6757,-18242,-111,-124,6757,43.8,364,388,34,255197
MSpappaa:151,MSpappaa,151,9684,-15315,-29,-39,9684,28.6,442,375,28,185445
MSpappap:151,MSpappap,151,9686,-15313,-176,-197,9686,46.9,446,340,29,232117
MSpappp:94,MSpappp,94,6581,-18418,-125,-139,6581,45.3,396,362,39,304889
MSpapppa:146,MSpapppa,146,9697,-15302,-105,-130,9697,50.3,381,325,34,260369
MSpapppaa:199,MSpapppaa,199,10456,-14544,127,98,10456,49.5,354,316,28,145926
MSpapppap:199,MSpapppap,199,9921,-15078,-382,-416,9921,48.0,390,300,22,74440
MSpapppp:146,MSpapppp,146,9669,-15330,-148,-179,9669,50.4,430,315,34,275876
MSpp:29,MSpp,29,6570,-18429,-313,-313,6570,56.6,417,333,53,513802
MSppa:48,MSppa,48,5850,-19149,-315,-320,5850,58.6,420,295,47,327269
MSppaa:69,MSppaa,69,5167,-19832,-213,-224,5167,52.9,324,306,39,202791
MSppaaa:96,MSppaaa,96,5556,-19443,-100,-105,5556,51.2,207,298,35,233093
MSppaaaa:127,MSppaaaa,127,9264,-15735,-78,-87,9264,47.1,190,330,33,446176
MSppaaap:127,MSppaaap,127,9279,-15720,-56,-67,9279,47.2,204,306,32,357061
MSppaap:96,MSppaap,96,6327,-18672,-129,-140,6327,48.9,255,302,34,296141
MSppaapa:141,MSppaapa,141,9695,-15304,47,28,9695,50.0,264,354,27,295005
MSppaapp:141,MSppaapp,141,9576,-15423,-83,-96,9576,45.5,366,336,29,280229
MSppap:69,MSppap,69,5235,-19764,-140,-155,5235,49.1,379,313,42,205927
MSppapa:95,MSppapa,95,5544,-19455,-143,-161,5544,48.6,277,275,34,217508
MSppapaa:127,MSppapaa,127,9316,-15683,-54,-62,9316,47.5,248,282,32,351076
MSppapap:127,MSppapap,127,9323,-15676,-78,-77,9323,49.6,264,312,29,233247
MSppapp:95,MSppapp,95,5957,-19042,-133,-141,5957,45.3,309,242,36,261355
MSppappa:134,MSppappa,134,9451,-15548,-75,-88,9451,44.5,222,240,32,342893
MSppappp:134,MSppappp,134,9482,-15517,-85,-96,9482,40.8,238,215,31,269967
MSppp:48,MSppp,48,5827,-19172,-235,-238,5827,53.6,472,351,47,369304
MSpppa:69,MSpppa,69,5180,-19819,-184,-190,5180,51.1,401,336,40,209232
MSpppaa:99,MSpppaa,99,6632,-18367,-138,-147,6632,48.8,313,311,36,266646
MSpppaaa:144,MSpppaaa,144,9626,-15373,-97,-112,9626,46.1,321,288,32,236742
MSpppaap:144,MSpppaap,144,9652,-15347,-137,-165,9652,47.5,418,283,33,237795
MSpppap:99,MSpppap,99,6648,-18351,-176,-190,6648,50.3,350,321,33,240955
MSpppapa:145,MSpppapa,145,9447,-15552,43,40,9447,49.9,317,313,27,199032
MSpppapp:145,MSpppapp,145,9687,-15312,-28,-40,9687,50.1,332,325,30,221883
MSpppp:69,MSpppp,69,5175,-19824,-155,-161,5175,49.1,446,331,42,228182
MSppppa:100,MSppppa,100,6396,-18603,-146,-157,6396,50.7,330,274,37,281743
MSppppaa:139,MSppppaa,139,9552,-15447,-102,-100,9552,53.7,298,298,29,194026
MSppppap:139,MSppppap,139,9522,-15477,-97,-109,9522,45.3,282,228,32,227453
MSppppp:100,MSppppp,100,6496,-18503,-112,-119,6496,46.4,366,259,37,239762
MSpppppa:141,MSpppppa,141,9555,-15444,-116,-116,9555,40.2,271,201,29,171823
MSpppppp:141,MSpppppp,141,9578,-15421,-116,-127,9578,39.4,328,198,29,159972
E:3,E,3,6722,-18277,-189,-189,6722,39.8,459,361,64,775645
Ea:16,Ea,16,6763,-18236,-226,-227,6763,39.1,392,367,61,707417
Eal:42,Eal,42,5887,-19112,-80,-80,5887,34.6,344,346,53,350036
Eala:74,Eala,74,5184,-19815,-59,-61,5184,27.3,282,267,46,244537
Ealaa:122,Ealaa,122,9084,-15915,-69,-76,9084,24.9,322,249,38,365364
Ealap:122,Ealap,122,9078,-15921,-83,-91,9078,26.1,375,252,37,353491
Ealp:74,Ealp,74,5165,-19834,-87,-90,5165,29.1,345,308,44,225549
Ealpa:121,Ealpa,121,9089,-15910,-46,-48,9089,28.6,357,295,34,265564
Ealpp:121,Ealpp,121,9094,-15905,-29,-35,9094,26.2,420,285,36,247582
Ear:42,Ear,42,5867,-19132,-182,-183,5867,42.7,375,278,52,400615
Eara:75,Eara,75,5382,-19617,-116,-121,5382,37.7,304,252,46,351656
Earaa:127,Earaa,127,9274,-15725,-87,-97,9274,34.9,324,252,39,403497
Earap:127,Earap,127,9303,-15696,-87,-105,9303,37.1,369,247,36,321610
Earp:75,Earp,75,5345,-19654,-122,-129,5345,37.5,369,287,44,309300
Earpa:126,Earpa,126,9295,-15704,-90,-100,9295,37.7,370,293,35,290503
Earpp:126,Earpp,126,9278,-15721,-89,-103,9278,36.9,426,263,35,298326
Ep:16,Ep,16,6716,-18283,-154,-154,6716,29.7,486,336,60,652746
Epl:45,Epl,45,5766,-19233,-72,-72,5766,26.8,432,333,53,309980
Epla:77,Epla,77,5250,-19749,-67,-67,5250,27.8,407,278,44,204815
Eplaa:124,Eplaa,124,9153,-15846,-72,-84,9153,25.4,416,253,36,260368
Eplap:124,Eplap,124,9201,-15798,-36,-49,9201,27.5,467,275,35,271761
Eplp:77,Eplp,77,5339,-19660,-86,-88,5339,25.1,490,290,45,262126
Eplpa:127,Eplpa,127,9278,-15721,-78,-92,9278,27.5,494,292,36,258781
Eplpp:127,Eplpp,127,9306,-15693,-82,-96,9306,32.1,499,331,38,364026
Epr:45,Epr,45,5768,-19231,-138,-139,5768,38.0,470,279,53,425237
Epra:78,Epra,78,5349,-19650,-135,-141,5349,40.5,416,257,44,314822
Epraa:126,Epraa,126,9249,-15750,-129,-147,9249,34.4,404,233,38,343858
Eprap:126,Eprap,126,9268,-15731,-82,-101,9268,35.5,458,256,36,298233
Eprp:78,Eprp,78,5438,-19561,-140,-145,5438,36.0,501,270,44,313942
Eprpa:128,Eprpa,128,9370,-15629,-91,-116,9370,35.2,490,268,37,305009
Eprpp:128,Eprpp,128,9309,-15691,-139,-151,9309,38.3,486,309,38,395053
P2:1,P2,1,6600,-18399,-117,-117,6600,32.2,544,294,69,1130493
C:6,C,6,6710,-18289,-63,-63,6710,17.7,475,281,63,417619
Ca:18,Ca,18,6785,-18214,-13,-12,6785,18.8,403,265,55,175645
Caa:35,Caa,35,6279,-18720,-39,-39,6279,12.8,377,250,50,171680
Caaa:57,Caaa,57,5447,-19552,-10,-11,5447,10.7,385,254,47,58445
Caaaa:83,Caaaa,83,5068,-19931,-43,-42,5068,16.3,440,205,40,112227
Caaaaa:116,Caaaaa,116,8880,-16119,-28,-29,8880,23.6,428,186,35,70231
Caaaap:116,Caaaap,116,8877,-16122,-48,-48,8877,26.4,485,189,35,98116
Caaap:83,Caaap,83,5061,-19938,-40,-40,5061,15.3,519,252,39,121791
Caaapa:115,Caaapa,115,8840,-16159,-33,-34,8840,22.0,525,218,34,67962
Caaapp:115,Caaapp,115,8823,-16176,-64,-66,8823,27.1,566,253,33,114369
Caap:57,Caap,57,5406,-19593,-28,-29,5406,6.7,486,283,42,102104
Caapa:86,Caapa,86,7079,-17920,-73,-80,7079,29.0,566,307,33,212831
Caapaa:168,Caapaa,168,9874,-15125,-27,-49,9874,33.3,537,363,25,111613
Caapap:168,Caapap,168,9820,-15179,-91,-102,9820,33.9,558,352,25,161863
Caapp:86,Caapp,86,5350,-19649,-48,-47,5350,23.8,582,320,37,179452
Caappd:126,Caappd,126,9233,-15766,-74,-79,9233,32.2,596,324,34,144183
Caappv:126,Caappv,126,9212,-15787,-31,-32,9212,34.6,584,360,29,171390
Cap:35,Cap,35,6224,-18775,-38,-38,6224,11.5,488,314,50,234012
Capa:61,Capa,61,5201,-19798,-50,-50,5201,12.3,465,369,43,121311
Capaa:99,Capaa,99,6142,-18857,-62,-64,6142,28.9,449,379,35,186571
Capaaa:136,Capaaa,136,9320,-15679,-26,-29,9320,15.9,419,326,35,211704
Capaaaa:191,Capaaaa,191,9958,-15041,-109,-109,9958,10.1,387,277,29,117219
Capaaap:191,Capaaap,191,10045,-14954,-31,-33,10045,9.6,437,282,26,94599
Capaap:136,Capaap,136,9404,-15596,-29,-34,9404,22.3,461,359,32,218065
Capaapa:194,Capaapa,194,10057,-14942,-11,-16,10057,11.8,461,295,27,109369
Capaapp:194,Capaapp,194,10068,-14932,-71,-86,10068,14.4,499,311,28,155067
Capap:99,Capap,99,6112,-18887,-82,-88,6112,28.8,499,372,36,195553
Capapa:136,Capapa,136,9316,-15683,-30,-29,9316,15.9,476,320,34,101406
Capapaa:190,Capapaa,190,10181,-14818,120,118,10181,11.7,463,258,28,105527
Capapap:190,Capapap,190,10047,-14952,-47,-44,10047,12.0,515,269,30,146973
Capapp:136,Capapp,136,9391,-15608,-54,-59,9391,25.1,492,371,31,240001
Capappa:196,Capappa,196,10042,-14958,-129,-157,10042,25.0,506,376,26,220709
Capappp:196,Capappp,196,9991,-15008,-123,-136,9991,16.8,504,331,30,221708
Capp:61,Capp,61,5237,-19762,-80,-81,5237,13.4,516,342,44,159087
Cappa:93,Cappa,93,5528,-19471,-59,-63,5528,18.9,520,332,39,192088
Cappaa:129,Cappaa,129,9003,-15996,-40,-41,9003,14.8,470,293,34,123340
Cappaaa:178,Cappaaa,178,10011,-14988,38,40,10011,13.0,438,246,31,40233
Cappaap:178,Cappaap,178,9903,-15096,-59,-61,9903,15.3,490,217,29,121679
Cappap:129,Cappap,129,9009,-15990,-34,-37,9009,20.1,512,329,32,172905
Cappapa:178,Cappapa,178,9941,-15058,-26,-31,9941,13.7,532,294,29,134735
Cappapp:178,Cappapp,178,9953,-15046,-11,-21,9953,19.8,552,318,29,188140
Cappp:93,Cappp,93,5579,-19420,-45,-49,5579,27.7,543,346,38,223989
Capppa:129,Capppa,129,9160,-15839,-6,-10,9160,20.8,528,292,35,177469
Capppaa:185,Capppaa,185,9983,-15016,-91,-102,9983,17.9,525,225,30,115727
Capppap:185,Capppap,185,10024,-14975,-81,-81,10024,22.1,564,269,29,142313
Capppp:129,Capppp,129,9218,-15781,-86,-95,9218,29.7,539,343,33,286217
Cappppd:193,Cappppd,193,9999,-15000,-230,-236,9999,28.5,576,303,27,156108
Cappppv:193,Cappppv,193,10135,-14864,-24,-50,10135,29.2,544,356,28,248210
Cp:18,Cp,18,6791,-18209,-140,-140,6791,27.8,506,235,58,526953
Cpa:35,Cpa,35,6346,-18653,-88,-88,6346,23.7,484,212,52,339165
Cpaa:56,Cpaa,56,5499,-19500,-71,-72,5499,18.5,478,211,45,166991
Cpaaa:80,Cpaaa,80,5076,-19923,-93,-92,5076,29.2,452,171,38,159482
Cpaaaa:114,Cpaaaa,114,8807,-16192,-41,-43,8807,25.7,400,166,34,125219
Cpaaap:114,Cpaaap,114,8804,-16195,-51,-54,8804,26.7,457,173,33,112365
Cpaap:80,Cpaap,80,5076,-19923,-121,-121,5076,26.4,522,209,39,169608
Cpaapa:114,Cpaapa,114,8802,-16197,-40,-39,8802,26.4,507,189,33,95062
Cpaapp:114,Cpaapp,114,8792,-16207,-64,-66,8792,24.7,554,225,34,119611
Cpap:56,Cpap,56,5446,-19553,-103,-103,5446,15.6,542,282,45,160732
Cpapa:81,Cpapa,81,5152,-19847,-95,-95,5152,30.9,575,245,39,191563
Cpapaa:119,Cpapaa,119,9020,-15979,-59,-65,9020,32.1,596,287,32,181004
Cpapap:119,Cpapap,119,9005,-15994,-86,-88,9005,30.2,575,260,33,185288
Cpapp:81,Cpapp,81,5150,-19849,-75,-73,5150,29.9,598,302,37,194135
Cpappd:118,Cpappd,118,8951,-16048,-93,-95,8951,33.5,597,292,32,176672
Cpappv:118,Cpappv,118,8981,-16018,-72,-80,8981,37.6,591,336,30,197082
Cpp:35,Cpp,35,6279,-18720,-71,-71,6279,20.8,563,288,52,391428
Cppa:60,Cppa,60,5306,-19693,-99,-101,5306,32.7,593,305,45,288721
Cppaa:96,Cppaa,96,5979,-19020,-100,-107,5979,42.3,466,362,38,268594
Cppaaa:134,Cppaaa,134,9311,-15688,-151,-167,9311,51.0,434,274,35,383598
Cppaaaa:186,Cppaaaa,186,10076,-14923,-186,-190,10076,52.0,390,257,31,268282
Cppaaap:186,Cppaaap,186,10121,-14879,-102,-136,10121,51.9,443,254,29,277738
Cppaap:134,Cppaap,134,9399,-15600,-114,-123,9399,47.5,469,318,34,353218
Cppaapa:192,Cppaapa,192,10112,-14887,-113,-162,10112,50.6,464,259,28,248199
Cppaapp:192,Cppaapp,192,10175,-14824,-143,-155,10175,49.8,514,278,28,242711
Cppap:96,Cppap,96,5994,-19005,-139,-147,5994,39.8,517,348,38,273169
Cppapa:135,Cppapa,135,9396,-15603,-123,-140,9396,48.7,475,264,34,329850
Cppapaa:190,Cppapaa,190,10178,-14821,-43,-64,10178,48.4,457,228,29,246821
Cppapap:190,Cppapap,190,10215,-14784,-81,-103,10215,46.4,508,230,29,245370
Cppapp:135,Cppapp,135,9455,-15544,-119,-139,9455,48.0,501,332,32,318688
Cppappa:196,Cppappa,196,10311,-14688,-54,-44,10311,50.6,508,306,26,198314
Cppappp:196,Cppappp,196,10126,-14874,-171,-172,10126,46.0,508,350,23,166784
Cppp:60,Cppp,60,5339,-19660,-40,-41,5339,22.0,566,346,44,218710
Cpppa:90,Cpppa,90,5343,-19656,-144,-149,5343,39.4,544,294,38,241549
Cpppaa:125,Cpppaa,125,8867,-16132,-174,-182,8867,46.4,467,244,33,299741
Cpppaaa:173,Cpppaaa,173,9950,-15049,-118,-129,9950,47.8,432,216,29,286813
Cpppaap:173,Cpppaap,173,9992,-15007,-85,-83,9992,41.9,479,197,30,264922
Cpppap:125,Cpppap,125,8939,-16060,-151,-167,8939,46.1,515,277,35,346023
Cpppapa:178,Cpppapa,178,9970,-15029,-164,-180,9970,45.0,530,245,30,260477
Cpppapp:178,Cpppapp,178,10036,-14963,-103,-102,10036,43.3,549,287,30,288659
Cpppp:90,Cpppp,90,5451,-19548,-76,-90,5451,33.6,561,329,39,231861
Cppppa:127,Cppppa,127,9048,-15951,-105,-114,9048,41.7,535,265,35,319264
Cppppaa:179,Cppppaa,179,10038,-14962,-47,-56,10038,38.4,522,206,30,202869
Cppppap:179,Cppppap,179,10049,-14950,-60,-70,10049,36.3,559,252,29,207305
Cppppp:127,Cppppp,127,9113,-15886,-110,-124,9113,39.0,543,323,33,298019
Cpppppd:187,Cpppppd,187,10065,-14934,-122,-126,10065,35.2,573,300,29,223175
Cpppppv:187,Cpppppv,187,10057,-14942,-85,-90,10057,36.8,541,343,27,216282
P3:6,P3,6,6777,-18222,-145,-145,6777,33.4,570,309,59,757815
D:23,D,23,6641,-18358,-151,-151,6641,32.7,576,323,54,620858
Da:48,Da,48,5716,-19283,-51,-52,5716,27.1,495,394,47,274729
Daa:78,Daa,78,5066,-19933,-86,-85,5066,28.8,435,378,39,142582
Daaa:111,Daaa,111,7522,-17477,23,21,7522,17.9,357,336,33,113864
Daaaa:152,Daaaa,152,9665,-15334,-18,-22,9665,15.6,309,286,29,127342
Daaap:152,Daaap,152,9655,-15344,-27,-29,9655,16.6,327,237,30,107292
Daap:111,Daap,111,7530,-17469,-58,-58,7530,23.1,394,361,33,142980
Daapa:154,Daapa,154,9685,-15314,0,-6,9685,13.4,328,320,30,91463
Daapp:154,Daapp,154,9633,-15366,-59,-62,9633,14.2,370,332,29,112831
Dap:78,Dap,78,5071,-19928,-48,-47,5071,26.6,499,356,40,151297
Dapa:109,Dapa,109,7296,-17703,-20,-20,7296,15.9,404,323,34,126007
Dapaa:151,Dapaa,151,9654,-15345,-15,-16,9654,13.7,358,284,30,81595
Dapap:151,Dapap,151,9693,-15306,12,12,9693,13.4,409,255,32,35926
Dapp:109,Dapp,109,7336,-17663,-10,-12,7336,21.6,449,316,35,123762
Dappa:151,Dappa,151,9648,-15351,-39,-45,9648,15.3,383,219,34,57646
Dappp:151,Dappp,151,9645,-15354,-54,-55,9645,16.6,448,214,32,91942
Dp:48,Dp,48,5743,-19256,-170,-172,5743,37.0,561,342,47,338418
Dpa:76,Dpa,76,5106,-19893,-181,-186,5106,47.0,483,350,41,241952
Dpaa:109,Dpaa,109,7386,-17613,-133,-156,7386,49.5,370,278,34,258564
Dpaaa:151,Dpaaa,151,9701,-15298,-142,-147,9701,48.3,310,273,29,196304
Dpaap:151,Dpaap,151,9761,-15238,-100,-109,9761,45.1,324,222,30,212114
Dpap:109,Dpap,109,7474,-17525,-130,-143,7474,47.7,405,312,35,274981
Dpapa:153,Dpapa,153,9788,-15211,-102,-120,9788,52.4,334,292,29,188933
Dpapp:153,Dpapp,153,9811,-15188,-157,-192,9811,52.8,376,300,30,203959
Dpp:76,Dpp,76,5054,-19945,-174,-179,5054,36.4,531,341,42,213935
Dppa:105,Dppa,105,7275,-17724,-146,-164,7275,48.9,406,261,35,280007
Dppaa:153,Dppaa,153,9737,-15262,-147,-160,9737,51.4,361,260,31,239986
Dppap:153,Dppap,153,9814,-15185,-104,-118,9814,49.7,403,229,31,238108
Dppp:105,Dppp,105,6981,-18018,-144,-155,6981,44.6,457,274,38,270632
Dpppa:146,Dpppa,146,9656,-15343,-191,-192,9656,43.2,375,198,32,203598
Dpppp:146,Dpppp,146,9733,-15266,-100,-110,9733,41.9,433,196,35,274371
P4:23,P4,23,6322,-18677,-136,-138,6322,37.4,500,377,50,576226
Z2:68,Z2,68,7553,-17446,-131,-137,7553,39.7,441,315,39,277083
Z3:68,Z3,68,7530,-17469,-97,-99,7530,34.9,398,351,38,195456
