celltime,cell,time,none,global,local,blot,cross,z,x,y,size,gweight
ABa:8,ABa,8,51,51,51,51,51,31,356,512,30,1000
ABal:20,ABal,20,10,10,10,10,10,31,356,512,30,1000
ABala:35,ABala,35,0,0,0,0,0,31,356,512,30,1000
ABalaa:57,ABalaa,57,23,23,23,23,23,31,356,512,30,1000
ABalaaa:81,ABalaaa,81,1252,1252,1252,1252,1252,31,356,512,30,1000
ABalaaaa:113,ABalaaaa,113,4784,4784,4784,4784,4784,31,356,512,30,1000
ABalaaaal:149,ABalaaaal,149,11551,11551,11551,11551,11551,31,356,512,30,1000
ABalaaaala:217,ABalaaaala,217,8840,8840,8840,8840,8840,31,356,512,30,1000
ABalaaaalal:260,ABalaaaalal,260,3826,3826,3826,3826,3826,31,356,512,30,1000
ABalaaaalar:250,ABalaaaalar,250,1801,1801,1801,1801,1801,31,356,512,30,1000
ABalaaaalp:216,ABalaaaalp,216,7925,7925,7925,7925,7925,31,356,512,30,1000
ABalaaaalpa:260,ABalaaaalpa,260,2446,2446,2446,2446,2446,31,356,512,30,1000
ABalaaaalpp:251,ABalaaaalpp,251,4892,4892,4892,4892,4892,31,356,512,30,1000
ABalaaaar:152,ABalaaaar,152,13502,13502,13502,13502,13502,31,356,512,30,1000
ABalaaaarl:210,ABalaaaarl,210,12174,12174,12174,12174,12174,31,356,512,30,1000
ABalaaaarla:244,ABalaaaarla,244,11805,11805,11805,11805,11805,31,356,512,30,1000
ABalaaaarlp:260,ABalaaaarlp,260,10367,10367,10367,10367,10367,31,356,512,30,1000
ABalaaaarr:212,ABalaaaarr,212,12081,12081,12081,12081,12081,31,356,512,30,1000
ABalaaaarra:260,ABalaaaarra,260,11015,11015,11015,11015,11015,31,356,512,30,1000
ABalaaaarrp:257,ABalaaaarrp,257,10558,10558,10558,10558,10558,31,356,512,30,1000
ABalaaap:109,ABalaaap,109,4467,4467,4467,4467,4467,31,356,512,30,1000
ABalaaapa:145,ABalaaapa,145,9394,9394,9394,9394,9394,31,356,512,30,1000
ABalaaapal:196,ABalaaapal,196,7213,7213,7213,7213,7213,31,356,512,30,1000
ABalaaapall:238,ABalaaapall,238,1197,1197,1197,1197,1197,31,356,512,30,1000
ABalaaapalr:223,ABalaaapalr,223,5824,5824,5824,5824,5824,31,356,512,30,1000
ABalaaapar:212,ABalaaapar,212,9965,9965,9965,9965,9965,31,356,512,30,1000
ABalaaaparl:260,ABalaaaparl,260,17439,17439,17439,17439,17439,31,356,512,30,1000
ABalaaaparr:253,ABalaaaparr,253,20246,20246,20246,20246,20246,31,356,512,30,1000
ABalaaapp:145,ABalaaapp,145,8213,8213,8213,8213,8213,31,356,512,30,1000
ABalaaappl:205,ABalaaappl,205,7228,7228,7228,7228,7228,31,356,512,30,1000
ABalaaappll:254,ABalaaappll,254,11478,11478,11478,11478,11478,31,356,512,30,1000
ABalaaapplr:260,ABalaaapplr,260,13319,13319,13319,13319,13319,31,356,512,30,1000
ABalaaappr:197,ABalaaappr,197,7172,7172,7172,7172,7172,31,356,512,30,1000
ABalaaapprl:238,ABalaaapprl,238,716,716,716,716,716,31,356,512,30,1000
ABalaaapprr:260,ABalaaapprr,260,13018,13018,13018,13018,13018,31,356,512,30,1000
ABalaap:81,ABalaap,81,533,533,533,533,533,31,356,512,30,1000
ABalaapa:112,ABalaapa,112,2937,2937,2937,2937,2937,31,356,512,30,1000
ABalaapaa:152,ABalaapaa,152,11270,11270,11270,11270,11270,31,356,512,30,1000
ABalaapaaa:226,ABalaapaaa,226,11901,11901,11901,11901,11901,31,356,512,30,1000
ABalaapaaal:260,ABalaapaaal,260,2581,2581,2581,2581,2581,31,356,512,30,1000
ABalaapaaar:260,ABalaapaaar,260,945,945,945,945,945,31,356,512,30,1000
ABalaapaap:217,ABalaapaap,217,10367,10367,10367,10367,10367,31,356,512,30,1000
ABalaapaapa:260,ABalaapaapa,260,6053,6053,6053,6053,6053,31,356,512,30,1000
ABalaapaapp:260,ABalaapaapp,260,3901,3901,3901,3901,3901,31,356,512,30,1000
ABalaapap:152,ABalaapap,152,9456,9456,9456,9456,9456,31,356,512,30,1000
ABalaapapa:260,ABalaapapa,260,3931,3931,3931,3931,3931,31,356,512,30,1000
ABalaapapp:209,ABalaapapp,209,9423,9423,9423,9423,9423,31,356,512,30,1000
ABalaapappa:260,ABalaapappa,260,3317,3317,3317,3317,3317,31,356,512,30,1000
ABalaapappp:260,ABalaapappp,260,4146,4146,4146,4146,4146,31,356,512,30,1000
ABalaapp:109,ABalaapp,109,3259,3259,3259,3259,3259,31,356,512,30,1000
ABalaappa:151,ABalaappa,151,9698,9698,9698,9698,9698,31,356,512,30,1000
ABalaappaa:260,ABalaappaa,260,8024,8024,8024,8024,8024,31,356,512,30,1000
ABalaappap:207,ABalaappap,207,17246,17246,17246,17246,17246,31,356,512,30,1000
ABalaappapa:260,ABalaappapa,260,6073,6073,6073,6073,6073,31,356,512,30,1000
ABalaappapp:260,ABalaappapp,260,3770,3770,3770,3770,3770,31,356,512,30,1000
ABalaappp:143,ABalaappp,143,10880,10880,10880,10880,10880,31,356,512,30,1000
ABalaapppa:209,ABalaapppa,209,28164,28164,28164,28164,28164,31,356,512,30,1000
ABalaapppaa:260,ABalaapppaa,260,7129,7129,7129,7129,7129,31,356,512,30,1000
ABalaapppap:239,ABalaapppap,239,15534,15534,15534,15534,15534,31,356,512,30,1000
ABalaapppp:192,ABalaapppp,192,31475,31475,31475,31475,31475,31,356,512,30,1000
ABalaappppa:260,ABalaappppa,260,22076,22076,22076,22076,22076,31,356,512,30,1000
ABalaappppp:242,ABalaappppp,242,39406,39406,39406,39406,39406,31,356,512,30,1000
ABalap:56,ABalap,56,0,0,0,0,0,31,356,512,30,1000
ABalapa:79,ABalapa,79,110,110,110,110,110,31,356,512,30,1000
ABalapaa:108,ABalapaa,108,2096,2096,2096,2096,2096,31,356,512,30,1000
ABalapaaa:147,ABalapaaa,147,8288,8288,8288,8288,8288,31,356,512,30,1000
ABalapaaaa:224,ABalapaaaa,224,8632,8632,8632,8632,8632,31,356,512,30,1000
ABalapaaaaa:253,ABalapaaaaa,253,21314,21314,21314,21314,21314,31,356,512,30,1000
ABalapaaaap:260,ABalapaaaap,260,13962,13962,13962,13962,13962,31,356,512,30,1000
ABalapaaap:198,ABalapaaap,198,11199,11199,11199,11199,11199,31,356,512,30,1000
ABalapaaapa:260,ABalapaaapa,260,4382,4382,4382,4382,4382,31,356,512,30,1000
ABalapaaapp:237,ABalapaaapp,237,4435,4435,4435,4435,4435,31,356,512,30,1000
ABalapaap:144,ABalapaap,144,8540,8540,8540,8540,8540,31,356,512,30,1000
ABalapaapa:213,ABalapaapa,213,17036,17036,17036,17036,17036,31,356,512,30,1000
ABalapaapaa:260,ABalapaapaa,260,6086,6086,6086,6086,6086,31,356,512,30,1000
ABalapaapap:260,ABalapaapap,260,9410,9410,9410,9410,9410,31,356,512,30,1000
ABalapaapp:195,ABalapaapp,195,22341,22341,22341,22341,22341,31,356,512,30,1000
ABalapaappa:254,ABalapaappa,254,23347,23347,23347,23347,23347,31,356,512,30,1000
ABalapaappp:210,ABalapaappp,210,30160,30160,30160,30160,30160,31,356,512,30,1000
ABalapap:106,ABalapap,106,1572,1572,1572,1572,1572,31,356,512,30,1000
ABalapapa:144,ABalapapa,144,2560,2560,2560,2560,2560,31,356,512,30,1000
ABalapapaa:224,ABalapapaa,224,3301,3301,3301,3301,3301,31,356,512,30,1000
ABalapapap:194,ABalapapap,194,3034,3034,3034,3034,3034,31,356,512,30,1000
ABalapapapa:260,ABalapapapa,260,16680,16680,16680,16680,16680,31,356,512,30,1000
ABalapapapp:248,ABalapapapp,248,10234,10234,10234,10234,10234,31,356,512,30,1000
ABalapapp:141,ABalapapp,141,2952,2952,2952,2952,2952,31,356,512,30,1000
ABalapappa:186,ABalapappa,186,1985,1985,1985,1985,1985,31,356,512,30,1000
ABalapappaa:224,ABalapappaa,224,15639,15639,15639,15639,15639,31,356,512,30,1000
ABalapappap:232,ABalapappap,232,11060,11060,11060,11060,11060,31,356,512,30,1000
ABalapappp:196,ABalapappp,196,1779,1779,1779,1779,1779,31,356,512,30,1000
ABalapapppa:260,ABalapapppa,260,1407,1407,1407,1407,1407,31,356,512,30,1000
ABalapapppp:231,ABalapapppp,231,1501,1501,1501,1501,1501,31,356,512,30,1000
ABalapp:80,ABalapp,80,95,95,95,95,95,31,356,512,30,1000
ABalappa:110,ABalappa,110,863,863,863,863,863,31,356,512,30,1000
ABalappaa:153,ABalappaa,153,932,932,932,932,932,31,356,512,30,1000
ABalappaaa:206,ABalappaaa,206,5141,5141,5141,5141,5141,31,356,512,30,1000
ABalappaap:225,ABalappaap,225,15871,15871,15871,15871,15871,31,356,512,30,1000
ABalappaapa:241,ABalappaapa,241,15960,15960,15960,15960,15960,31,356,512,30,1000
ABalappaapp:242,ABalappaapp,242,4872,4872,4872,4872,4872,31,356,512,30,1000
ABalappap:145,ABalappap,145,1251,1251,1251,1251,1251,31,356,512,30,1000
ABalappapa:208,ABalappapa,208,7459,7459,7459,7459,7459,31,356,512,30,1000
ABalappapaa:260,ABalappapaa,260,2899,2899,2899,2899,2899,31,356,512,30,1000
ABalappapap:260,ABalappapap,260,4526,4526,4526,4526,4526,31,356,512,30,1000
ABalappapp:190,ABalappapp,190,8599,8599,8599,8599,8599,31,356,512,30,1000
ABalappappa:221,ABalappappa,221,9314,9314,9314,9314,9314,31,356,512,30,1000
ABalappappp:260,ABalappappp,260,4358,4358,4358,4358,4358,31,356,512,30,1000
ABalappp:107,ABalappp,107,669,669,669,669,669,31,356,512,30,1000
ABalapppa:143,ABalapppa,143,535,535,535,535,535,31,356,512,30,1000
ABalapppaa:197,ABalapppaa,197,433,433,433,433,433,31,356,512,30,1000
ABalapppaaa:221,ABalapppaaa,221,3359,3359,3359,3359,3359,31,356,512,30,1000
ABalapppaap:227,ABalapppaap,227,1152,1152,1152,1152,1152,31,356,512,30,1000
ABalapppap:190,ABalapppap,190,831,831,831,831,831,31,356,512,30,1000
ABalapppapa:248,ABalapppapa,248,14993,14993,14993,14993,14993,31,356,512,30,1000
ABalapppapp:232,ABalapppapp,232,8104,8104,8104,8104,8104,31,356,512,30,1000
ABalapppp:143,ABalapppp,143,772,772,772,772,772,31,356,512,30,1000
ABalappppa:187,ABalappppa,187,636,636,636,636,636,31,356,512,30,1000
ABalappppaa:260,ABalappppaa,260,15441,15441,15441,15441,15441,31,356,512,30,1000
ABalappppap:246,ABalappppap,246,8908,8908,8908,8908,8908,31,356,512,30,1000
ABalappppp:195,ABalappppp,195,434,434,434,434,434,31,356,512,30,1000
ABalapppppa:225,ABalapppppa,225,1157,1157,1157,1157,1157,31,356,512,30,1000
ABalapppppp:245,ABalapppppp,245,750,750,750,750,750,31,356,512,30,1000
ABalp:35,ABalp,35,2,2,2,2,2,31,356,512,30,1000
ABalpa:55,ABalpa,55,80,80,80,80,80,31,356,512,30,1000
ABalpaa:78,ABalpaa,78,0,0,0,0,0,31,356,512,30,1000
ABalpaaa:109,ABalpaaa,109,581,581,581,581,581,31,356,512,30,1000
ABalpaaaa:150,ABalpaaaa,150,4787,4787,4787,4787,4787,31,356,512,30,1000
ABalpaaaaa:205,ABalpaaaaa,205,6949,6949,6949,6949,6949,31,356,512,30,1000
ABalpaaaaaa:260,ABalpaaaaaa,260,5373,5373,5373,5373,5373,31,356,512,30,1000
ABalpaaaaap:260,ABalpaaaaap,260,2776,2776,2776,2776,2776,31,356,512,30,1000
ABalpaaaap:211,ABalpaaaap,211,4948,4948,4948,4948,4948,31,356,512,30,1000
ABalpaaaapa:260,ABalpaaaapa,260,1611,1611,1611,1611,1611,31,356,512,30,1000
ABalpaaaapp:229,ABalpaaaapp,229,5424,5424,5424,5424,5424,31,356,512,30,1000
ABalpaaap:148,ABalpaaap,148,3126,3126,3126,3126,3126,31,356,512,30,1000
ABalpaaapa:210,ABalpaaapa,210,2964,2964,2964,2964,2964,31,356,512,30,1000
ABalpaaapaa:260,ABalpaaapaa,260,793,793,793,793,793,31,356,512,30,1000
ABalpaaapap:260,ABalpaaapap,260,2782,2782,2782,2782,2782,31,356,512,30,1000
ABalpaaapp:208,ABalpaaapp,208,2564,2564,2564,2564,2564,31,356,512,30,1000
ABalpaaappa:260,ABalpaaappa,260,6050,6050,6050,6050,6050,31,356,512,30,1000
ABalpaaappp:260,ABalpaaappp,260,537,537,537,537,537,31,356,512,30,1000
ABalpaap:104,ABalpaap,104,398,398,398,398,398,31,356,512,30,1000
ABalpaapa:134,ABalpaapa,134,2603,2603,2603,2603,2603,31,356,512,30,1000
ABalpaapaa:183,ABalpaapaa,183,2294,2294,2294,2294,2294,31,356,512,30,1000
ABalpaapaaa:260,ABalpaapaaa,260,645,645,645,645,645,31,356,512,30,1000
ABalpaapaap:234,ABalpaapaap,234,1123,1123,1123,1123,1123,31,356,512,30,1000
ABalpaapap:168,ABalpaapap,168,1713,1713,1713,1713,1713,31,356,512,30,1000
ABalpaapapa:257,ABalpaapapa,257,1476,1476,1476,1476,1476,31,356,512,30,1000
ABalpaapapp:260,ABalpaapapp,260,1950,1950,1950,1950,1950,31,356,512,30,1000
ABalpaapp:141,ABalpaapp,141,1941,1941,1941,1941,1941,31,356,512,30,1000
ABalpaappa:199,ABalpaappa,199,1547,1547,1547,1547,1547,31,356,512,30,1000
ABalpaappaa:260,ABalpaappaa,260,1180,1180,1180,1180,1180,31,356,512,30,1000
ABalpaappap:236,ABalpaappap,236,1556,1556,1556,1556,1556,31,356,512,30,1000
ABalpaappp:195,ABalpaappp,195,1112,1112,1112,1112,1112,31,356,512,30,1000
ABalpaapppa:246,ABalpaapppa,246,1331,1331,1331,1331,1331,31,356,512,30,1000
ABalpaapppp:260,ABalpaapppp,260,1243,1243,1243,1243,1243,31,356,512,30,1000
ABalpap:77,ABalpap,77,80,80,80,80,80,31,356,512,30,1000
ABalpapa:105,ABalpapa,105,200,200,200,200,200,31,356,512,30,1000
ABalpapaa:143,ABalpapaa,143,1334,1334,1334,1334,1334,31,356,512,30,1000
ABalpapaaa:192,ABalpapaaa,192,4101,4101,4101,4101,4101,31,356,512,30,1000
ABalpapaaaa:249,ABalpapaaaa,249,2628,2628,2628,2628,2628,31,356,512,30,1000
ABalpapaaap:260,ABalpapaaap,260,2301,2301,2301,2301,2301,31,356,512,30,1000
ABalpapaap:206,ABalpapaap,206,3505,3505,3505,3505,3505,31,356,512,30,1000
ABalpapaapa:260,ABalpapaapa,260,1530,1530,1530,1530,1530,31,356,512,30,1000
ABalpapaapp:248,ABalpapaapp,248,1640,1640,1640,1640,1640,31,356,512,30,1000
ABalpapap:141,ABalpapap,141,1483,1483,1483,1483,1483,31,356,512,30,1000
ABalpapapa:189,ABalpapapa,189,3149,3149,3149,3149,3149,31,356,512,30,1000
ABalpapapaa:245,ABalpapapaa,245,1478,1478,1478,1478,1478,31,356,512,30,1000
ABalpapapap:260,ABalpapapap,260,694,694,694,694,694,31,356,512,30,1000
ABalpapapp:206,ABalpapapp,206,2121,2121,2121,2121,2121,31,356,512,30,1000
ABalpapappa:260,ABalpapappa,260,1030,1030,1030,1030,1030,31,356,512,30,1000
ABalpapappp:260,ABalpapappp,260,1302,1302,1302,1302,1302,31,356,512,30,1000
ABalpapp:102,ABalpapp,102,95,95,95,95,95,31,356,512,30,1000
ABalpappa:134,ABalpappa,134,525,525,525,525,525,31,356,512,30,1000
ABalpappaa:192,ABalpappaa,192,5462,5462,5462,5462,5462,31,356,512,30,1000
ABalpappaaa:260,ABalpappaaa,260,9142,9142,9142,9142,9142,31,356,512,30,1000
ABalpappaap:235,ABalpappaap,235,19422,19422,19422,19422,19422,31,356,512,30,1000
ABalpappap:175,ABalpappap,175,2849,2849,2849,2849,2849,31,356,512,30,1000
ABalpappapa:260,ABalpappapa,260,1906,1906,1906,1906,1906,31,356,512,30,1000
ABalpappapp:260,ABalpappapp,260,2887,2887,2887,2887,2887,31,356,512,30,1000
ABalpappp:133,ABalpappp,133,546,546,546,546,546,31,356,512,30,1000
ABalpapppa:214,ABalpapppa,214,1057,1057,1057,1057,1057,31,356,512,30,1000
ABalpapppaa:260,ABalpapppaa,260,9844,9844,9844,9844,9844,31,356,512,30,1000
ABalpapppap:243,ABalpapppap,243,3130,3130,3130,3130,3130,31,356,512,30,1000
ABalpapppp:168,ABalpapppp,168,434,434,434,434,434,31,356,512,30,1000
ABalpappppa:260,ABalpappppa,260,885,885,885,885,885,31,356,512,30,1000
ABalpappppp:260,ABalpappppp,260,710,710,710,710,710,31,356,512,30,1000
ABalpp:55,ABalpp,55,2,2,2,2,2,31,356,512,30,1000
ABalppa:80,ABalppa,80,61,61,61,61,61,31,356,512,30,1000
ABalppaa:112,ABalppaa,112,257,257,257,257,257,31,356,512,30,1000
ABalppaaa:150,ABalppaaa,150,4872,4872,4872,4872,4872,31,356,512,30,1000
ABalppaaaa:260,ABalppaaaa,260,2521,2521,2521,2521,2521,31,356,512,30,1000
ABalppaaap:205,ABalppaaap,205,7966,7966,7966,7966,7966,31,356,512,30,1000
ABalppaaapa:260,ABalppaaapa,260,2800,2800,2800,2800,2800,31,356,512,30,1000
ABalppaaapp:260,ABalppaaapp,260,2830,2830,2830,2830,2830,31,356,512,30,1000
ABalppaap:151,ABalppaap,151,4455,4455,4455,4455,4455,31,356,512,30,1000
ABalppaapa:240,ABalppaapa,240,9559,9559,9559,9559,9559,31,356,512,30,1000
ABalppaapp:205,ABalppaapp,205,8965,8965,8965,8965,8965,31,356,512,30,1000
ABalppaappa:260,ABalppaappa,260,19743,19743,19743,19743,19743,31,356,512,30,1000
ABalppaappp:247,ABalppaappp,247,4539,4539,4539,4539,4539,31,356,512,30,1000
ABalppap:108,ABalppap,108,80,80,80,80,80,31,356,512,30,1000
ABalppapa:141,ABalppapa,141,2125,2125,2125,2125,2125,31,356,512,30,1000
ABalppapaa:201,ABalppapaa,201,9216,9216,9216,9216,9216,31,356,512,30,1000
ABalppapaaa:239,ABalppapaaa,239,19177,19177,19177,19177,19177,31,356,512,30,1000
ABalppapaap:260,ABalppapaap,260,9394,9394,9394,9394,9394,31,356,512,30,1000
ABalppapap:197,ABalppapap,197,5689,5689,5689,5689,5689,31,356,512,30,1000
ABalppapapa:260,ABalppapapa,260,3656,3656,3656,3656,3656,31,356,512,30,1000
ABalppapapp:241,ABalppapapp,241,5060,5060,5060,5060,5060,31,356,512,30,1000
ABalppapp:140,ABalppapp,140,2176,2176,2176,2176,2176,31,356,512,30,1000
ABalppappa:195,ABalppappa,195,16059,16059,16059,16059,16059,31,356,512,30,1000
ABalppappaa:260,ABalppappaa,260,17660,17660,17660,17660,17660,31,356,512,30,1000
ABalppappap:260,ABalppappap,260,9120,9120,9120,9120,9120,31,356,512,30,1000
ABalppappp:191,ABalppappp,191,17979,17979,17979,17979,17979,31,356,512,30,1000
ABalppapppa:260,ABalppapppa,260,29374,29374,29374,29374,29374,31,356,512,30,1000
ABalppapppp:231,ABalppapppp,231,35932,35932,35932,35932,35932,31,356,512,30,1000
ABalppp:79,ABalppp,79,17,17,17,17,17,31,356,512,30,1000
ABalpppa:107,ABalpppa,107,51,51,51,51,51,31,356,512,30,1000
ABalpppaa:146,ABalpppaa,146,1562,1562,1562,1562,1562,31,356,512,30,1000
ABalpppaaa:206,ABalpppaaa,206,14925,14925,14925,14925,14925,31,356,512,30,1000
ABalpppaaaa:260,ABalpppaaaa,260,12374,12374,12374,12374,12374,31,356,512,30,1000
ABalpppaaap:253,ABalpppaaap,253,8292,8292,8292,8292,8292,31,356,512,30,1000
ABalpppaap:211,ABalpppaap,211,20027,20027,20027,20027,20027,31,356,512,30,1000
ABalpppaapd:260,ABalpppaapd,260,38168,38168,38168,38168,38168,31,356,512,30,1000
ABalpppaapv:259,ABalpppaapv,259,42828,42828,42828,42828,42828,31,356,512,30,1000
ABalpppap:141,ABalpppap,141,1387,1387,1387,1387,1387,31,356,512,30,1000
ABalpppapa:195,ABalpppapa,195,4301,4301,4301,4301,4301,31,356,512,30,1000
ABalpppapad:260,ABalpppapad,260,6211,6211,6211,6211,6211,31,356,512,30,1000
ABalpppapav:260,ABalpppapav,260,18075,18075,18075,18075,18075,31,356,512,30,1000
ABalpppapp:190,ABalpppapp,190,4483,4483,4483,4483,4483,31,356,512,30,1000
ABalpppappa:260,ABalpppappa,260,2369,2369,2369,2369,2369,31,356,512,30,1000
ABalpppappp:260,ABalpppappp,260,2313,2313,2313,2313,2313,31,356,512,30,1000
ABalpppp:105,ABalpppp,105,78,78,78,78,78,31,356,512,30,1000
ABalppppa:140,ABalppppa,140,226,226,226,226,226,31,356,512,30,1000
ABalppppaa:194,ABalppppaa,194,2528,2528,2528,2528,2528,31,356,512,30,1000
ABalppppaad:260,ABalppppaad,260,4754,4754,4754,4754,4754,31,356,512,30,1000
ABalppppaav:260,ABalppppaav,260,4701,4701,4701,4701,4701,31,356,512,30,1000
ABalppppap:194,ABalppppap,194,6110,6110,6110,6110,6110,31,356,512,30,1000
ABalppppapa:260,ABalppppapa,260,36619,36619,36619,36619,36619,31,356,512,30,1000
ABalppppapp:260,ABalppppapp,260,7474,7474,7474,7474,7474,31,356,512,30,1000
ABalppppp:136,ABalppppp,136,96,96,96,96,96,31,356,512,30,1000
ABalpppppa:189,ABalpppppa,189,239,239,239,239,239,31,356,512,30,1000
ABalpppppaa:260,ABalpppppaa,260,466,466,466,466,466,31,356,512,30,1000
ABalpppppap:260,ABalpppppap,260,532,532,532,532,532,31,356,512,30,1000
ABalpppppp:174,ABalpppppp,174,142,142,142,142,142,31,356,512,30,1000
ABalppppppa:236,ABalppppppa,236,104,104,104,104,104,31,356,512,30,1000
ABalppppppaa:249,ABalppppppaa,249,190,190,190,190,190,31,356,512,30,1000
ABalppppppap:244,ABalppppppap,244,0,0,0,0,0,31,356,512,30,1000
ABalppppppp:226,ABalppppppp,226,77,77,77,77,77,31,356,512,30,1000
ABalpppppppa:260,ABalpppppppa,260,321,321,321,321,321,31,356,512,30,1000
ABalpppppppp:260,ABalpppppppp,260,1100,1100,1100,1100,1100,31,356,512,30,1000
ABar:20,ABar,20,41,41,41,41,41,31,356,512,30,1000
ABara:35,ABara,35,52,52,52,52,52,31,356,512,30,1000
ABaraa:56,ABaraa,56,64,64,64,64,64,31,356,512,30,1000
ABaraaa:79,ABaraaa,79,105,105,105,105,105,31,356,512,30,1000
ABaraaaa:110,ABaraaaa,110,113,113,113,113,113,31,356,512,30,1000
ABaraaaaa:149,ABaraaaaa,149,330,330,330,330,330,31,356,512,30,1000
ABaraaaaaa:207,ABaraaaaaa,207,274,274,274,274,274,31,356,512,30,1000
ABaraaaaaaa:260,ABaraaaaaaa,260,896,896,896,896,896,31,356,512,30,1000
ABaraaaaaap:255,ABaraaaaaap,255,430,430,430,430,430,31,356,512,30,1000
ABaraaaaap:206,ABaraaaaap,206,198,198,198,198,198,31,356,512,30,1000
ABaraaaaapa:260,ABaraaaaapa,260,1156,1156,1156,1156,1156,31,356,512,30,1000
ABaraaaaapp:235,ABaraaaaapp,235,1952,1952,1952,1952,1952,31,356,512,30,1000
ABaraaaap:154,ABaraaaap,154,399,399,399,399,399,31,356,512,30,1000
ABaraaaapa:223,ABaraaaapa,223,278,278,278,278,278,31,356,512,30,1000
ABaraaaapaa:239,ABaraaaapaa,239,212,212,212,212,212,31,356,512,30,1000
ABaraaaapap:260,ABaraaaapap,260,721,721,721,721,721,31,356,512,30,1000
ABaraaaapp:238,ABaraaaapp,238,598,598,598,598,598,31,356,512,30,1000
ABaraaap:105,ABaraaap,105,130,130,130,130,130,31,356,512,30,1000
ABaraaapa:137,ABaraaapa,137,497,497,497,497,497,31,356,512,30,1000
ABaraaapaa:187,ABaraaapaa,187,265,265,265,265,265,31,356,512,30,1000
ABaraaapaaa:260,ABaraaapaaa,260,618,618,618,618,618,31,356,512,30,1000
ABaraaapaap:260,ABaraaapaap,260,471,471,471,471,471,31,356,512,30,1000
ABaraaapap:175,ABaraaapap,175,343,343,343,343,343,31,356,512,30,1000
ABaraaapapa:215,ABaraaapapa,215,380,380,380,380,380,31,356,512,30,1000
ABaraaapapp:207,ABaraaapapp,207,584,584,584,584,584,31,356,512,30,1000
ABaraaapp:143,ABaraaapp,143,566,566,566,566,566,31,356,512,30,1000
ABaraaappa:207,ABaraaappa,207,501,501,501,501,501,31,356,512,30,1000
ABaraaappaa:237,ABaraaappaa,237,384,384,384,384,384,31,356,512,30,1000
ABaraaappap:260,ABaraaappap,260,2000,2000,2000,2000,2000,31,356,512,30,1000
ABaraaappp:195,ABaraaappp,195,387,387,387,387,387,31,356,512,30,1000
ABaraaapppa:260,ABaraaapppa,260,613,613,613,613,613,31,356,512,30,1000
ABaraaapppp:235,ABaraaapppp,235,858,858,858,858,858,31,356,512,30,1000
ABaraap:78,ABaraap,78,21,21,21,21,21,31,356,512,30,1000
ABaraapa:106,ABaraapa,106,322,322,322,322,322,31,356,512,30,1000
ABaraapaa:140,ABaraapaa,140,246,246,246,246,246,31,356,512,30,1000
ABaraapaaa:196,ABaraapaaa,196,243,243,243,243,243,31,356,512,30,1000
ABaraapaaaa:260,ABaraapaaaa,260,254,254,254,254,254,31,356,512,30,1000
ABaraapaaap:251,ABaraapaaap,251,395,395,395,395,395,31,356,512,30,1000
ABaraapaap:186,ABaraapaap,186,342,342,342,342,342,31,356,512,30,1000
ABaraapaapa:260,ABaraapaapa,260,677,677,677,677,677,31,356,512,30,1000
ABaraapaapp:260,ABaraapaapp,260,338,338,338,338,338,31,356,512,30,1000
ABaraapap:138,ABaraapap,138,364,364,364,364,364,31,356,512,30,1000
ABaraapapa:178,ABaraapapa,178,357,357,357,357,357,31,356,512,30,1000
ABaraapapaa:222,ABaraapapaa,222,551,551,551,551,551,31,356,512,30,1000
ABaraapapap:260,ABaraapapap,260,402,402,402,402,402,31,356,512,30,1000
ABaraapapp:200,ABaraapapp,200,629,629,629,629,629,31,356,512,30,1000
ABaraapappa:260,ABaraapappa,260,372,372,372,372,372,31,356,512,30,1000
ABaraapappp:260,ABaraapappp,260,298,298,298,298,298,31,356,512,30,1000
ABaraapp:105,ABaraapp,105,105,105,105,105,105,31,356,512,30,1000
ABaraappa:140,ABaraappa,140,392,392,392,392,392,31,356,512,30,1000
ABaraappaa:199,ABaraappaa,199,265,265,265,265,265,31,356,512,30,1000
ABaraappaaa:260,ABaraappaaa,260,606,606,606,606,606,31,356,512,30,1000
ABaraappaap:228,ABaraappaap,228,1210,1210,1210,1210,1210,31,356,512,30,1000
ABaraappap:186,ABaraappap,186,184,184,184,184,184,31,356,512,30,1000
ABaraappapa:260,ABaraappapa,260,360,360,360,360,360,31,356,512,30,1000
ABaraappapp:260,ABaraappapp,260,197,197,197,197,197,31,356,512,30,1000
ABaraappp:141,ABaraappp,141,335,335,335,335,335,31,356,512,30,1000
ABaraapppa:179,ABaraapppa,179,369,369,369,369,369,31,356,512,30,1000
ABaraapppaa:260,ABaraapppaa,260,386,386,386,386,386,31,356,512,30,1000
ABaraapppap:260,ABaraapppap,260,340,340,340,340,340,31,356,512,30,1000
ABaraapppp:203,ABaraapppp,203,508,508,508,508,508,31,356,512,30,1000
ABaraappppa:237,ABaraappppa,237,916,916,916,916,916,31,356,512,30,1000
ABaraappppp:256,ABaraappppp,256,450,450,450,450,450,31,356,512,30,1000
ABarap:55,ABarap,55,164,164,164,164,164,31,356,512,30,1000
ABarapa:79,ABarapa,79,76,76,76,76,76,31,356,512,30,1000
ABarapaa:108,ABarapaa,108,362,362,362,362,362,31,356,512,30,1000
ABarapaaa:146,ABarapaaa,146,1645,1645,1645,1645,1645,31,356,512,30,1000
ABarapaaaa:202,ABarapaaaa,202,5229,5229,5229,5229,5229,31,356,512,30,1000
ABarapaaaaa:235,ABarapaaaaa,235,11582,11582,11582,11582,11582,31,356,512,30,1000
ABarapaaaap:260,ABarapaaaap,260,6974,6974,6974,6974,6974,31,356,512,30,1000
ABarapaaap:210,ABarapaaap,210,2403,2403,2403,2403,2403,31,356,512,30,1000
ABarapaaapa:260,ABarapaaapa,260,2018,2018,2018,2018,2018,31,356,512,30,1000
ABarapaaapp:260,ABarapaaapp,260,3610,3610,3610,3610,3610,31,356,512,30,1000
ABarapaap:140,ABarapaap,140,1236,1236,1236,1236,1236,31,356,512,30,1000
ABarapaapa:208,ABarapaapa,208,2763,2763,2763,2763,2763,31,356,512,30,1000
ABarapaapaa:260,ABarapaapaa,260,1883,1883,1883,1883,1883,31,356,512,30,1000
ABarapaapap:260,ABarapaapap,260,1125,1125,1125,1125,1125,31,356,512,30,1000
ABarapaapp:180,ABarapaapp,180,3987,3987,3987,3987,3987,31,356,512,30,1000
ABarapaappa:221,ABarapaappa,221,3273,3273,3273,3273,3273,31,356,512,30,1000
ABarapaappp:260,ABarapaappp,260,1833,1833,1833,1833,1833,31,356,512,30,1000
ABarapap:105,ABarapap,105,194,194,194,194,194,31,356,512,30,1000
ABarapapa:138,ABarapapa,138,436,436,436,436,436,31,356,512,30,1000
ABarapapaa:196,ABarapapaa,196,3284,3284,3284,3284,3284,31,356,512,30,1000
ABarapapaaa:232,ABarapapaaa,232,7387,7387,7387,7387,7387,31,356,512,30,1000
ABarapapaap:233,ABarapapaap,233,13148,13148,13148,13148,13148,31,356,512,30,1000
ABarapapap:187,ABarapapap,187,2004,2004,2004,2004,2004,31,356,512,30,1000
ABarapapapa:260,ABarapapapa,260,2613,2613,2613,2613,2613,31,356,512,30,1000
ABarapapapp:260,ABarapapapp,260,1956,1956,1956,1956,1956,31,356,512,30,1000
ABarapapp:136,ABarapapp,136,396,396,396,396,396,31,356,512,30,1000
ABarapappa:214,ABarapappa,214,1640,1640,1640,1640,1640,31,356,512,30,1000
ABarapappaa:260,ABarapappaa,260,4165,4165,4165,4165,4165,31,356,512,30,1000
ABarapappap:260,ABarapappap,260,3222,3222,3222,3222,3222,31,356,512,30,1000
ABarapappp:173,ABarapappp,173,626,626,626,626,626,31,356,512,30,1000
ABarapapppa:219,ABarapapppa,219,1105,1105,1105,1105,1105,31,356,512,30,1000
ABarapapppp:260,ABarapapppp,260,549,549,549,549,549,31,356,512,30,1000
ABarapp:80,ABarapp,80,113,113,113,113,113,31,356,512,30,1000
ABarappa:109,ABarappa,109,156,156,156,156,156,31,356,512,30,1000
ABarappaa:145,ABarappaa,145,754,754,754,754,754,31,356,512,30,1000
ABarappaaa:198,ABarappaaa,198,2494,2494,2494,2494,2494,31,356,512,30,1000
ABarappaaaa:260,ABarappaaaa,260,2144,2144,2144,2144,2144,31,356,512,30,1000
ABarappaaap:260,ABarappaaap,260,3068,3068,3068,3068,3068,31,356,512,30,1000
ABarappaap:202,ABarappaap,202,1650,1650,1650,1650,1650,31,356,512,30,1000
ABarappaapa:260,ABarappaapa,260,5873,5873,5873,5873,5873,31,356,512,30,1000
ABarappaapp:232,ABarappaapp,232,1645,1645,1645,1645,1645,31,356,512,30,1000
ABarappap:143,ABarappap,143,1343,1343,1343,1343,1343,31,356,512,30,1000
ABarappapa:190,ABarappapa,190,3561,3561,3561,3561,3561,31,356,512,30,1000
ABarappapaa:260,ABarappapaa,260,3350,3350,3350,3350,3350,31,356,512,30,1000
ABarappapap:260,ABarappapap,260,2009,2009,2009,2009,2009,31,356,512,30,1000
ABarappapp:196,ABarappapp,196,2948,2948,2948,2948,2948,31,356,512,30,1000
ABarappappa:260,ABarappappa,260,1189,1189,1189,1189,1189,31,356,512,30,1000
ABarappappp:260,ABarappappp,260,1266,1266,1266,1266,1266,31,356,512,30,1000
ABarappp:106,ABarappp,106,120,120,120,120,120,31,356,512,30,1000
ABarapppa:141,ABarapppa,141,879,879,879,879,879,31,356,512,30,1000
ABarapppaa:199,ABarapppaa,199,4481,4481,4481,4481,4481,31,356,512,30,1000
ABarapppaaa:260,ABarapppaaa,260,10167,10167,10167,10167,10167,31,356,512,30,1000
ABarapppaap:260,ABarapppaap,260,6743,6743,6743,6743,6743,31,356,512,30,1000
ABarapppap:195,ABarapppap,195,3242,3242,3242,3242,3242,31,356,512,30,1000
ABarapppapa:260,ABarapppapa,260,1251,1251,1251,1251,1251,31,356,512,30,1000
ABarapppapp:260,ABarapppapp,260,2254,2254,2254,2254,2254,31,356,512,30,1000
ABarapppp:139,ABarapppp,139,1809,1809,1809,1809,1809,31,356,512,30,1000
ABarappppa:192,ABarappppa,192,9942,9942,9942,9942,9942,31,356,512,30,1000
ABarappppaa:221,ABarappppaa,221,14682,14682,14682,14682,14682,31,356,512,30,1000
ABarappppap:260,ABarappppap,260,10528,10528,10528,10528,10528,31,356,512,30,1000
ABarappppp:189,ABarappppp,189,11162,11162,11162,11162,11162,31,356,512,30,1000
ABarapppppa:260,ABarapppppa,260,35347,35347,35347,35347,35347,31,356,512,30,1000
ABarapppppp:216,ABarapppppp,216,23388,23388,23388,23388,23388,31,356,512,30,1000
ABarp:35,ABarp,35,0,0,0,0,0,31,356,512,30,1000
ABarpa:56,ABarpa,56,0,0,0,0,0,31,356,512,30,1000
ABarpaa:78,ABarpaa,78,40,40,40,40,40,31,356,512,30,1000
ABarpaaa:111,ABarpaaa,111,904,904,904,904,904,31,356,512,30,1000
ABarpaaaa:152,ABarpaaaa,152,2408,2408,2408,2408,2408,31,356,512,30,1000
ABarpaaaaa:218,ABarpaaaaa,218,3006,3006,3006,3006,3006,31,356,512,30,1000
ABarpaaaaal:257,ABarpaaaaal,257,2059,2059,2059,2059,2059,31,356,512,30,1000
ABarpaaaaar:260,ABarpaaaaar,260,1742,1742,1742,1742,1742,31,356,512,30,1000
ABarpaaaap:215,ABarpaaaap,215,3207,3207,3207,3207,3207,31,356,512,30,1000
ABarpaaaapa:253,ABarpaaaapa,253,1811,1811,1811,1811,1811,31,356,512,30,1000
ABarpaaaapp:240,ABarpaaaapp,240,1826,1826,1826,1826,1826,31,356,512,30,1000
ABarpaaap:153,ABarpaaap,153,2301,2301,2301,2301,2301,31,356,512,30,1000
ABarpaaapa:210,ABarpaaapa,210,2336,2336,2336,2336,2336,31,356,512,30,1000
ABarpaaapaa:260,ABarpaaapaa,260,600,600,600,600,600,31,356,512,30,1000
ABarpaaapap:236,ABarpaaapap,236,2204,2204,2204,2204,2204,31,356,512,30,1000
ABarpaaapp:257,ABarpaaapp,257,2110,2110,2110,2110,2110,31,356,512,30,1000
ABarpaap:104,ABarpaap,104,664,664,664,664,664,31,356,512,30,1000
ABarpaapa:139,ABarpaapa,139,622,622,622,622,622,31,356,512,30,1000
ABarpaapaa:260,ABarpaapaa,260,403,403,403,403,403,31,356,512,30,1000
ABarpaapap:258,ABarpaapap,258,243,243,243,243,243,31,356,512,30,1000
ABarpaapp:140,ABarpaapp,140,409,409,409,409,409,31,356,512,30,1000
ABarpaappa:260,ABarpaappa,260,146,146,146,146,146,31,356,512,30,1000
ABarpaappp:260,ABarpaappp,260,218,218,218,218,218,31,356,512,30,1000
ABarpap:78,ABarpap,78,59,59,59,59,59,31,356,512,30,1000
ABarpapa:106,ABarpapa,106,370,370,370,370,370,31,356,512,30,1000
ABarpapaa:143,ABarpapaa,143,646,646,646,646,646,31,356,512,30,1000
ABarpapaaa:211,ABarpapaaa,211,308,308,308,308,308,31,356,512,30,1000
ABarpapaaaa:260,ABarpapaaaa,260,959,959,959,959,959,31,356,512,30,1000
ABarpapaaap:260,ABarpapaaap,260,108,108,108,108,108,31,356,512,30,1000
ABarpapaap:187,ABarpapaap,187,264,264,264,264,264,31,356,512,30,1000
ABarpapaapa:260,ABarpapaapa,260,708,708,708,708,708,31,356,512,30,1000
ABarpapaapp:234,ABarpapaapp,234,155,155,155,155,155,31,356,512,30,1000
ABarpapap:143,ABarpapap,143,253,253,253,253,253,31,356,512,30,1000
ABarpapapa:260,ABarpapapa,260,4443,4443,4443,4443,4443,31,356,512,30,1000
ABarpapapp:260,ABarpapapp,260,294,294,294,294,294,31,356,512,30,1000
ABarpapp:106,ABarpapp,106,459,459,459,459,459,31,356,512,30,1000
ABarpappa:147,ABarpappa,147,338,338,338,338,338,31,356,512,30,1000
ABarpappaa:260,ABarpappaa,260,8739,8739,8739,8739,8739,31,356,512,30,1000
ABarpappap:260,ABarpappap,260,761,761,761,761,761,31,356,512,30,1000
ABarpappp:141,ABarpappp,141,303,303,303,303,303,31,356,512,30,1000
ABarpapppa:260,ABarpapppa,260,288,288,288,288,288,31,356,512,30,1000
ABarpapppp:260,ABarpapppp,260,337,337,337,337,337,31,356,512,30,1000
ABarpp:57,ABarpp,57,0,0,0,0,0,31,356,512,30,1000
ABarppa:79,ABarppa,79,0,0,0,0,0,31,356,512,30,1000
ABarppaa:109,ABarppaa,109,22,22,22,22,22,31,356,512,30,1000
ABarppaaa:153,ABarppaaa,153,136,136,136,136,136,31,356,512,30,1000
ABarppaaaa:260,ABarppaaaa,260,259,259,259,259,259,31,356,512,30,1000
ABarppaaap:260,ABarppaaap,260,87,87,87,87,87,31,356,512,30,1000
ABarppaap:147,ABarppaap,147,0,0,0,0,0,31,356,512,30,1000
ABarppaapa:260,ABarppaapa,260,98,98,98,98,98,31,356,512,30,1000
ABarppaapp:260,ABarppaapp,260,38,38,38,38,38,31,356,512,30,1000
ABarppap:109,ABarppap,109,0,0,0,0,0,31,356,512,30,1000
ABarppapa:150,ABarppapa,150,25,25,25,25,25,31,356,512,30,1000
ABarppapaa:260,ABarppapaa,260,51,51,51,51,51,31,356,512,30,1000
ABarppapap:260,ABarppapap,260,77,77,77,77,77,31,356,512,30,1000
ABarppapp:150,ABarppapp,150,9,9,9,9,9,31,356,512,30,1000
ABarppappa:260,ABarppappa,260,109,109,109,109,109,31,356,512,30,1000
ABarppappp:260,ABarppappp,260,315,315,315,315,315,31,356,512,30,1000
ABarppp:79,ABarppp,79,92,92,92,92,92,31,356,512,30,1000
ABarpppa:108,ABarpppa,108,66,66,66,66,66,31,356,512,30,1000
ABarpppaa:148,ABarpppaa,148,97,97,97,97,97,31,356,512,30,1000
ABarpppaaa:260,ABarpppaaa,260,250,250,250,250,250,31,356,512,30,1000
ABarpppaap:260,ABarpppaap,260,198,198,198,198,198,31,356,512,30,1000
ABarpppap:146,ABarpppap,146,54,54,54,54,54,31,356,512,30,1000
ABarpppapa:260,ABarpppapa,260,56,56,56,56,56,31,356,512,30,1000
ABarpppapp:260,ABarpppapp,260,164,164,164,164,164,31,356,512,30,1000
ABarpppp:109,ABarpppp,109,0,0,0,0,0,31,356,512,30,1000
ABarppppa:150,ABarppppa,150,0,0,0,0,0,31,356,512,30,1000
ABarppppaa:260,ABarppppaa,260,275,275,275,275,275,31,356,512,30,1000
ABarppppap:260,ABarppppap,260,194,194,194,194,194,31,356,512,30,1000
ABarppppp:149,ABarppppp,149,64,64,64,64,64,31,356,512,30,1000
ABarpppppa:260,ABarpppppa,260,144,144,144,144,144,31,356,512,30,1000
ABarpppppp:260,ABarpppppp,260,443,443,443,443,443,31,356,512,30,1000
ABp:8,ABp,8,0,0,0,0,0,31,356,512,30,1000
ABpl:20,ABpl,20,0,0,0,0,0,31,356,512,30,1000
ABpla:35,ABpla,35,0,0,0,0,0,31,356,512,30,1000
ABplaa:55,ABplaa,55,0,0,0,0,0,31,356,512,30,1000
ABplaaa:79,ABplaaa,79,56,56,56,56,56,31,356,512,30,1000
ABplaaaa:107,ABplaaaa,107,96,96,96,96,96,31,356,512,30,1000
ABplaaaaa:148,ABplaaaaa,148,60,60,60,60,60,31,356,512,30,1000
ABplaaaaaa:219,ABplaaaaaa,219,324,324,324,324,324,31,356,512,30,1000
ABplaaaaaaa:260,ABplaaaaaaa,260,554,554,554,554,554,31,356,512,30,1000
ABplaaaaaap:260,ABplaaaaaap,260,385,385,385,385,385,31,356,512,30,1000
ABplaaaaap:197,ABplaaaaap,197,108,108,108,108,108,31,356,512,30,1000
ABplaaaaapa:260,ABplaaaaapa,260,827,827,827,827,827,31,356,512,30,1000
ABplaaaaapp:260,ABplaaaaapp,260,173,173,173,173,173,31,356,512,30,1000
ABplaaaap:146,ABplaaaap,146,2,2,2,2,2,31,356,512,30,1000
ABplaaaapa:260,ABplaaaapa,260,181,181,181,181,181,31,356,512,30,1000
ABplaaaapp:260,ABplaaaapp,260,125,125,125,125,125,31,356,512,30,1000
ABplaaap:108,ABplaaap,108,25,25,25,25,25,31,356,512,30,1000
ABplaaapa:154,ABplaaapa,154,78,78,78,78,78,31,356,512,30,1000
ABplaaapaa:260,ABplaaapaa,260,4882,4882,4882,4882,4882,31,356,512,30,1000
ABplaaapap:260,ABplaaapap,260,412,412,412,412,412,31,356,512,30,1000
ABplaaapp:146,ABplaaapp,146,14,14,14,14,14,31,356,512,30,1000
ABplaaappa:260,ABplaaappa,260,213,213,213,213,213,31,356,512,30,1000
ABplaaappp:231,ABplaaappp,231,109,109,109,109,109,31,356,512,30,1000
ABplaap:77,ABplaap,77,0,0,0,0,0,31,356,512,30,1000
ABplaapa:106,ABplaapa,106,89,89,89,89,89,31,356,512,30,1000
ABplaapaa:141,ABplaapaa,141,254,254,254,254,254,31,356,512,30,1000
ABplaapaaa:199,ABplaapaaa,199,342,342,342,342,342,31,356,512,30,1000
ABplaapaaaa:260,ABplaapaaaa,260,4529,4529,4529,4529,4529,31,356,512,30,1000
ABplaapaaap:260,ABplaapaaap,260,5328,5328,5328,5328,5328,31,356,512,30,1000
ABplaapaap:191,ABplaapaap,191,247,247,247,247,247,31,356,512,30,1000
ABplaapaapa:260,ABplaapaapa,260,346,346,346,346,346,31,356,512,30,1000
ABplaapaapp:260,ABplaapaapp,260,518,518,518,518,518,31,356,512,30,1000
ABplaapap:145,ABplaapap,145,195,195,195,195,195,31,356,512,30,1000
ABplaapapa:208,ABplaapapa,208,304,304,304,304,304,31,356,512,30,1000
ABplaapapaa:260,ABplaapapaa,260,2361,2361,2361,2361,2361,31,356,512,30,1000
ABplaapapap:260,ABplaapapap,260,757,757,757,757,757,31,356,512,30,1000
ABplaapapp:194,ABplaapapp,194,163,163,163,163,163,31,356,512,30,1000
ABplaapappa:260,ABplaapappa,260,229,229,229,229,229,31,356,512,30,1000
ABplaapappp:234,ABplaapappp,234,1391,1391,1391,1391,1391,31,356,512,30,1000
ABplaapp:103,ABplaapp,103,0,0,0,0,0,31,356,512,30,1000
ABplaappa:142,ABplaappa,142,74,74,74,74,74,31,356,512,30,1000
ABplaappaa:260,ABplaappaa,260,10155,10155,10155,10155,10155,31,356,512,30,1000
ABplaappap:260,ABplaappap,260,378,378,378,378,378,31,356,512,30,1000
ABplaappp:136,ABplaappp,136,52,52,52,52,52,31,356,512,30,1000
ABplaapppa:260,ABplaapppa,260,370,370,370,370,370,31,356,512,30,1000
ABplaapppp:260,ABplaapppp,260,196,196,196,196,196,31,356,512,30,1000
ABplap:55,ABplap,55,0,0,0,0,0,31,356,512,30,1000
ABplapa:77,ABplapa,77,0,0,0,0,0,31,356,512,30,1000
ABplapaa:106,ABplapaa,106,18,18,18,18,18,31,356,512,30,1000
ABplapaaa:143,ABplapaaa,143,100,100,100,100,100,31,356,512,30,1000
ABplapaaaa:199,ABplapaaaa,199,74,74,74,74,74,31,356,512,30,1000
ABplapaaaaa:260,ABplapaaaaa,260,1059,1059,1059,1059,1059,31,356,512,30,1000
ABplapaaaap:260,ABplapaaaap,260,299,299,299,299,299,31,356,512,30,1000
ABplapaaap:199,ABplapaaap,199,70,70,70,70,70,31,356,512,30,1000
ABplapaaapa:260,ABplapaaapa,260,109,109,109,109,109,31,356,512,30,1000
ABplapaaapp:260,ABplapaaapp,260,972,972,972,972,972,31,356,512,30,1000
ABplapaap:144,ABplapaap,144,120,120,120,120,120,31,356,512,30,1000
ABplapaapa:260,ABplapaapa,260,336,336,336,336,336,31,356,512,30,1000
ABplapaapp:260,ABplapaapp,260,221,221,221,221,221,31,356,512,30,1000
ABplapap:104,ABplapap,104,0,0,0,0,0,31,356,512,30,1000
ABplapapa:141,ABplapapa,141,0,0,0,0,0,31,356,512,30,1000
ABplapapaa:260,ABplapapaa,260,186,186,186,186,186,31,356,512,30,1000
ABplapapap:260,ABplapapap,260,345,345,345,345,345,31,356,512,30,1000
ABplapapp:139,ABplapapp,139,42,42,42,42,42,31,356,512,30,1000
ABplapappa:260,ABplapappa,260,531,531,531,531,531,31,356,512,30,1000
ABplapappp:207,ABplapappp,207,532,532,532,532,532,31,356,512,30,1000
ABplapapppa:260,ABplapapppa,260,1141,1141,1141,1141,1141,31,356,512,30,1000
ABplapapppp:260,ABplapapppp,260,333,333,333,333,333,31,356,512,30,1000
ABplapp:78,ABplapp,78,0,0,0,0,0,31,356,512,30,1000
ABplappa:106,ABplappa,106,0,0,0,0,0,31,356,512,30,1000
ABplappaa:143,ABplappaa,143,22,22,22,22,22,31,356,512,30,1000
ABplappaaa:260,ABplappaaa,260,384,384,384,384,384,31,356,512,30,1000
ABplappaap:260,ABplappaap,260,239,239,239,239,239,31,356,512,30,1000
ABplappap:143,ABplappap,143,15,15,15,15,15,31,356,512,30,1000
ABplappapa:260,ABplappapa,260,144,144,144,144,144,31,356,512,30,1000
ABplappapp:260,ABplappapp,260,538,538,538,538,538,31,356,512,30,1000
ABplappp:110,ABplappp,110,72,72,72,72,72,31,356,512,30,1000
ABplapppa:149,ABplapppa,149,211,211,211,211,211,31,356,512,30,1000
ABplapppaa:213,ABplapppaa,213,133,133,133,133,133,31,356,512,30,1000
ABplapppaaa:260,ABplapppaaa,260,455,455,455,455,455,31,356,512,30,1000
ABplapppaap:260,ABplapppaap,260,1592,1592,1592,1592,1592,31,356,512,30,1000
ABplapppap:198,ABplapppap,198,649,649,649,649,649,31,356,512,30,1000
ABplapppapa:260,ABplapppapa,260,1083,1083,1083,1083,1083,31,356,512,30,1000
ABplapppapp:260,ABplapppapp,260,444,444,444,444,444,31,356,512,30,1000
ABplapppp:154,ABplapppp,154,342,342,342,342,342,31,356,512,30,1000
ABplappppa:260,ABplappppa,260,740,740,740,740,740,31,356,512,30,1000
ABplappppp:260,ABplappppp,260,767,767,767,767,767,31,356,512,30,1000
ABplp:35,ABplp,35,0,0,0,0,0,31,356,512,30,1000
ABplpa:55,ABplpa,55,0,0,0,0,0,31,356,512,30,1000
ABplpaa:78,ABplpaa,78,0,0,0,0,0,31,356,512,30,1000
ABplpaaa:105,ABplpaaa,105,57,57,57,57,57,31,356,512,30,1000
ABplpaaaa:139,ABplpaaaa,139,166,166,166,166,166,31,356,512,30,1000
ABplpaaaaa:194,ABplpaaaaa,194,839,839,839,839,839,31,356,512,30,1000
ABplpaaaaaa:223,ABplpaaaaaa,223,571,571,571,571,571,31,356,512,30,1000
ABplpaaaaap:260,ABplpaaaaap,260,1088,1088,1088,1088,1088,31,356,512,30,1000
ABplpaaaap:189,ABplpaaaap,189,1280,1280,1280,1280,1280,31,356,512,30,1000
ABplpaaaapa:260,ABplpaaaapa,260,948,948,948,948,948,31,356,512,30,1000
ABplpaaaapp:260,ABplpaaaapp,260,717,717,717,717,717,31,356,512,30,1000
ABplpaaap:140,ABplpaaap,140,153,153,153,153,153,31,356,512,30,1000
ABplpaaapa:205,ABplpaaapa,205,4642,4642,4642,4642,4642,31,356,512,30,1000
ABplpaaapaa:260,ABplpaaapaa,260,3749,3749,3749,3749,3749,31,356,512,30,1000
ABplpaaapap:235,ABplpaaapap,235,3989,3989,3989,3989,3989,31,356,512,30,1000
ABplpaaapp:192,ABplpaaapp,192,9649,9649,9649,9649,9649,31,356,512,30,1000
ABplpaaappa:260,ABplpaaappa,260,47797,47797,47797,47797,47797,31,356,512,30,1000
ABplpaaappp:260,ABplpaaappp,260,19202,19202,19202,19202,19202,31,356,512,30,1000
ABplpaap:105,ABplpaap,105,0,0,0,0,0,31,356,512,30,1000
ABplpaapa:140,ABplpaapa,140,220,220,220,220,220,31,356,512,30,1000
ABplpaapaa:191,ABplpaapaa,191,325,325,325,325,325,31,356,512,30,1000
ABplpaapaaa:260,ABplpaapaaa,260,1546,1546,1546,1546,1546,31,356,512,30,1000
ABplpaapaap:260,ABplpaapaap,260,321,321,321,321,321,31,356,512,30,1000
ABplpaapap:193,ABplpaapap,193,799,799,799,799,799,31,356,512,30,1000
ABplpaapapa:260,ABplpaapapa,260,997,997,997,997,997,31,356,512,30,1000
ABplpaapapp:256,ABplpaapapp,256,1710,1710,1710,1710,1710,31,356,512,30,1000
ABplpaapp:137,ABplpaapp,137,392,392,392,392,392,31,356,512,30,1000
ABplpaappa:184,ABplpaappa,184,207,207,207,207,207,31,356,512,30,1000
ABplpaappaa:260,ABplpaappaa,260,297,297,297,297,297,31,356,512,30,1000
ABplpaappap:260,ABplpaappap,260,7328,7328,7328,7328,7328,31,356,512,30,1000
ABplpaappp:187,ABplpaappp,187,494,494,494,494,494,31,356,512,30,1000
ABplpaapppa:260,ABplpaapppa,260,700,700,700,700,700,31,356,512,30,1000
ABplpaapppp:260,ABplpaapppp,260,746,746,746,746,746,31,356,512,30,1000
ABplpap:78,ABplpap,78,14,14,14,14,14,31,356,512,30,1000
ABplpapa:106,ABplpapa,106,147,147,147,147,147,31,356,512,30,1000
ABplpapaa:144,ABplpapaa,144,499,499,499,499,499,31,356,512,30,1000
ABplpapaaa:204,ABplpapaaa,204,778,778,778,778,778,31,356,512,30,1000
ABplpapaaaa:260,ABplpapaaaa,260,3182,3182,3182,3182,3182,31,356,512,30,1000
ABplpapaaap:260,ABplpapaaap,260,920,920,920,920,920,31,356,512,30,1000
ABplpapaap:202,ABplpapaap,202,508,508,508,508,508,31,356,512,30,1000
ABplpapaapa:260,ABplpapaapa,260,1785,1785,1785,1785,1785,31,356,512,30,1000
ABplpapaapp:260,ABplpapaapp,260,514,514,514,514,514,31,356,512,30,1000
ABplpapap:141,ABplpapap,141,232,232,232,232,232,31,356,512,30,1000
ABplpapapa:191,ABplpapapa,191,609,609,609,609,609,31,356,512,30,1000
ABplpapapaa:260,ABplpapapaa,260,1094,1094,1094,1094,1094,31,356,512,30,1000
ABplpapapap:259,ABplpapapap,259,880,880,880,880,880,31,356,512,30,1000
ABplpapapp:191,ABplpapapp,191,680,680,680,680,680,31,356,512,30,1000
ABplpapappa:260,ABplpapappa,260,781,781,781,781,781,31,356,512,30,1000
ABplpapappp:254,ABplpapappp,254,973,973,973,973,973,31,356,512,30,1000
ABplpapp:104,ABplpapp,104,26,26,26,26,26,31,356,512,30,1000
ABplpappa:136,ABplpappa,136,467,467,467,467,467,31,356,512,30,1000
ABplpappaa:173,ABplpappaa,173,706,706,706,706,706,31,356,512,30,1000
ABplpappaaa:260,ABplpappaaa,260,1030,1030,1030,1030,1030,31,356,512,30,1000
ABplpappaap:222,ABplpappaap,222,904,904,904,904,904,31,356,512,30,1000
ABplpappap:245,ABplpappap,245,1265,1265,1265,1265,1265,31,356,512,30,1000
ABplpappp:141,ABplpappp,141,435,435,435,435,435,31,356,512,30,1000
ABplpapppa:194,ABplpapppa,194,458,458,458,458,458,31,356,512,30,1000
ABplpapppaa:260,ABplpapppaa,260,646,646,646,646,646,31,356,512,30,1000
ABplpapppap:260,ABplpapppap,260,954,954,954,954,954,31,356,512,30,1000
ABplpapppp:199,ABplpapppp,199,920,920,920,920,920,31,356,512,30,1000
ABplpappppa:260,ABplpappppa,260,825,825,825,825,825,31,356,512,30,1000
ABplpappppp:259,ABplpappppp,259,1012,1012,1012,1012,1012,31,356,512,30,1000
ABplpp:56,ABplpp,56,0,0,0,0,0,31,356,512,30,1000
ABplppa:79,ABplppa,79,0,0,0,0,0,31,356,512,30,1000
ABplppaa:109,ABplppaa,109,19,19,19,19,19,31,356,512,30,1000
ABplppaaa:150,ABplppaaa,150,378,378,378,378,378,31,356,512,30,1000
ABplppaaaa:194,ABplppaaaa,194,370,370,370,370,370,31,356,512,30,1000
ABplppaaaaa:260,ABplppaaaaa,260,1372,1372,1372,1372,1372,31,356,512,30,1000
ABplppaaaap:260,ABplppaaaap,260,1327,1327,1327,1327,1327,31,356,512,30,1000
ABplppaaap:260,ABplppaaap,260,884,884,884,884,884,31,356,512,30,1000
ABplppaap:147,ABplppaap,147,321,321,321,321,321,31,356,512,30,1000
ABplppaapa:206,ABplppaapa,206,495,495,495,495,495,31,356,512,30,1000
ABplppaapaa:260,ABplppaapaa,260,1779,1779,1779,1779,1779,31,356,512,30,1000
ABplppaapap:260,ABplppaapap,260,464,464,464,464,464,31,356,512,30,1000
ABplppaapp:201,ABplppaapp,201,748,748,748,748,748,31,356,512,30,1000
ABplppaappa:260,ABplppaappa,260,1041,1041,1041,1041,1041,31,356,512,30,1000
ABplppaappp:260,ABplppaappp,260,778,778,778,778,778,31,356,512,30,1000
ABplppap:108,ABplppap,108,69,69,69,69,69,31,356,512,30,1000
ABplppapa:145,ABplppapa,145,242,242,242,242,242,31,356,512,30,1000
ABplppapaa:194,ABplppapaa,194,386,386,386,386,386,31,356,512,30,1000
ABplppapaaa:260,ABplppapaaa,260,380,380,380,380,380,31,356,512,30,1000
ABplppapaap:260,ABplppapaap,260,427,427,427,427,427,31,356,512,30,1000
ABplppapap:205,ABplppapap,205,538,538,538,538,538,31,356,512,30,1000
ABplppapapa:260,ABplppapapa,260,438,438,438,438,438,31,356,512,30,1000
ABplppapapp:260,ABplppapapp,260,497,497,497,497,497,31,356,512,30,1000
ABplppapp:147,ABplppapp,147,115,115,115,115,115,31,356,512,30,1000
ABplppappa:206,ABplppappa,206,703,703,703,703,703,31,356,512,30,1000
ABplppappaa:260,ABplppappaa,260,509,509,509,509,509,31,356,512,30,1000
ABplppappap:260,ABplppappap,260,648,648,648,648,648,31,356,512,30,1000
ABplppappp:211,ABplppappp,211,350,350,350,350,350,31,356,512,30,1000
ABplppapppa:260,ABplppapppa,260,742,742,742,742,742,31,356,512,30,1000
ABplppapppp:260,ABplppapppp,260,541,541,541,541,541,31,356,512,30,1000
ABplppp:79,ABplppp,79,62,62,62,62,62,31,356,512,30,1000
ABplpppa:106,ABplpppa,106,0,0,0,0,0,31,356,512,30,1000
ABplpppaa:141,ABplpppaa,141,397,397,397,397,397,31,356,512,30,1000
ABplpppaaa:192,ABplpppaaa,192,732,732,732,732,732,31,356,512,30,1000
ABplpppaaaa:260,ABplpppaaaa,260,813,813,813,813,813,31,356,512,30,1000
ABplpppaaap:260,ABplpppaaap,260,925,925,925,925,925,31,356,512,30,1000
ABplpppaap:194,ABplpppaap,194,758,758,758,758,758,31,356,512,30,1000
ABplpppaapa:260,ABplpppaapa,260,713,713,713,713,713,31,356,512,30,1000
ABplpppaapp:260,ABplpppaapp,260,904,904,904,904,904,31,356,512,30,1000
ABplpppap:143,ABplpppap,143,516,516,516,516,516,31,356,512,30,1000
ABplpppapa:182,ABplpppapa,182,549,549,549,549,549,31,356,512,30,1000
ABplpppapaa:260,ABplpppapaa,260,768,768,768,768,768,31,356,512,30,1000
ABplpppapap:260,ABplpppapap,260,587,587,587,587,587,31,356,512,30,1000
ABplpppapp:260,ABplpppapp,260,1571,1571,1571,1571,1571,31,356,512,30,1000
ABplpppp:106,ABplpppp,106,13,13,13,13,13,31,356,512,30,1000
ABplppppa:139,ABplppppa,139,507,507,507,507,507,31,356,512,30,1000
ABplppppaa:190,ABplppppaa,190,689,689,689,689,689,31,356,512,30,1000
ABplppppaaa:260,ABplppppaaa,260,699,699,699,699,699,31,356,512,30,1000
ABplppppaap:260,ABplppppaap,260,845,845,845,845,845,31,356,512,30,1000
ABplppppap:191,ABplppppap,191,799,799,799,799,799,31,356,512,30,1000
ABplppppapa:260,ABplppppapa,260,648,648,648,648,648,31,356,512,30,1000
ABplppppapp:260,ABplppppapp,260,710,710,710,710,710,31,356,512,30,1000
ABplppppp:141,ABplppppp,141,526,526,526,526,526,31,356,512,30,1000
ABplpppppa:204,ABplpppppa,204,823,823,823,823,823,31,356,512,30,1000
ABplpppppaa:260,ABplpppppaa,260,418,418,418,418,418,31,356,512,30,1000
ABplpppppap:260,ABplpppppap,260,658,658,658,658,658,31,356,512,30,1000
ABplpppppp:193,ABplpppppp,193,709,709,709,709,709,31,356,512,30,1000
ABplppppppa:204,ABplppppppa,204,1061,1061,1061,1061,1061,31,356,512,30,1000
ABplppppppp:253,ABplppppppp,253,1388,1388,1388,1388,1388,31,356,512,30,1000
ABpr:20,ABpr,20,0,0,0,0,0,31,356,512,30,1000
ABpra:34,ABpra,34,65,65,65,65,65,31,356,512,30,1000
ABpraa:55,ABpraa,55,33,33,33,33,33,31,356,512,30,1000
ABpraaa:80,ABpraaa,80,13,13,13,13,13,31,356,512,30,1000
ABpraaaa:111,ABpraaaa,111,51,51,51,51,51,31,356,512,30,1000
ABpraaaaa:154,ABpraaaaa,154,2073,2073,2073,2073,2073,31,356,512,30,1000
ABpraaaaaa:219,ABpraaaaaa,219,11598,11598,11598,11598,11598,31,356,512,30,1000
ABpraaaaaaa:260,ABpraaaaaaa,260,6876,6876,6876,6876,6876,31,356,512,30,1000
ABpraaaaaap:260,ABpraaaaaap,260,4767,4767,4767,4767,4767,31,356,512,30,1000
ABpraaaaap:228,ABpraaaaap,228,15347,15347,15347,15347,15347,31,356,512,30,1000
ABpraaaaapd:260,ABpraaaaapd,260,20371,20371,20371,20371,20371,31,356,512,30,1000
ABpraaaaapv:260,ABpraaaaapv,260,25443,25443,25443,25443,25443,31,356,512,30,1000
ABpraaaap:145,ABpraaaap,145,1966,1966,1966,1966,1966,31,356,512,30,1000
ABpraaaapa:203,ABpraaaapa,203,4472,4472,4472,4472,4472,31,356,512,30,1000
ABpraaaapad:257,ABpraaaapad,257,10634,10634,10634,10634,10634,31,356,512,30,1000
ABpraaaapav:260,ABpraaaapav,260,4272,4272,4272,4272,4272,31,356,512,30,1000
ABpraaaapp:195,ABpraaaapp,195,4524,4524,4524,4524,4524,31,356,512,30,1000
ABpraaaappa:260,ABpraaaappa,260,1315,1315,1315,1315,1315,31,356,512,30,1000
ABpraaaappp:236,ABpraaaappp,236,2441,2441,2441,2441,2441,31,356,512,30,1000
ABpraaap:107,ABpraaap,107,42,42,42,42,42,31,356,512,30,1000
ABpraaapa:144,ABpraaapa,144,158,158,158,158,158,31,356,512,30,1000
ABpraaapaa:206,ABpraaapaa,206,2988,2988,2988,2988,2988,31,356,512,30,1000
ABpraaapaad:260,ABpraaapaad,260,3645,3645,3645,3645,3645,31,356,512,30,1000
ABpraaapaav:260,ABpraaapaav,260,1347,1347,1347,1347,1347,31,356,512,30,1000
ABpraaapap:200,ABpraaapap,200,7220,7220,7220,7220,7220,31,356,512,30,1000
ABpraaapapa:260,ABpraaapapa,260,43241,43241,43241,43241,43241,31,356,512,30,1000
ABpraaapapp:260,ABpraaapapp,260,17825,17825,17825,17825,17825,31,356,512,30,1000
ABpraaapp:137,ABpraaapp,137,96,96,96,96,96,31,356,512,30,1000
ABpraaappa:194,ABpraaappa,194,230,230,230,230,230,31,356,512,30,1000
ABpraaappaa:260,ABpraaappaa,260,786,786,786,786,786,31,356,512,30,1000
ABpraaappap:260,ABpraaappap,260,475,475,475,475,475,31,356,512,30,1000
ABpraaappp:176,ABpraaappp,176,190,190,190,190,190,31,356,512,30,1000
ABpraaapppa:237,ABpraaapppa,237,452,452,452,452,452,31,356,512,30,1000
ABpraaapppaa:259,ABpraaapppaa,259,657,657,657,657,657,31,356,512,30,1000
ABpraaapppap:260,ABpraaapppap,260,1017,1017,1017,1017,1017,31,356,512,30,1000
ABpraaapppp:230,ABpraaapppp,230,146,146,146,146,146,31,356,512,30,1000
ABpraaappppa:260,ABpraaappppa,260,607,607,607,607,607,31,356,512,30,1000
ABpraaappppp:260,ABpraaappppp,260,477,477,477,477,477,31,356,512,30,1000
ABpraap:78,ABpraap,78,122,122,122,122,122,31,356,512,30,1000
ABpraapa:106,ABpraapa,106,71,71,71,71,71,31,356,512,30,1000
ABpraapaa:143,ABpraapaa,143,144,144,144,144,144,31,356,512,30,1000
ABpraapaaa:202,ABpraapaaa,202,325,325,325,325,325,31,356,512,30,1000
ABpraapaaaa:260,ABpraapaaaa,260,4451,4451,4451,4451,4451,31,356,512,30,1000
ABpraapaaap:260,ABpraapaaap,260,2993,2993,2993,2993,2993,31,356,512,30,1000
ABpraapaap:194,ABpraapaap,194,116,116,116,116,116,31,356,512,30,1000
ABpraapaapa:253,ABpraapaapa,253,1962,1962,1962,1962,1962,31,356,512,30,1000
ABpraapaapp:260,ABpraapaapp,260,878,878,878,878,878,31,356,512,30,1000
ABpraapap:142,ABpraapap,142,135,135,135,135,135,31,356,512,30,1000
ABpraapapa:207,ABpraapapa,207,190,190,190,190,190,31,356,512,30,1000
ABpraapapaa:260,ABpraapapaa,260,961,961,961,961,961,31,356,512,30,1000
ABpraapapap:260,ABpraapapap,260,526,526,526,526,526,31,356,512,30,1000
ABpraapapp:188,ABpraapapp,188,79,79,79,79,79,31,356,512,30,1000
ABpraapappa:260,ABpraapappa,260,334,334,334,334,334,31,356,512,30,1000
ABpraapappp:260,ABpraapappp,260,216,216,216,216,216,31,356,512,30,1000
ABpraapp:103,ABpraapp,103,109,109,109,109,109,31,356,512,30,1000
ABpraappa:144,ABpraappa,144,213,213,213,213,213,31,356,512,30,1000
ABpraappaa:236,ABpraappaa,236,9375,9375,9375,9375,9375,31,356,512,30,1000
ABpraappap:260,ABpraappap,260,415,415,415,415,415,31,356,512,30,1000
ABpraappp:139,ABpraappp,139,74,74,74,74,74,31,356,512,30,1000
ABpraapppa:258,ABpraapppa,258,442,442,442,442,442,31,356,512,30,1000
ABpraapppp:260,ABpraapppp,260,259,259,259,259,259,31,356,512,30,1000
ABprap:55,ABprap,55,36,36,36,36,36,31,356,512,30,1000
ABprapa:79,ABprapa,79,0,0,0,0,0,31,356,512,30,1000
ABprapaa:109,ABprapaa,109,11,11,11,11,11,31,356,512,30,1000
ABprapaaa:147,ABprapaaa,147,71,71,71,71,71,31,356,512,30,1000
ABprapaaaa:206,ABprapaaaa,206,366,366,366,366,366,31,356,512,30,1000
ABprapaaaaa:260,ABprapaaaaa,260,1603,1603,1603,1603,1603,31,356,512,30,1000
ABprapaaaap:260,ABprapaaaap,260,212,212,212,212,212,31,356,512,30,1000
ABprapaaap:202,ABprapaaap,202,208,208,208,208,208,31,356,512,30,1000
ABprapaaapa:260,ABprapaaapa,260,707,707,707,707,707,31,356,512,30,1000
ABprapaaapp:260,ABprapaaapp,260,503,503,503,503,503,31,356,512,30,1000
ABprapaap:150,ABprapaap,150,59,59,59,59,59,31,356,512,30,1000
ABprapaapa:240,ABprapaapa,240,532,532,532,532,532,31,356,512,30,1000
ABprapaapp:260,ABprapaapp,260,337,337,337,337,337,31,356,512,30,1000
ABprapap:105,ABprapap,105,0,0,0,0,0,31,356,512,30,1000
ABprapapa:141,ABprapapa,141,32,32,32,32,32,31,356,512,30,1000
ABprapapaa:260,ABprapapaa,260,239,239,239,239,239,31,356,512,30,1000
ABprapapap:260,ABprapapap,260,353,353,353,353,353,31,356,512,30,1000
ABprapapp:142,ABprapapp,142,114,114,114,114,114,31,356,512,30,1000
ABprapappa:260,ABprapappa,260,394,394,394,394,394,31,356,512,30,1000
ABprapappp:212,ABprapappp,212,659,659,659,659,659,31,356,512,30,1000
ABprapapppa:260,ABprapapppa,260,2040,2040,2040,2040,2040,31,356,512,30,1000
ABprapapppp:257,ABprapapppp,257,407,407,407,407,407,31,356,512,30,1000
ABprapp:78,ABprapp,78,0,0,0,0,0,31,356,512,30,1000
ABprappa:107,ABprappa,107,40,40,40,40,40,31,356,512,30,1000
ABprappaa:145,ABprappaa,145,144,144,144,144,144,31,356,512,30,1000
ABprappaaa:260,ABprappaaa,260,727,727,727,727,727,31,356,512,30,1000
ABprappaap:260,ABprappaap,260,450,450,450,450,450,31,356,512,30,1000
ABprappap:146,ABprappap,146,93,93,93,93,93,31,356,512,30,1000
ABprappapa:260,ABprappapa,260,352,352,352,352,352,31,356,512,30,1000
ABprappapp:260,ABprappapp,260,567,567,567,567,567,31,356,512,30,1000
ABprappp:110,ABprappp,110,80,80,80,80,80,31,356,512,30,1000
ABprapppa:151,ABprapppa,151,320,320,320,320,320,31,356,512,30,1000
ABprapppaa:218,ABprapppaa,218,198,198,198,198,198,31,356,512,30,1000
ABprapppaaa:260,ABprapppaaa,260,558,558,558,558,558,31,356,512,30,1000
ABprapppaap:260,ABprapppaap,260,1559,1559,1559,1559,1559,31,356,512,30,1000
ABprapppap:203,ABprapppap,203,516,516,516,516,516,31,356,512,30,1000
ABprapppapa:260,ABprapppapa,260,823,823,823,823,823,31,356,512,30,1000
ABprapppapp:260,ABprapppapp,260,1358,1358,1358,1358,1358,31,356,512,30,1000
ABprapppp:153,ABprapppp,153,568,568,568,568,568,31,356,512,30,1000
ABprappppa:260,ABprappppa,260,881,881,881,881,881,31,356,512,30,1000
ABprappppp:260,ABprappppp,260,781,781,781,781,781,31,356,512,30,1000
ABprp:35,ABprp,35,60,60,60,60,60,31,356,512,30,1000
ABprpa:55,ABprpa,55,252,252,252,252,252,31,356,512,30,1000
ABprpaa:79,ABprpaa,79,41,41,41,41,41,31,356,512,30,1000
ABprpaaa:107,ABprpaaa,107,114,114,114,114,114,31,356,512,30,1000
ABprpaaaa:142,ABprpaaaa,142,486,486,486,486,486,31,356,512,30,1000
ABprpaaaaa:197,ABprpaaaaa,197,589,589,589,589,589,31,356,512,30,1000
ABprpaaaaaa:260,ABprpaaaaaa,260,382,382,382,382,382,31,356,512,30,1000
ABprpaaaaap:260,ABprpaaaaap,260,768,768,768,768,768,31,356,512,30,1000
ABprpaaaap:192,ABprpaaaap,192,1322,1322,1322,1322,1322,31,356,512,30,1000
ABprpaaaapa:231,ABprpaaaapa,231,1326,1326,1326,1326,1326,31,356,512,30,1000
ABprpaaaapp:260,ABprpaaaapp,260,859,859,859,859,859,31,356,512,30,1000
ABprpaaap:144,ABprpaaap,144,486,486,486,486,486,31,356,512,30,1000
ABprpaaapa:212,ABprpaaapa,212,9055,9055,9055,9055,9055,31,356,512,30,1000
ABprpaaapaa:234,ABprpaaapaa,234,7051,7051,7051,7051,7051,31,356,512,30,1000
ABprpaaapap:245,ABprpaaapap,245,8285,8285,8285,8285,8285,31,356,512,30,1000
ABprpaaapp:199,ABprpaaapp,199,16129,16129,16129,16129,16129,31,356,512,30,1000
ABprpaaappa:260,ABprpaaappa,260,42903,42903,42903,42903,42903,31,356,512,30,1000
ABprpaaappp:260,ABprpaaappp,260,27785,27785,27785,27785,27785,31,356,512,30,1000
ABprpaap:106,ABprpaap,106,33,33,33,33,33,31,356,512,30,1000
ABprpaapa:144,ABprpaapa,144,357,357,357,357,357,31,356,512,30,1000
ABprpaapaa:199,ABprpaapaa,199,425,425,425,425,425,31,356,512,30,1000
ABprpaapaaa:260,ABprpaapaaa,260,506,506,506,506,506,31,356,512,30,1000
ABprpaapaap:260,ABprpaapaap,260,660,660,660,660,660,31,356,512,30,1000
ABprpaapap:200,ABprpaapap,200,628,628,628,628,628,31,356,512,30,1000
ABprpaapapa:260,ABprpaapapa,260,617,617,617,617,617,31,356,512,30,1000
ABprpaapapp:260,ABprpaapapp,260,2162,2162,2162,2162,2162,31,356,512,30,1000
ABprpaapp:142,ABprpaapp,142,197,197,197,197,197,31,356,512,30,1000
ABprpaappa:195,ABprpaappa,195,451,451,451,451,451,31,356,512,30,1000
ABprpaappaa:233,ABprpaappaa,233,407,407,407,407,407,31,356,512,30,1000
ABprpaappap:260,ABprpaappap,260,3290,3290,3290,3290,3290,31,356,512,30,1000
ABprpaappp:196,ABprpaappp,196,1006,1006,1006,1006,1006,31,356,512,30,1000
ABprpaapppa:260,ABprpaapppa,260,1286,1286,1286,1286,1286,31,356,512,30,1000
ABprpaapppp:231,ABprpaapppp,231,113,113,113,113,113,31,356,512,30,1000
ABprpap:78,ABprpap,78,385,385,385,385,385,31,356,512,30,1000
ABprpapa:105,ABprpapa,105,166,166,166,166,166,31,356,512,30,1000
ABprpapaa:144,ABprpapaa,144,401,401,401,401,401,31,356,512,30,1000
ABprpapaaa:200,ABprpapaaa,200,749,749,749,749,749,31,356,512,30,1000
ABprpapaaaa:260,ABprpapaaaa,260,1438,1438,1438,1438,1438,31,356,512,30,1000
ABprpapaaap:223,ABprpapaaap,223,1578,1578,1578,1578,1578,31,356,512,30,1000
ABprpapaap:202,ABprpapaap,202,718,718,718,718,718,31,356,512,30,1000
ABprpapaapa:260,ABprpapaapa,260,365,365,365,365,365,31,356,512,30,1000
ABprpapaapp:260,ABprpapaapp,260,1137,1137,1137,1137,1137,31,356,512,30,1000
ABprpapap:143,ABprpapap,143,429,429,429,429,429,31,356,512,30,1000
ABprpapapa:193,ABprpapapa,193,897,897,897,897,897,31,356,512,30,1000
ABprpapapaa:260,ABprpapapaa,260,1360,1360,1360,1360,1360,31,356,512,30,1000
ABprpapapap:260,ABprpapapap,260,1257,1257,1257,1257,1257,31,356,512,30,1000
ABprpapapp:194,ABprpapapp,194,690,690,690,690,690,31,356,512,30,1000
ABprpapappa:260,ABprpapappa,260,889,889,889,889,889,31,356,512,30,1000
ABprpapappp:243,ABprpapappp,243,2048,2048,2048,2048,2048,31,356,512,30,1000
ABprpapp:104,ABprpapp,104,198,198,198,198,198,31,356,512,30,1000
ABprpappa:138,ABprpappa,138,405,405,405,405,405,31,356,512,30,1000
ABprpappaa:188,ABprpappaa,188,1002,1002,1002,1002,1002,31,356,512,30,1000
ABprpappaaa:233,ABprpappaaa,233,770,770,770,770,770,31,356,512,30,1000
ABprpappaap:247,ABprpappaap,247,1031,1031,1031,1031,1031,31,356,512,30,1000
ABprpappap:189,ABprpappap,189,657,657,657,657,657,31,356,512,30,1000
ABprpappapa:260,ABprpappapa,260,1071,1071,1071,1071,1071,31,356,512,30,1000
ABprpappapp:260,ABprpappapp,260,1087,1087,1087,1087,1087,31,356,512,30,1000
ABprpappp:140,ABprpappp,140,418,418,418,418,418,31,356,512,30,1000
ABprpapppa:194,ABprpapppa,194,752,752,752,752,752,31,356,512,30,1000
ABprpapppaa:260,ABprpapppaa,260,689,689,689,689,689,31,356,512,30,1000
ABprpapppap:260,ABprpapppap,260,1088,1088,1088,1088,1088,31,356,512,30,1000
ABprpapppp:193,ABprpapppp,193,685,685,685,685,685,31,356,512,30,1000
ABprpappppa:260,ABprpappppa,260,930,930,930,930,930,31,356,512,30,1000
ABprpappppp:260,ABprpappppp,260,594,594,594,594,594,31,356,512,30,1000
ABprpp:56,ABprpp,56,73,73,73,73,73,31,356,512,30,1000
ABprppa:80,ABprppa,80,98,98,98,98,98,31,356,512,30,1000
ABprppaa:112,ABprppaa,112,198,198,198,198,198,31,356,512,30,1000
ABprppaaa:152,ABprppaaa,152,660,660,660,660,660,31,356,512,30,1000
ABprppaaaa:197,ABprppaaaa,197,1232,1232,1232,1232,1232,31,356,512,30,1000
ABprppaaaaa:260,ABprppaaaaa,260,746,746,746,746,746,31,356,512,30,1000
ABprppaaaap:260,ABprppaaaap,260,1002,1002,1002,1002,1002,31,356,512,30,1000
ABprppaaap:260,ABprppaaap,260,731,731,731,731,731,31,356,512,30,1000
ABprppaap:150,ABprppaap,150,226,226,226,226,226,31,356,512,30,1000
ABprppaapa:216,ABprppaapa,216,723,723,723,723,723,31,356,512,30,1000
ABprppaapaa:260,ABprppaapaa,260,1225,1225,1225,1225,1225,31,356,512,30,1000
ABprppaapap:260,ABprppaapap,260,619,619,619,619,619,31,356,512,30,1000
ABprppaapp:207,ABprppaapp,207,631,631,631,631,631,31,356,512,30,1000
ABprppaappa:241,ABprppaappa,241,1116,1116,1116,1116,1116,31,356,512,30,1000
ABprppaappp:260,ABprppaappp,260,1496,1496,1496,1496,1496,31,356,512,30,1000
ABprppap:110,ABprppap,110,135,135,135,135,135,31,356,512,30,1000
ABprppapa:146,ABprppapa,146,461,461,461,461,461,31,356,512,30,1000
ABprppapaa:198,ABprppapaa,198,425,425,425,425,425,31,356,512,30,1000
ABprppapaaa:243,ABprppapaaa,243,795,795,795,795,795,31,356,512,30,1000
ABprppapaap:240,ABprppapaap,240,610,610,610,610,610,31,356,512,30,1000
ABprppapap:213,ABprppapap,213,807,807,807,807,807,31,356,512,30,1000
ABprppapapa:260,ABprppapapa,260,1599,1599,1599,1599,1599,31,356,512,30,1000
ABprppapapp:260,ABprppapapp,260,898,898,898,898,898,31,356,512,30,1000
ABprppapp:150,ABprppapp,150,292,292,292,292,292,31,356,512,30,1000
ABprppappa:209,ABprppappa,209,797,797,797,797,797,31,356,512,30,1000
ABprppappaa:260,ABprppappaa,260,558,558,558,558,558,31,356,512,30,1000
ABprppappap:260,ABprppappap,260,1228,1228,1228,1228,1228,31,356,512,30,1000
ABprppappp:219,ABprppappp,219,649,649,649,649,649,31,356,512,30,1000
ABprppapppa:260,ABprppapppa,260,320,320,320,320,320,31,356,512,30,1000
ABprppapppp:260,ABprppapppp,260,979,979,979,979,979,31,356,512,30,1000
ABprppp:79,ABprppp,79,158,158,158,158,158,31,356,512,30,1000
ABprpppa:108,ABprpppa,108,173,173,173,173,173,31,356,512,30,1000
ABprpppaa:144,ABprpppaa,144,404,404,404,404,404,31,356,512,30,1000
ABprpppaaa:201,ABprpppaaa,201,607,607,607,607,607,31,356,512,30,1000
ABprpppaaaa:233,ABprpppaaaa,233,781,781,781,781,781,31,356,512,30,1000
ABprpppaaap:260,ABprpppaaap,260,843,843,843,843,843,31,356,512,30,1000
ABprpppaap:199,ABprpppaap,199,867,867,867,867,867,31,356,512,30,1000
ABprpppaapa:260,ABprpppaapa,260,988,988,988,988,988,31,356,512,30,1000
ABprpppaapp:245,ABprpppaapp,245,590,590,590,590,590,31,356,512,30,1000
ABprpppap:145,ABprpppap,145,425,425,425,425,425,31,356,512,30,1000
ABprpppapa:183,ABprpppapa,183,442,442,442,442,442,31,356,512,30,1000
ABprpppapaa:258,ABprpppapaa,258,1361,1361,1361,1361,1361,31,356,512,30,1000
ABprpppapap:219,ABprpppapap,219,461,461,461,461,461,31,356,512,30,1000
ABprpppapp:260,ABprpppapp,260,896,896,896,896,896,31,356,512,30,1000
ABprpppp:108,ABprpppp,108,162,162,162,162,162,31,356,512,30,1000
ABprppppa:141,ABprppppa,141,559,559,559,559,559,31,356,512,30,1000
ABprppppaa:196,ABprppppaa,196,896,896,896,896,896,31,356,512,30,1000
ABprppppaaa:260,ABprppppaaa,260,1153,1153,1153,1153,1153,31,356,512,30,1000
ABprppppaap:259,ABprppppaap,259,833,833,833,833,833,31,356,512,30,1000
ABprppppap:190,ABprppppap,190,743,743,743,743,743,31,356,512,30,1000
ABprppppapa:260,ABprppppapa,260,1164,1164,1164,1164,1164,31,356,512,30,1000
ABprppppapp:260,ABprppppapp,260,864,864,864,864,864,31,356,512,30,1000
ABprppppp:144,ABprppppp,144,226,226,226,226,226,31,356,512,30,1000
ABprpppppa:199,ABprpppppa,199,460,460,460,460,460,31,356,512,30,1000
ABprpppppaa:260,ABprpppppaa,260,792,792,792,792,792,31,356,512,30,1000
ABprpppppap:259,ABprpppppap,259,936,936,936,936,936,31,356,512,30,1000
ABprpppppp:196,ABprpppppp,196,855,855,855,855,855,31,356,512,30,1000
ABprppppppa:260,ABprppppppa,260,850,850,850,850,850,31,356,512,30,1000
ABprppppppp:260,ABprppppppp,260,691,691,691,691,691,31,356,512,30,1000
C:29,C,29,0,0,0,0,0,31,356,512,30,1000
Ca:49,Ca,49,0,0,0,0,0,31,356,512,30,1000
Caa:75,Caa,75,0,0,0,0,0,31,356,512,30,1000
Caaa:103,Caaa,103,0,0,0,0,0,31,356,512,30,1000
Caaaa:140,Caaaa,140,0,0,0,0,0,31,356,512,30,1000
Caaaaa:260,Caaaaa,260,63,63,63,63,63,31,356,512,30,1000
Caaaap:260,Caaaap,260,96,96,96,96,96,31,356,512,30,1000
Caaap:139,Caaap,139,49,49,49,49,49,31,356,512,30,1000
Caaapa:260,Caaapa,260,157,157,157,157,157,31,356,512,30,1000
Caaapp:260,Caaapp,260,320,320,320,320,320,31,356,512,30,1000
Caap:110,Caap,110,2,2,2,2,2,31,356,512,30,1000
Caapa:212,Caapa,212,536,536,536,536,536,31,356,512,30,1000
Caapaa:260,Caapaa,260,552,552,552,552,552,31,356,512,30,1000
Caapap:260,Caapap,260,635,635,635,635,635,31,356,512,30,1000
Caapp:154,Caapp,154,213,213,213,213,213,31,356,512,30,1000
Caappd:260,Caappd,260,348,348,348,348,348,31,356,512,30,1000
Caappv:260,Caappv,260,500,500,500,500,500,31,356,512,30,1000
Cap:79,Cap,79,0,0,0,0,0,31,356,512,30,1000
Capa:120,Capa,120,17,17,17,17,17,31,356,512,30,1000
Capaa:160,Capaa,160,341,341,341,341,341,31,356,512,30,1000
Capaaa:213,Capaaa,213,133,133,133,133,133,31,356,512,30,1000
Capaaaa:260,Capaaaa,260,53,53,53,53,53,31,356,512,30,1000
Capaaap:260,Capaaap,260,363,363,363,363,363,31,356,512,30,1000
Capaap:224,Capaap,224,529,529,529,529,529,31,356,512,30,1000
Capaapa:260,Capaapa,260,160,160,160,160,160,31,356,512,30,1000
Capaapp:260,Capaapp,260,148,148,148,148,148,31,356,512,30,1000
Capap:163,Capap,163,442,442,442,442,442,31,356,512,30,1000
Capapa:220,Capapa,220,160,160,160,160,160,31,356,512,30,1000
Capapaa:260,Capapaa,260,0,0,0,0,0,31,356,512,30,1000
Capapap:260,Capapap,260,61,61,61,61,61,31,356,512,30,1000
Capapp:228,Capapp,228,374,374,374,374,374,31,356,512,30,1000
Capappa:260,Capappa,260,328,328,328,328,328,31,356,512,30,1000
Capappp:260,Capappp,260,627,627,627,627,627,31,356,512,30,1000
Capp:118,Capp,118,48,48,48,48,48,31,356,512,30,1000
Cappa:157,Cappa,157,121,121,121,121,121,31,356,512,30,1000
Cappaa:207,Cappaa,207,73,73,73,73,73,31,356,512,30,1000
Cappaaa:260,Cappaaa,260,91,91,91,91,91,31,356,512,30,1000
Cappaap:260,Cappaap,260,148,148,148,148,148,31,356,512,30,1000
Cappap:216,Cappap,216,189,189,189,189,189,31,356,512,30,1000
Cappapa:260,Cappapa,260,193,193,193,193,193,31,356,512,30,1000
Cappapp:260,Cappapp,260,330,330,330,330,330,31,356,512,30,1000
Cappp:158,Cappp,158,275,275,275,275,275,31,356,512,30,1000
Capppa:214,Capppa,214,185,185,185,185,185,31,356,512,30,1000
Capppaa:260,Capppaa,260,60,60,60,60,60,31,356,512,30,1000
Capppap:260,Capppap,260,119,119,119,119,119,31,356,512,30,1000
Capppp:224,Capppp,224,542,542,542,542,542,31,356,512,30,1000
Cappppd:260,Cappppd,260,578,578,578,578,578,31,356,512,30,1000
Cappppv:260,Cappppv,260,417,417,417,417,417,31,356,512,30,1000
Cp:50,Cp,50,0,0,0,0,0,31,356,512,30,1000
Cpa:75,Cpa,75,0,0,0,0,0,31,356,512,30,1000
Cpaa:103,Cpaa,103,0,0,0,0,0,31,356,512,30,1000
Cpaaa:141,Cpaaa,141,0,0,0,0,0,31,356,512,30,1000
Cpaaaa:260,Cpaaaa,260,57,57,57,57,57,31,356,512,30,1000
Cpaaap:260,Cpaaap,260,73,73,73,73,73,31,356,512,30,1000
Cpaap:138,Cpaap,138,0,0,0,0,0,31,356,512,30,1000
Cpaapa:260,Cpaapa,260,83,83,83,83,83,31,356,512,30,1000
Cpaapp:260,Cpaapp,260,126,126,126,126,126,31,356,512,30,1000
Cpap:105,Cpap,105,0,0,0,0,0,31,356,512,30,1000
Cpapa:147,Cpapa,147,41,41,41,41,41,31,356,512,30,1000
Cpapaa:260,Cpapaa,260,205,205,205,205,205,31,356,512,30,1000
Cpapap:260,Cpapap,260,162,162,162,162,162,31,356,512,30,1000
Cpapp:147,Cpapp,147,252,252,252,252,252,31,356,512,30,1000
Cpappd:252,Cpappd,252,254,254,254,254,254,31,356,512,30,1000
Cpappv:253,Cpappv,253,680,680,680,680,680,31,356,512,30,1000
Cpp:79,Cpp,79,0,0,0,0,0,31,356,512,30,1000
Cppa:118,Cppa,118,102,102,102,102,102,31,356,512,30,1000
Cppaa:165,Cppaa,165,370,370,370,370,370,31,356,512,30,1000
Cppaaa:219,Cppaaa,219,230,230,230,230,230,31,356,512,30,1000
Cppaaaa:260,Cppaaaa,260,580,580,580,580,580,31,356,512,30,1000
Cppaaap:260,Cppaaap,260,338,338,338,338,338,31,356,512,30,1000
Cppaap:230,Cppaap,230,287,287,287,287,287,31,356,512,30,1000
Cppaapa:260,Cppaapa,260,574,574,574,574,574,31,356,512,30,1000
Cppaapp:260,Cppaapp,260,1002,1002,1002,1002,1002,31,356,512,30,1000
Cppap:165,Cppap,165,456,456,456,456,456,31,356,512,30,1000
Cppapa:221,Cppapa,221,310,310,310,310,310,31,356,512,30,1000
Cppapaa:260,Cppapaa,260,181,181,181,181,181,31,356,512,30,1000
Cppapap:260,Cppapap,260,326,326,326,326,326,31,356,512,30,1000
Cppapp:229,Cppapp,229,423,423,423,423,423,31,356,512,30,1000
Cppappa:260,Cppappa,260,742,742,742,742,742,31,356,512,30,1000
Cppappp:260,Cppappp,260,972,972,972,972,972,31,356,512,30,1000
Cppp:113,Cppp,113,20,20,20,20,20,31,356,512,30,1000
Cpppa:156,Cpppa,156,231,231,231,231,231,31,356,512,30,1000
Cpppaa:205,Cpppaa,205,284,284,284,284,284,31,356,512,30,1000
Cpppaaa:260,Cpppaaa,260,187,187,187,187,187,31,356,512,30,1000
Cpppaap:260,Cpppaap,260,58,58,58,58,58,31,356,512,30,1000
Cpppap:213,Cpppap,213,430,430,430,430,430,31,356,512,30,1000
Cpppapa:260,Cpppapa,260,392,392,392,392,392,31,356,512,30,1000
Cpppapp:260,Cpppapp,260,277,277,277,277,277,31,356,512,30,1000
Cpppp:158,Cpppp,158,237,237,237,237,237,31,356,512,30,1000
Cppppa:209,Cppppa,209,390,390,390,390,390,31,356,512,30,1000
Cppppaa:260,Cppppaa,260,319,319,319,319,319,31,356,512,30,1000
Cppppap:260,Cppppap,260,297,297,297,297,297,31,356,512,30,1000
Cppppp:216,Cppppp,216,582,582,582,582,582,31,356,512,30,1000
Cpppppd:260,Cpppppd,260,219,219,219,219,219,31,356,512,30,1000
Cpppppv:260,Cpppppv,260,751,751,751,751,751,31,356,512,30,1000
D:65,D,65,0,0,0,0,0,31,356,512,30,1000
Da:100,Da,100,31,31,31,31,31,31,356,512,30,1000
Daa:138,Daa,138,391,391,391,391,391,31,356,512,30,1000
Daaa:186,Daaa,186,192,192,192,192,192,31,356,512,30,1000
Daaaa:260,Daaaa,260,353,353,353,353,353,31,356,512,30,1000
Daaap:260,Daaap,260,242,242,242,242,242,31,356,512,30,1000
Daap:188,Daap,188,60,60,60,60,60,31,356,512,30,1000
Daapa:260,Daapa,260,279,279,279,279,279,31,356,512,30,1000
Daapp:260,Daapp,260,406,406,406,406,406,31,356,512,30,1000
Dap:133,Dap,133,53,53,53,53,53,31,356,512,30,1000
Dapa:182,Dapa,182,29,29,29,29,29,31,356,512,30,1000
Dapaa:260,Dapaa,260,124,124,124,124,124,31,356,512,30,1000
Dapap:260,Dapap,260,188,188,188,188,188,31,356,512,30,1000
Dapp:176,Dapp,176,84,84,84,84,84,31,356,512,30,1000
Dappa:232,Dappa,232,67,67,67,67,67,31,356,512,30,1000
Dappaa:260,Dappaa,260,143,143,143,143,143,31,356,512,30,1000
Dappap:260,Dappap,260,3,3,3,3,3,31,356,512,30,1000
Dappp:243,Dappp,243,63,63,63,63,63,31,356,512,30,1000
Dapppa:260,Dapppa,260,206,206,206,206,206,31,356,512,30,1000
Dapppp:260,Dapppp,260,109,109,109,109,109,31,356,512,30,1000
Dp:100,Dp,100,117,117,117,117,117,31,356,512,30,1000
Dpa:137,Dpa,137,344,344,344,344,344,31,356,512,30,1000
Dpaa:182,Dpaa,182,254,254,254,254,254,31,356,512,30,1000
Dpaaa:260,Dpaaa,260,597,597,597,597,597,31,356,512,30,1000
Dpaap:260,Dpaap,260,271,271,271,271,271,31,356,512,30,1000
Dpap:189,Dpap,189,196,196,196,196,196,31,356,512,30,1000
Dpapa:260,Dpapa,260,409,409,409,409,409,31,356,512,30,1000
Dpapp:237,Dpapp,237,652,652,652,652,652,31,356,512,30,1000
Dpp:134,Dpp,134,288,288,288,288,288,31,356,512,30,1000
Dppa:179,Dppa,179,187,187,187,187,187,31,356,512,30,1000
Dppaa:260,Dppaa,260,264,264,264,264,264,31,356,512,30,1000
Dppap:260,Dppap,260,278,278,278,278,278,31,356,512,30,1000
Dppp:178,Dppp,178,294,294,294,294,294,31,356,512,30,1000
Dpppa:238,Dpppa,238,26,26,26,26,26,31,356,512,30,1000
Dpppaa:260,Dpppaa,260,142,142,142,142,142,31,356,512,30,1000
Dpppap:260,Dpppap,260,183,183,183,183,183,31,356,512,30,1000
Dpppp:250,Dpppp,250,13,13,13,13,13,31,356,512,30,1000
Dppppa:260,Dppppa,260,155,155,155,155,155,31,356,512,30,1000
Dppppp:260,Dppppp,260,196,196,196,196,196,31,356,512,30,1000
E:26,E,26,0,0,0,0,0,31,356,512,30,1000
EMS:11,EMS,11,28,28,28,28,28,31,356,512,30,1000
Ea:59,Ea,59,17,17,17,17,17,31,356,512,30,1000
Eal:95,Eal,95,0,0,0,0,0,31,356,512,30,1000
Eala:152,Eala,152,13,13,13,13,13,31,356,512,30,1000
Ealaa:260,Ealaa,260,65,65,65,65,65,31,356,512,30,1000
Ealap:260,Ealap,260,10,10,10,10,10,31,356,512,30,1000
Ealp:151,Ealp,151,14,14,14,14,14,31,356,512,30,1000
Ealpa:260,Ealpa,260,115,115,115,115,115,31,356,512,30,1000
Ealpp:260,Ealpp,260,24,24,24,24,24,31,356,512,30,1000
Ear:98,Ear,98,36,36,36,36,36,31,356,512,30,1000
Eara:156,Eara,156,6,6,6,6,6,31,356,512,30,1000
Earaa:260,Earaa,260,148,148,148,148,148,31,356,512,30,1000
Earap:260,Earap,260,47,47,47,47,47,31,356,512,30,1000
Earp:161,Earp,161,5,5,5,5,5,31,356,512,30,1000
Earpa:260,Earpa,260,150,150,150,150,150,31,356,512,30,1000
Earpp:260,Earpp,260,79,79,79,79,79,31,356,512,30,1000
Ep:62,Ep,62,0,0,0,0,0,31,356,512,30,1000
Epl:98,Epl,98,2,2,2,2,2,31,356,512,30,1000
Epla:157,Epla,157,2,2,2,2,2,31,356,512,30,1000
Eplaa:260,Eplaa,260,23,23,23,23,23,31,356,512,30,1000
Eplap:260,Eplap,260,43,43,43,43,43,31,356,512,30,1000
Eplp:162,Eplp,162,25,25,25,25,25,31,356,512,30,1000
Eplpa:260,Eplpa,260,11,11,11,11,11,31,356,512,30,1000
Eplpp:260,Eplpp,260,266,266,266,266,266,31,356,512,30,1000
Epr:101,Epr,101,74,74,74,74,74,31,356,512,30,1000
Epra:160,Epra,160,12,12,12,12,12,31,356,512,30,1000
Epraa:260,Epraa,260,68,68,68,68,68,31,356,512,30,1000
Eprap:260,Eprap,260,98,98,98,98,98,31,356,512,30,1000
Eprp:166,Eprp,166,38,38,38,38,38,31,356,512,30,1000
Eprpa:260,Eprpa,260,43,43,43,43,43,31,356,512,30,1000
Eprpp:260,Eprpp,260,106,106,106,106,106,31,356,512,30,1000
MS:26,MS,26,20,20,20,20,20,31,356,512,30,1000
MSa:44,MSa,44,100,100,100,100,100,31,356,512,30,1000
MSaa:65,MSaa,65,88,88,88,88,88,31,356,512,30,1000
MSaaa:88,MSaaa,88,224,224,224,224,224,31,356,512,30,1000
MSaaaa:114,MSaaaa,114,214,214,214,214,214,31,356,512,30,1000
MSaaaaa:145,MSaaaaa,145,82,82,82,82,82,31,356,512,30,1000
MSaaaaaa:230,MSaaaaaa,230,4306,4306,4306,4306,4306,31,356,512,30,1000
MSaaaaaal:260,MSaaaaaal,260,4085,4085,4085,4085,4085,31,356,512,30,1000
MSaaaaaar:260,MSaaaaaar,260,3512,3512,3512,3512,3512,31,356,512,30,1000
MSaaaaap:181,MSaaaaap,181,2314,2314,2314,2314,2314,31,356,512,30,1000
MSaaaaapa:238,MSaaaaapa,238,4867,4867,4867,4867,4867,31,356,512,30,1000
MSaaaaapaa:260,MSaaaaapaa,260,1369,1369,1369,1369,1369,31,356,512,30,1000
MSaaaaapap:260,MSaaaaapap,260,2079,2079,2079,2079,2079,31,356,512,30,1000
MSaaaaapp:260,MSaaaaapp,260,3230,3230,3230,3230,3230,31,356,512,30,1000
MSaaaap:153,MSaaaap,153,22,22,22,22,22,31,356,512,30,1000
MSaaaapa:198,MSaaaapa,198,2,2,2,2,2,31,356,512,30,1000
MSaaaapaa:260,MSaaaapaa,260,222,222,222,222,222,31,356,512,30,1000
MSaaaapap:260,MSaaaapap,260,251,251,251,251,251,31,356,512,30,1000
MSaaaapp:204,MSaaaapp,204,85,85,85,85,85,31,356,512,30,1000
MSaaaappa:260,MSaaaappa,260,582,582,582,582,582,31,356,512,30,1000
MSaaaappp:260,MSaaaappp,260,182,182,182,182,182,31,356,512,30,1000
MSaaap:117,MSaaap,117,326,326,326,326,326,31,356,512,30,1000
MSaaapa:146,MSaaapa,146,93,93,93,93,93,31,356,512,30,1000
MSaaapaa:184,MSaaapaa,184,2378,2378,2378,2378,2378,31,356,512,30,1000
MSaaapaaa:260,MSaaapaaa,260,2781,2781,2781,2781,2781,31,356,512,30,1000
MSaaapaap:260,MSaaapaap,260,2478,2478,2478,2478,2478,31,356,512,30,1000
MSaaapap:192,MSaaapap,192,2273,2273,2273,2273,2273,31,356,512,30,1000
MSaaapapa:260,MSaaapapa,260,1650,1650,1650,1650,1650,31,356,512,30,1000
MSaaapapp:260,MSaaapapp,260,1858,1858,1858,1858,1858,31,356,512,30,1000
MSaaapp:171,MSaaapp,171,139,139,139,139,139,31,356,512,30,1000
MSaaappa:260,MSaaappa,260,555,555,555,555,555,31,356,512,30,1000
MSaaappp:260,MSaaappp,260,81,81,81,81,81,31,356,512,30,1000
MSaap:88,MSaap,88,107,107,107,107,107,31,356,512,30,1000
MSaapa:114,MSaapa,114,153,153,153,153,153,31,356,512,30,1000
MSaapaa:147,MSaapaa,147,533,533,533,533,533,31,356,512,30,1000
MSaapaaa:190,MSaapaaa,190,524,524,524,524,524,31,356,512,30,1000
MSaapaaaa:216,MSaapaaaa,216,776,776,776,776,776,31,356,512,30,1000
MSaapaaap:260,MSaapaaap,260,460,460,460,460,460,31,356,512,30,1000
MSaapaap:187,MSaapaap,187,66,66,66,66,66,31,356,512,30,1000
MSaapaapa:260,MSaapaapa,260,390,390,390,390,390,31,356,512,30,1000
MSaapaapp:260,MSaapaapp,260,237,237,237,237,237,31,356,512,30,1000
MSaapap:151,MSaapap,151,616,616,616,616,616,31,356,512,30,1000
MSaapapa:239,MSaapapa,239,245,245,245,245,245,31,356,512,30,1000
MSaapapaa:260,MSaapapaa,260,531,531,531,531,531,31,356,512,30,1000
MSaapapap:260,MSaapapap,260,172,172,172,172,172,31,356,512,30,1000
MSaapapp:194,MSaapapp,194,565,565,565,565,565,31,356,512,30,1000
MSaapappa:260,MSaapappa,260,294,294,294,294,294,31,356,512,30,1000
MSaapappp:219,MSaapappp,219,904,904,904,904,904,31,356,512,30,1000
MSaapp:120,MSaapp,120,181,181,181,181,181,31,356,512,30,1000
MSaappa:183,MSaappa,183,730,730,730,730,730,31,356,512,30,1000
MSaappaa:260,MSaappaa,260,420,420,420,420,420,31,356,512,30,1000
MSaappap:260,MSaappap,260,557,557,557,557,557,31,356,512,30,1000
MSaappp:176,MSaappp,176,583,583,583,583,583,31,356,512,30,1000
MSaapppa:232,MSaapppa,232,408,408,408,408,408,31,356,512,30,1000
MSaapppaa:254,MSaapppaa,254,1123,1123,1123,1123,1123,31,356,512,30,1000
MSaapppap:260,MSaapppap,260,379,379,379,379,379,31,356,512,30,1000
MSaapppp:242,MSaapppp,242,332,332,332,332,332,31,356,512,30,1000
MSap:66,MSap,66,57,57,57,57,57,31,356,512,30,1000
MSapa:92,MSapa,92,41,41,41,41,41,31,356,512,30,1000
MSapaa:122,MSapaa,122,181,181,181,181,181,31,356,512,30,1000
MSapaaa:160,MSapaaa,160,127,127,127,127,127,31,356,512,30,1000
MSapaaaa:260,MSapaaaa,260,270,270,270,270,270,31,356,512,30,1000
MSapaaap:260,MSapaaap,260,98,98,98,98,98,31,356,512,30,1000
MSapaap:174,MSapaap,174,166,166,166,166,166,31,356,512,30,1000
MSapaapa:260,MSapaapa,260,1448,1448,1448,1448,1448,31,356,512,30,1000
MSapaapp:260,MSapaapp,260,742,742,742,742,742,31,356,512,30,1000
MSapap:123,MSapap,123,233,233,233,233,233,31,356,512,30,1000
MSapapa:160,MSapapa,160,413,413,413,413,413,31,356,512,30,1000
MSapapaa:260,MSapapaa,260,542,542,542,542,542,31,356,512,30,1000
MSapapap:240,MSapapap,240,1202,1202,1202,1202,1202,31,356,512,30,1000
MSapapp:165,MSapapp,165,207,207,207,207,207,31,356,512,30,1000
MSapappa:260,MSapappa,260,162,162,162,162,162,31,356,512,30,1000
MSapappp:260,MSapappp,260,836,836,836,836,836,31,356,512,30,1000
MSapp:92,MSapp,92,58,58,58,58,58,31,356,512,30,1000
MSappa:128,MSappa,128,188,188,188,188,188,31,356,512,30,1000
MSappaa:183,MSappaa,183,276,276,276,276,276,31,356,512,30,1000
MSappaaa:260,MSappaaa,260,242,242,242,242,242,31,356,512,30,1000
MSappaap:260,MSappaap,260,577,577,577,577,577,31,356,512,30,1000
MSappap:188,MSappap,188,417,417,417,417,417,31,356,512,30,1000
MSappapa:220,MSappapa,220,751,751,751,751,751,31,356,512,30,1000
MSappapp:260,MSappapp,260,411,411,411,411,411,31,356,512,30,1000
MSappp:126,MSappp,126,112,112,112,112,112,31,356,512,30,1000
MSapppa:170,MSapppa,170,123,123,123,123,123,31,356,512,30,1000
MSapppaa:240,MSapppaa,240,764,764,764,764,764,31,356,512,30,1000
MSapppap:260,MSapppap,260,222,222,222,222,222,31,356,512,30,1000
MSapppp:173,MSapppp,173,169,169,169,169,169,31,356,512,30,1000
MSappppa:260,MSappppa,260,141,141,141,141,141,31,356,512,30,1000
MSappppp:260,MSappppp,260,85,85,85,85,85,31,356,512,30,1000
MSp:44,MSp,44,44,44,44,44,44,31,356,512,30,1000
MSpa:66,MSpa,66,0,0,0,0,0,31,356,512,30,1000
MSpaa:90,MSpaa,90,206,206,206,206,206,31,356,512,30,1000
MSpaaa:117,MSpaaa,117,168,168,168,168,168,31,356,512,30,1000
MSpaaaa:149,MSpaaaa,149,264,264,264,264,264,31,356,512,30,1000
MSpaaaaa:224,MSpaaaaa,224,122,122,122,122,122,31,356,512,30,1000
MSpaaaaaa:260,MSpaaaaaa,260,460,460,460,460,460,31,356,512,30,1000
MSpaaaaap:260,MSpaaaaap,260,466,466,466,466,466,31,356,512,30,1000
MSpaaaap:190,MSpaaaap,190,97,97,97,97,97,31,356,512,30,1000
MSpaaaapa:260,MSpaaaapa,260,508,508,508,508,508,31,356,512,30,1000
MSpaaaapp:226,MSpaaaapp,226,841,841,841,841,841,31,356,512,30,1000
MSpaaap:148,MSpaaap,148,204,204,204,204,204,31,356,512,30,1000
MSpaaapa:211,MSpaaapa,211,53,53,53,53,53,31,356,512,30,1000
MSpaaapaa:260,MSpaaapaa,260,217,217,217,217,217,31,356,512,30,1000
MSpaaapap:260,MSpaaapap,260,309,309,309,309,309,31,356,512,30,1000
MSpaaapp:187,MSpaaapp,187,45,45,45,45,45,31,356,512,30,1000
MSpaaappa:260,MSpaaappa,260,217,217,217,217,217,31,356,512,30,1000
MSpaaappp:260,MSpaaappp,260,170,170,170,170,170,31,356,512,30,1000
MSpaap:122,MSpaap,122,219,219,219,219,219,31,356,512,30,1000
MSpaapa:155,MSpaapa,155,89,89,89,89,89,31,356,512,30,1000
MSpaapaa:214,MSpaapaa,214,3785,3785,3785,3785,3785,31,356,512,30,1000
MSpaapaaa:260,MSpaapaaa,260,4892,4892,4892,4892,4892,31,356,512,30,1000
MSpaapaap:260,MSpaapaap,260,4667,4667,4667,4667,4667,31,356,512,30,1000
MSpaapap:195,MSpaapap,195,3843,3843,3843,3843,3843,31,356,512,30,1000
MSpaapapa:260,MSpaapapa,260,2547,2547,2547,2547,2547,31,356,512,30,1000
MSpaapapp:260,MSpaapapp,260,4691,4691,4691,4691,4691,31,356,512,30,1000
MSpaapp:260,MSpaapp,260,574,574,574,574,574,31,356,512,30,1000
MSpap:90,MSpap,90,445,445,445,445,445,31,356,512,30,1000
MSpapa:117,MSpapa,117,290,290,290,290,290,31,356,512,30,1000
MSpapaa:148,MSpapaa,148,522,522,522,522,522,31,356,512,30,1000
MSpapaaa:193,MSpapaaa,193,202,202,202,202,202,31,356,512,30,1000
MSpapaaaa:216,MSpapaaaa,216,323,323,323,323,323,31,356,512,30,1000
MSpapaaap:260,MSpapaaap,260,591,591,591,591,591,31,356,512,30,1000
MSpapaap:187,MSpapaap,187,242,242,242,242,242,31,356,512,30,1000
MSpapaapa:260,MSpapaapa,260,317,317,317,317,317,31,356,512,30,1000
MSpapaapp:260,MSpapaapp,260,128,128,128,128,128,31,356,512,30,1000
MSpapap:154,MSpapap,154,568,568,568,568,568,31,356,512,30,1000
MSpapapa:240,MSpapapa,240,530,530,530,530,530,31,356,512,30,1000
MSpapapaa:260,MSpapapaa,260,572,572,572,572,572,31,356,512,30,1000
MSpapapap:260,MSpapapap,260,1291,1291,1291,1291,1291,31,356,512,30,1000
MSpapapp:198,MSpapapp,198,431,431,431,431,431,31,356,512,30,1000
MSpapappa:246,MSpapappa,246,557,557,557,557,557,31,356,512,30,1000
MSpapappp:260,MSpapappp,260,488,488,488,488,488,31,356,512,30,1000
MSpapp:124,MSpapp,124,387,387,387,387,387,31,356,512,30,1000
MSpappa:185,MSpappa,185,653,653,653,653,653,31,356,512,30,1000
MSpappaa:260,MSpappaa,260,847,847,847,847,847,31,356,512,30,1000
MSpappap:234,MSpappap,234,305,305,305,305,305,31,356,512,30,1000
MSpappp:173,MSpappp,173,503,503,503,503,503,31,356,512,30,1000
MSpapppa:237,MSpapppa,237,415,415,415,415,415,31,356,512,30,1000
MSpapppaa:260,MSpapppaa,260,832,832,832,832,832,31,356,512,30,1000
MSpapppap:260,MSpapppap,260,451,451,451,451,451,31,356,512,30,1000
MSpapppp:248,MSpapppp,248,718,718,718,718,718,31,356,512,30,1000
MSpappppa:260,MSpappppa,260,680,680,680,680,680,31,356,512,30,1000
MSpappppp:260,MSpappppp,260,987,987,987,987,987,31,356,512,30,1000
MSpp:67,MSpp,67,141,141,141,141,141,31,356,512,30,1000
MSppa:92,MSppa,92,418,418,418,418,418,31,356,512,30,1000
MSppaa:123,MSppaa,123,210,210,210,210,210,31,356,512,30,1000
MSppaaa:160,MSppaaa,160,300,300,300,300,300,31,356,512,30,1000
MSppaaaa:260,MSppaaaa,260,281,281,281,281,281,31,356,512,30,1000
MSppaaap:260,MSppaaap,260,264,264,264,264,264,31,356,512,30,1000
MSppaap:177,MSppaap,177,198,198,198,198,198,31,356,512,30,1000
MSppaapa:216,MSppaapa,216,1142,1142,1142,1142,1142,31,356,512,30,1000
MSppaapp:247,MSppaapp,247,815,815,815,815,815,31,356,512,30,1000
MSppap:124,MSppap,124,318,318,318,318,318,31,356,512,30,1000
MSppapa:162,MSppapa,162,256,256,256,256,256,31,356,512,30,1000
MSppapaa:260,MSppapaa,260,472,472,472,472,472,31,356,512,30,1000
MSppapap:219,MSppapap,219,334,334,334,334,334,31,356,512,30,1000
MSppapp:168,MSppapp,168,216,216,216,216,216,31,356,512,30,1000
MSppappa:260,MSppappa,260,119,119,119,119,119,31,356,512,30,1000
MSppappp:260,MSppappp,260,104,104,104,104,104,31,356,512,30,1000
MSppp:92,MSppp,92,408,408,408,408,408,31,356,512,30,1000
MSpppa:125,MSpppa,125,387,387,387,387,387,31,356,512,30,1000
MSpppaa:173,MSpppaa,173,387,387,387,387,387,31,356,512,30,1000
MSpppaaa:260,MSpppaaa,260,766,766,766,766,766,31,356,512,30,1000
MSpppaap:260,MSpppaap,260,694,694,694,694,694,31,356,512,30,1000
MSpppap:179,MSpppap,179,493,493,493,493,493,31,356,512,30,1000
MSpppapa:208,MSpppapa,208,1281,1281,1281,1281,1281,31,356,512,30,1000
MSpppapp:260,MSpppapp,260,590,590,590,590,590,31,356,512,30,1000
MSpppp:125,MSpppp,125,194,194,194,194,194,31,356,512,30,1000
MSppppa:171,MSppppa,171,226,226,226,226,226,31,356,512,30,1000
MSppppaa:260,MSppppaa,260,441,441,441,441,441,31,356,512,30,1000
MSppppap:246,MSppppap,246,145,145,145,145,145,31,356,512,30,1000
MSppppp:176,MSppppp,176,190,190,190,190,190,31,356,512,30,1000
MSpppppa:260,MSpppppa,260,50,50,50,50,50,31,356,512,30,1000
MSpppppp:260,MSpppppp,260,206,206,206,206,206,31,356,512,30,1000
P2:14,P2,14,0,0,0,0,0,31,356,512,30,1000
P3:35,P3,35,0,0,0,0,0,31,356,512,30,1000
P4:91,P4,91,74,74,74,74,74,31,356,512,30,1000
Z2:260,Z2,260,401,401,401,401,401,31,356,512,30,1000
Z3:260,Z3,260,396,396,396,396,396,31,356,512,30,1000
